INSERT INTO users (id, authtoken, basicinfo_fathername, basicinfo_firstname, basicinfo_lastname, basicinfolatin_fathername, basicinfolatin_firstname, basicinfolatin_lastname, contactinfo_address_city, contactinfo_address_country, contactinfo_address_number, contactinfo_address_street, contactinfo_address_zip, contactinfo_email, contactinfo_mobile, identification, lastlogindate, password, passwordsalt, registrationdate, registrationtype, shibpersonaluniquecode, status, statusdate, username, verificationnumber, version) VALUES (1, 'l5jbeD4HO6xtI26631uELZ3jCDg=', 'ΌνομαΠατρός', 'Ονομα', 'Επώνυμο', 'Fathername', 'Firstname', 'Lastname', 'Αθήνα', 'Ελλάδα', '30', 'Οδός Διαχειριστών', '11363', 'admin@apella.gr', '6900000000', NULL, NULL, 'hNOCXEZfAxgjvRQMGlk7tuXfMk0=', 'QLYo0saNqlODWg==', '2012-07-04 15:49:29.109', 'REGISTRATION_FORM', NULL, 'ACTIVE', '2012-07-04 15:49:29.109', 'admin@apella.gr', NULL, 94);
INSERT INTO users (id, authtoken, basicinfo_fathername, basicinfo_firstname, basicinfo_lastname, basicinfolatin_fathername, basicinfolatin_firstname, basicinfolatin_lastname, contactinfo_address_city, contactinfo_address_country, contactinfo_address_number, contactinfo_address_street, contactinfo_address_zip, contactinfo_email, contactinfo_mobile, identification, lastlogindate, password, passwordsalt, registrationdate, registrationtype, shibpersonaluniquecode, status, statusdate, username, verificationnumber, version) VALUES (2, 'UjL6ATVA4gQawidNJY4ytQu5T6Q=', 'ΌνομαΠατρός', 'Ονομα', 'Επώνυμο', 'Fathername', 'Firstname', 'Lastname', 'Αθήνα', 'Ελλάδα', '30', 'Οδός Διαχειριστών', '11363', 'ministry@apella.gr', '6900000000', NULL, NULL, 'hNOCXEZfAxgjvRQMGlk7tuXfMk0=', 'QLYo0saNqlODWg==', '2012-07-04 15:49:29.109', 'REGISTRATION_FORM', NULL, 'ACTIVE', '2012-11-06 13:23:48.271', 'ministry@apella.gr', NULL, 65);


INSERT INTO roles (id, discriminator, status, statusdate, statusenddate, version, user_id) VALUES (1, 'ADMINISTRATOR', 'ACTIVE', '2012-09-05 13:29:18.221', NULL, 0, 1);
INSERT INTO roles (id, discriminator, status, statusdate, statusenddate, version, user_id) VALUES (2, 'MINISTRY_MANAGER', 'ACTIVE', '2012-11-06 13:23:12.182', NULL, 6, 2);

INSERT INTO administrator (id) VALUES (1);

INSERT INTO ministrymanager (ministry, id) VALUES ('Παιδείας',2);

INSERT INTO institution (id, name, registrationtype, version) VALUES (1, 'ΑΛΕΞΑΝΔΡΕΙΟ ΤΕΙ ΘΕΣΣΑΛΟΝΙΚΗΣ', 'REGISTRATION_FORM', 1);
INSERT INTO institution (id, name, registrationtype, version) VALUES (44, 'Ελληνικό Ανοιχτό Πανεπιστήμιο', 'REGISTRATION_FORM', 0);
INSERT INTO institution (id, name, registrationtype, version) VALUES (2, 'ΑΝΩΤΑΤΗ ΕΚΚΛΗΣΙΑΣΤΙΚΗ ΑΚΑΔΗΜΙΑ ΑΘΗΝΑΣ', 'REGISTRATION_FORM', 2);
INSERT INTO institution (id, name, registrationtype, version) VALUES (3, 'ΑΝΩΤΑΤΗ ΕΚΚΛΗΣΙΑΣΤΙΚΗ ΑΚΑΔΗΜΙΑ ΒΕΛΛΑΣ ΙΩΑΝΝΙΝΩΝ', 'REGISTRATION_FORM', 2);
INSERT INTO institution (id, name, registrationtype, version) VALUES (4, 'ΑΝΩΤΑΤΗ ΕΚΚΛΗΣΙΑΣΤΙΚΗ ΑΚΑΔΗΜΙΑ ΗΡΑΚΛΕΙΟΥ ΚΡΗΤΗΣ', 'REGISTRATION_FORM', 2);
INSERT INTO institution (id, name, registrationtype, version) VALUES (5, 'ΑΝΩΤΑΤΗ ΕΚΚΛΗΣΙΑΣΤΙΚΗ ΑΚΑΔΗΜΙΑ ΘΕΣΣΑΛΟΝΙΚΗΣ', 'REGISTRATION_FORM', 2);
INSERT INTO institution (id, name, registrationtype, version) VALUES (6, 'ΑΝΩΤΑΤΗ ΣΧΟΛΗ ΚΑΛΩΝ ΤΕΧΝΩΝ', 'REGISTRATION_FORM', 0);
INSERT INTO institution (id, name, registrationtype, version) VALUES (8, 'ΑΡΙΣΤΟΤΕΛΕΙΟ ΠΑΝΕΠΙΣΤΗΜΙΟ ΘΕΣ/ΝΙΚΗΣ', 'REGISTRATION_FORM', 0);
INSERT INTO institution (id, name, registrationtype, version) VALUES (9, 'ΑΣΠΑΙΤΕ', 'REGISTRATION_FORM', 1);
INSERT INTO institution (id, name, registrationtype, version) VALUES (10, 'ΓΕΩΠΟΝΙΚΟ ΠΑΝΕΠΙΣΤΗΜΙΟ ΑΘΗΝΩΝ', 'REGISTRATION_FORM', 0);
INSERT INTO institution (id, name, registrationtype, version) VALUES (11, 'ΔΗΜΟΚΡΙΤΕΙΟ ΠΑΝΕΠΙΣΤΗΜΙΟ ΘΡΑΚΗΣ', 'REGISTRATION_FORM', 0);
INSERT INTO institution (id, name, registrationtype, version) VALUES (14, 'ΙΟΝΙΟ ΠΑΝΕΠΙΣΤΗΜΙΟ', 'REGISTRATION_FORM', 0);
INSERT INTO institution (id, name, registrationtype, version) VALUES (15, 'ΟΙΚΟΝΟΜΙΚΟ ΠΑΝΕΠΙΣΤΗΜΙΟ ΑΘΗΝΩΝ', 'REGISTRATION_FORM', 0);
INSERT INTO institution (id, name, registrationtype, version) VALUES (16, 'ΠΑΝΕΠΙΣΤΗΜΙΟ ΑΙΓΑΙΟΥ', 'REGISTRATION_FORM', 0);
INSERT INTO institution (id, name, registrationtype, version) VALUES (17, 'ΠΑΝΕΠΙΣΤΗΜΙΟ ΔΥΤΙΚΗΣ ΕΛΛΑΔΑΣ', 'REGISTRATION_FORM', 0);
INSERT INTO institution (id, name, registrationtype, version) VALUES (18, 'ΠΑΝΕΠΙΣΤΗΜΙΟ ΔΥΤΙΚΗΣ ΜΑΚΕΔΟΝΙΑΣ', 'REGISTRATION_FORM', 0);
INSERT INTO institution (id, name, registrationtype, version) VALUES (19, 'ΠΑΝΕΠΙΣΤΗΜΙΟ ΘΕΣΣΑΛΙΑΣ', 'REGISTRATION_FORM', 0);
INSERT INTO institution (id, name, registrationtype, version) VALUES (20, 'ΠΑΝΕΠΙΣΤΗΜΙΟ ΙΩΑΝΝΙΝΩΝ', 'REGISTRATION_FORM', 0);
INSERT INTO institution (id, name, registrationtype, version) VALUES (21, 'ΠΑΝΕΠΙΣΤΗΜΙΟ ΚΡΗΤΗΣ', 'REGISTRATION_FORM', 0);
INSERT INTO institution (id, name, registrationtype, version) VALUES (22, 'ΠΑΝΕΠΙΣΤΗΜΙΟ ΜΑΚΕΔΟΝΙΑΣ ΟΙΚΟΝΟΜΙΚΩΝ & ΚΟΙΝΩΝΙΚΩΝ ΕΠΙΣΤΗΜΩΝ', 'REGISTRATION_FORM', 0);
INSERT INTO institution (id, name, registrationtype, version) VALUES (23, 'ΠΑΝΕΠΙΣΤΗΜΙΟ ΠΑΤΡΩΝ', 'REGISTRATION_FORM', 0);
INSERT INTO institution (id, name, registrationtype, version) VALUES (24, 'ΠΑΝΕΠΙΣΤΗΜΙΟ ΠΕΙΡΑΙΩΣ', 'REGISTRATION_FORM', 0);
INSERT INTO institution (id, name, registrationtype, version) VALUES (25, 'ΠΑΝΕΠΙΣΤΗΜΙΟ ΠΕΛΟΠΟΝΝΗΣΟΥ', 'REGISTRATION_FORM', 0);
INSERT INTO institution (id, name, registrationtype, version) VALUES (26, 'ΠΑΝΕΠΙΣΤΗΜΙΟ ΣΤΕΡΕΑΣ ΕΛΛΑΔΑΣ', 'REGISTRATION_FORM', 0);
INSERT INTO institution (id, name, registrationtype, version) VALUES (27, 'ΠΑΝΤΕΙΟ ΠΑΝΕΠΙΣΤΗΜΙΟ ΚΟΙΝΩΝΙΚΩΝ & ΠΟΛΙΤΙΚΩΝ ΣΠΟΥΔΩΝ', 'REGISTRATION_FORM', 0);
INSERT INTO institution (id, name, registrationtype, version) VALUES (28, 'ΠΟΛΥΤΕΧΝΕΙΟ ΚΡΗΤΗΣ', 'REGISTRATION_FORM', 0);
INSERT INTO institution (id, name, registrationtype, version) VALUES (29, 'ΤΕΙ ΑΘΗΝΑΣ', 'REGISTRATION_FORM', 1);
INSERT INTO institution (id, name, registrationtype, version) VALUES (31, 'ΤΕΙ ΗΠΕΙΡΟΥ', 'REGISTRATION_FORM', 1);
INSERT INTO institution (id, name, registrationtype, version) VALUES (30, 'ΤΕΙ ΔΥΤΙΚΗΣ ΜΑΚΕΔΟΝΙΑΣ', 'REGISTRATION_FORM', 1);
INSERT INTO institution (id, name, registrationtype, version) VALUES (32, 'ΤΕΙ ΙΟΝΙΩΝ ΝΗΣΩΝ', 'REGISTRATION_FORM', 1);
INSERT INTO institution (id, name, registrationtype, version) VALUES (33, 'ΤΕΙ ΚΑΒΑΛΑΣ', 'REGISTRATION_FORM', 1);
INSERT INTO institution (id, name, registrationtype, version) VALUES (34, 'ΤΕΙ ΚΑΛΑΜΑΤΑΣ', 'REGISTRATION_FORM', 1);
INSERT INTO institution (id, name, registrationtype, version) VALUES (35, 'ΤΕΙ ΚΡΗΤΗΣ', 'REGISTRATION_FORM', 1);
INSERT INTO institution (id, name, registrationtype, version) VALUES (36, 'ΤΕΙ ΛΑΜΙΑΣ', 'REGISTRATION_FORM', 1);
INSERT INTO institution (id, name, registrationtype, version) VALUES (37, 'ΤΕΙ ΛΑΡΙΣΑΣ', 'REGISTRATION_FORM', 1);
INSERT INTO institution (id, name, registrationtype, version) VALUES (38, 'ΤΕΙ ΜΕΣΟΛΟΓΓΙΟΥ', 'REGISTRATION_FORM', 1);
INSERT INTO institution (id, name, registrationtype, version) VALUES (39, 'ΤΕΙ ΠΑΤΡΑΣ', 'REGISTRATION_FORM', 1);
INSERT INTO institution (id, name, registrationtype, version) VALUES (40, 'ΤΕΙ ΠΕΙΡΑΙΑ', 'REGISTRATION_FORM', 1);
INSERT INTO institution (id, name, registrationtype, version) VALUES (41, 'ΤΕΙ ΣΕΡΡΩΝ', 'REGISTRATION_FORM', 1);
INSERT INTO institution (id, name, registrationtype, version) VALUES (42, 'ΤΕΙ ΧΑΛΚΙΔΑΣ', 'REGISTRATION_FORM', 1);
INSERT INTO institution (id, name, registrationtype, version) VALUES (43, 'ΧΑΡΟΚΟΠΕΙΟ ΠΑΝΕΠΙΣΤΗΜΙΟ', 'REGISTRATION_FORM', 0);
INSERT INTO institution (id, name, registrationtype, version) VALUES (45, 'Διεθνές Πανεπιστήμιο Ελλάδος', 'REGISTRATION_FORM', 0);
INSERT INTO institution (id, name, registrationtype, version) VALUES (46, 'ΕΙΔΙΚΗ ΠΑΙΔΑΓΩΓΙΚΗ ΑΚΑΔΗΜΙΑ ΘΕΣΣΑΛΟΝΙΚΗΣ', 'REGISTRATION_FORM', 0);
INSERT INTO institution (id, name, registrationtype, version) VALUES (13, 'ΕΘΝΙΚΟ ΜΕΤΣΟΒΙΟ ΠΟΛΥΤΕΧΝΕΙΟ', 'REGISTRATION_FORM', 2);
INSERT INTO institution (id, name, registrationtype, version) VALUES (12, 'ΕΘΝΙΚΟ & ΚΑΠΟΔΙΣΤΡΙΑΚΟ ΠΑΝΕΠΙΣΤΗΜΙΟ ΑΘΗΝΩΝ', 'REGISTRATION_FORM', 2);

INSERT INTO department (id, department, school, version, institution_id) VALUES (526, 'ΕΜΠΟΡΙΑΣ ΚΑΙ ΔΙΑΦΗΜΙΣΗΣ', '', 0, 35);
INSERT INTO department (id, department, school, version, institution_id) VALUES (8000, 'ΚΕΝΤΡΟ ΞΕΝΩΝ ΓΛΩΣΣΩΝ ΚΑΙ ΦΥΣΙΚΗΣ ΑΓΩΓΗΣ', '', 0, 1);
INSERT INTO department (id, department, school, version, institution_id) VALUES (8001, 'ΓΕΝΙΚΟ ΤΜΗΜΑ ΘΕΤΙΚΩΝ ΕΠΙΣΤΗΜΩΝ', '', 0, 1);
INSERT INTO department (id, department, school, version, institution_id) VALUES (8002, 'ΚΕΝΤΡΟ ΞΕΝΩΝ ΓΛΩΣΣΩΝ ΚΑΙ ΦΥΣΙΚΗΣ ΑΓΩΓΗΣ', '', 0, 40);
INSERT INTO department (id, department, school, version, institution_id) VALUES (8003, 'ΓΕΝΙΚΟ ΤΜΗΜΑ ΦΥΣΙΚΗΣ, ΧΗΜΕΙΑΣ ΚΑΙ ΤΕΧΝΟΛΟΓΙΑΣ ΥΛΙΚΩΝ', '', 0, 40);
INSERT INTO department (id, department, school, version, institution_id) VALUES (553, 'ΔΑΣΟΠΟΝΙΑΣ ΚΑΙ ΔΙΑΧΕΙΡΙΣΗΣ ΦΥΣΙΚΟΥ ΠΕΡΙΒΑΛΛΟΝΤΟΣ', 'ΠΑΡΑΡΤΗΜΑ ΚΑΡΔΙΤΣΑΣ', 0, 37);
INSERT INTO department (id, department, school, version, institution_id) VALUES (8006, 'ΓΕΝΙΚΟ ΤΜΗΜΑ ΘΕΤΙΚΩΝ ΕΠΙΣΤΗΜΩΝ', 'ΣΧΟΛΗ ΤΕΧΝΟΛΟΓΙΚΩΝ ΕΦΑΡΜΟΓΩΝ', 0, 33);
INSERT INTO department (id, department, school, version, institution_id) VALUES (8007, 'ΓΕΝΙΚΟ ΤΜΗΜΑ', 'ΠΟΛΥΤΕΧΝΙΚΗ ΣΧΟΛΗ', 0, 8);
INSERT INTO department (id, department, school, version, institution_id) VALUES (8009, 'ΓΕΝΙΚΟ ΤΜΗΜΑ', 'ΠΟΛΥΤΕΧΝΙΚΗ', 0, 23);
INSERT INTO department (id, department, school, version, institution_id) VALUES (8005, 'ΓΕΝΙΚΟ ΤΜΗΜΑ ΜΑΘΗΜΑΤΙΚΩΝ', '', 0, 40);
INSERT INTO department (id, department, school, version, institution_id) VALUES (8008, 'ΓΕΝΙΚΟ ΤΜΗΜΑ', '', 0, 10);
INSERT INTO department (id, department, school, version, institution_id) VALUES (8010, 'ΓΕΝΙΚΟ ΤΜΗΜΑ ΔΙΚΑΙΟΥ', '', 0, 27);
INSERT INTO department (id, department, school, version, institution_id) VALUES (8011, 'ΓΕΝΙΚΟ ΤΜΗΜΑ', '', 0, 28);
INSERT INTO department (id, department, school, version, institution_id) VALUES (8012, 'ΟΙΚΟΝΟΜΙΑΣ ΚΑΙ ΔΙΟΙΚΗΣΗΣ ΕΠΙΧΕΙΡΗΣΕΩΝ', '', 0, 45);
INSERT INTO department (id, department, school, version, institution_id) VALUES (8013, 'ΕΠΙΣΤΗΜΩΝ ΤΕΧΝΟΛΟΓΙΑΣ', '', 0, 45);
INSERT INTO department (id, department, school, version, institution_id) VALUES (8014, 'ΑΝΘΡΩΠΙΣΤΙΚΩΝ ΕΠΙΣΤΗΜΩΝ', '', 0, 45);
INSERT INTO department (id, department, school, version, institution_id) VALUES (8015, 'ΚΕΝΤΡΟ ΞΕΝΩΝ ΓΛΩΣΣΩΝ ΚΑΙ ΦΥΣΙΚΗΣ ΑΓΩΓΗΣ', '', 0, 41);
INSERT INTO department (id, department, school, version, institution_id) VALUES (8016, 'ΕΙΔΙΚΗ ΠΑΙΔΑΓΩΓΙΚΗ ΑΚΑΔΗΜΙΑ ΘΕΣΣΑΛΟΝΙΚΗΣ', '', 0, 45);
INSERT INTO department (id, department, school, version, institution_id) VALUES (743, 'ΜΟΥΣΕΙΟΛΟΓΙΑΣ, ΜΟΥΣΕΙΟΓΡΑΦΙΑΣ ΚΑΙ ΣΧΕΔΙΑΣΜΟΥ ΕΚΘΕΣΕΩΝ', '', 0, 39);
INSERT INTO department (id, department, school, version, institution_id) VALUES (8017, 'ΓΕΝΙΚΟ ΤΜΗΜΑ ΠΑΙΔΑΓΩΓΙΚΩΝ ΜΑΘΗΜΑΤΩΝ', 'ΑΣΠΑΙΤΕ', 0, 9);
INSERT INTO department (id, department, school, version, institution_id) VALUES (709, 'ΗΛΕΚΤΡΟΝΙΚΗΣ', '', 0, 35);
INSERT INTO department (id, department, school, version, institution_id) VALUES (324, 'ΕΠΙΣΤΗΜΗΣ ΖΩΙΚΗΣ ΠΑΡΑΓΩΓΗΣ ΚΑΙ ΥΔΑΤΟΚΑΛΛΙΕΡΓΕΙΩΝ', '', 0, 10);
INSERT INTO department (id, department, school, version, institution_id) VALUES (8004, 'ΓΕΝΙΚΟ ΤΜΗΜΑ ΘΕΤΙΚΩΝ ΕΠΙΣΤΗΜΩΝ', '', 0, 42);
INSERT INTO department (id, department, school, version, institution_id) VALUES (532, 'ΦΥΣΙΚΩΝ ΠΟΡΩΝ ΚΑΙ ΠΕΡΙΒΑΛΛΟΝΤΟΣ', '', 0, 35);
INSERT INTO department (id, department, school, version, institution_id) VALUES (747, 'ΔΙΑΤΡΟΦΗΣ ΚΑΙ ΔΙΑΙΤΟΛΟΓΙΑΣ', 'ΤΕΧΝΟΛΟΓΙΑΣ ΓΕΩΠΟΝΙΑΣ', 0, 37);
INSERT INTO department (id, department, school, version, institution_id) VALUES (323, 'ΕΠΙΣΤΗΜΗΣ ΦΥΤΙΚΗΣ ΠΑΡΑΓΩΓΗΣ', '', 0, 10);
INSERT INTO department (id, department, school, version, institution_id) VALUES (750, 'ΕΣΩΤΕΡΙΚΗΣ ΑΡΧΙΤΕΚΤΟΝΙΚΗΣ, ΔΙΑΚΟΣΜΗΣΗΣ ΚΑΙ ΣΧΕΔΙΑΣΜΟΥ ΑΝΤΙΚΕΙΜΕΝΩΝ', 'ΣΧΟΛΗ ΓΡΑΦΙΚΩΝ ΤΕΧΝΩΝ & ΚΑΛΛΙΤΕΧΝΙΚΩΝ ΣΠΟΥΔΩΝ', 0, 41);
INSERT INTO department (id, department, school, version, institution_id) VALUES (186, 'ΓΛΩΣΣΑΣ ΦΙΛΟΛΟΓΙΑΣ ΚΑΙ ΠΟΛΙΤΙΣΜΟΥ ΠΑΡΕΥΞΕΙΝΙΩΝ ΧΩΡΩΝ', '', 0, 11);
INSERT INTO department (id, department, school, version, institution_id) VALUES (161, 'ΔΙΕΘΝΩΝ ΚΑΙ ΕΥΡΩΠΑΙΚΩΝ ΣΠΟΥΔΩΝ', '', 0, 22);
INSERT INTO department (id, department, school, version, institution_id) VALUES (123, 'ΠΟΛΙΤΙΚΗΣ ΕΠΙΣΤΗΜΗΣ ΚΑΙ ΔΗΜΟΣΙΑΣ ΔΙΟΙΚΗΣΗΣ', 'ΝΟΜΙΚΩΝ ΟΙΚΟΝΟΜΙΚΩΝ ΚΑΙ ΠΟΛΙΤΙΚΩΝ ΕΠΙΣΤΗΜΩΝ', 0, 12);
INSERT INTO department (id, department, school, version, institution_id) VALUES (124, 'ΔΗΜΟΣΙΑΣ ΔΙΟΙΚΗΣΗΣ', '', 0, 27);
INSERT INTO department (id, department, school, version, institution_id) VALUES (125, 'ΠΟΛΙΤΙΚΗΣ ΕΠΙΣΤΗΜΗΣ ΚΑΙ ΙΣΤΟΡΙΑΣ', '', 0, 27);
INSERT INTO department (id, department, school, version, institution_id) VALUES (145, 'ΙΣΤΟΡΙΑΣ', '', 0, 14);
INSERT INTO department (id, department, school, version, institution_id) VALUES (522, 'ΣΧΕΔΙΑΣΜΟΥ & ΤΕΧΝΟΛΟΓΙΑΣ ΞΥΛΟΥ & ΕΠΙΠΛΟΥ', 'ΤΕΧΝΟΛΟΓΙΑΣ ΕΦΑΡΜΟΓΩΝ', 0, 37);
INSERT INTO department (id, department, school, version, institution_id) VALUES (739, 'ΤΕΧΝΟΛΟΓΙΑΣ ΤΡΟΦΙΜΩΝ', '', 0, 37);
INSERT INTO department (id, department, school, version, institution_id) VALUES (170, 'ΨΥΧΟΛΟΓΙΑΣ', '', 0, 27);
INSERT INTO department (id, department, school, version, institution_id) VALUES (171, 'ΠΡΟΓΡΑΜΜΑ ΨΥΧΟΛΟΓΙΑΣ ΤΟΥ ΤΜΗΜΑΤΟΣ ΦΙΛΟΣΟΦΙΑΣ ΠΑΙΔΑΓΩΓΙΚΗΣ ΚΑΙ ΨΥΧΟΛΟΓΙΑΣ', 'ΦΙΛΟΣΟΦΙΚΗ', 0, 12);
INSERT INTO department (id, department, school, version, institution_id) VALUES (172, 'ΨΥΧΟΛΟΓΙΑΣ', 'ΦΙΛΟΣΟΦΙΚΗ', 0, 8);
INSERT INTO department (id, department, school, version, institution_id) VALUES (173, 'ΜΕΘΟΔΟΛΟΓΙΑΣ ΙΣΤΟΡΙΑΣ ΚΑΙ ΘΕΩΡΙΑΣ ΤΗΣ ΕΠΙΣΤΗΜΗΣ', 'ΑΝΕΞΑΡΤΗΤΑ ΤΜΗΜΑΤΑ', 0, 12);
INSERT INTO department (id, department, school, version, institution_id) VALUES (415, 'ΠΡΟΓΡΑΜΜΑ ΙΕΡΑΤΙΚΩΝ ΣΠΟΥΔΩΝ', '', 0, 3);
INSERT INTO department (id, department, school, version, institution_id) VALUES (417, 'ΠΡΟΓΡΑΜΜΑ ΕΚΚΛΗΣΙΑΣΤΙΚΗΣ ΜΟΥΣΙΚΗΣ ΚΑΙ ΨΑΛΤΙΚΗΣ ', '', 0, 3);
INSERT INTO department (id, department, school, version, institution_id) VALUES (229, 'ΝΑΥΠΗΓΩΝ ΜΗΧΑΝΟΛΟΓΩΝ ΜΗΧΑΝΙΚΩΝ', '', 0, 13);
INSERT INTO department (id, department, school, version, institution_id) VALUES (231, 'ΑΡΧΙΤΕΚΤΟΝΩΝ ΜΗΧΑΝΙΚΩΝ', '', 0, 13);
INSERT INTO department (id, department, school, version, institution_id) VALUES (227, 'ΑΓΡΟΝΟΜΩΝ ΚΑΙ ΤΟΠΟΓΡΑΦΩΝ ΜΗΧΑΝΙΚΩΝ', 'ΠΟΛΥΤΕΧΝΙΚΗ', 0, 8);
INSERT INTO department (id, department, school, version, institution_id) VALUES (230, 'ΜΗΧΑΝΙΚΩΝ ΠΑΡΑΓΩΓΗΣ ΚΑΙ ΔΙΟΙΚΗΣΗΣ', '', 0, 28);
INSERT INTO department (id, department, school, version, institution_id) VALUES (232, 'ΑΡΧΙΤΕΚΤΟΝΩΝ ΜΗΧΑΝΙΚΩΝ', 'ΠΟΛΥΤΕΧΝΙΚΗ', 0, 23);
INSERT INTO department (id, department, school, version, institution_id) VALUES (178, 'ΠΑΙΔΑΓΩΓΙΚΟ ΤΜΗΜΑ ΕΙΔΙΚΗΣ ΑΓΩΓΗΣ', 'ΕΠΙΣΤΗΜΩΝ ΤΟΥ ΑΝΘΡΩΠΟΥ', 0, 19);
INSERT INTO department (id, department, school, version, institution_id) VALUES (295, 'ΙΑΤΡΙΚΗΣ', 'ΕΠΙΣΤΗΜΩΝ ΥΓΕΙΑΣ', 0, 12);
INSERT INTO department (id, department, school, version, institution_id) VALUES (297, 'ΙΑΤΡΙΚΗΣ', '', 0, 8);
INSERT INTO department (id, department, school, version, institution_id) VALUES (299, 'ΙΑΤΡΙΚΗΣ', 'ΕΠΙΣΤΗΜΩΝ ΥΓΕΙΑΣ', 0, 23);
INSERT INTO department (id, department, school, version, institution_id) VALUES (301, 'ΙΑΤΡΙΚΗΣ', '', 0, 20);
INSERT INTO department (id, department, school, version, institution_id) VALUES (315, 'ΟΙΚΟΝΟΜΙΚΗΣ ΕΠΙΣΤΗΜΗΣ', '', 0, 24);
INSERT INTO department (id, department, school, version, institution_id) VALUES (210, 'ΜΗΧΑΝΟΛΟΓΩΝ ΜΗΧΑΝΙΚΩΝ', 'ΠΟΛΥΤΕΧΝΙΚΗ', 0, 18);
INSERT INTO department (id, department, school, version, institution_id) VALUES (217, 'ΗΛΕΚΤΡΟΛΟΓΩΝ ΜΗΧΑΝΙΚΩΝ  ΚΑΙ ΜΗΧΑΝΙΚΩΝ ΥΠΟΛΟΓΙΣΤΩΝ', '', 0, 13);
INSERT INTO department (id, department, school, version, institution_id) VALUES (225, 'ΑΓΡΟΝΟΜΩΝ ΚΑΙ ΤΟΠΟΓΡΑΦΩΝ ΜΗΧΑΝΙΚΩΝ', '', 0, 13);
INSERT INTO department (id, department, school, version, institution_id) VALUES (235, 'ΧΗΜΙΚΩΝ ΜΗΧΑΝΙΚΩΝ', '', 0, 13);
INSERT INTO department (id, department, school, version, institution_id) VALUES (241, 'ΜΗΧΑΝΙΚΩΝ ΜΕΤΑΛΛΕΙΩΝ ΜΕΤΑΛΛΟΥΡΓΩΝ', '', 0, 13);
INSERT INTO department (id, department, school, version, institution_id) VALUES (246, 'ΕΦΑΡΜΟΣΜΕΝΩΝ ΜΑΘΗΜΑΤΙΚΩΝ ΚΑΙ ΦΥΣΙΚΩΝ ΕΠΙΣΤΗΜΩΝ', '', 0, 13);
INSERT INTO department (id, department, school, version, institution_id) VALUES (355, 'ΔΙΕΘΝΩΝ ΚΑΙ ΕΥΡΩΠΑΙΚΩΝ ΣΠΟΥΔΩΝ', '', 0, 24);
INSERT INTO department (id, department, school, version, institution_id) VALUES (357, 'ΠΟΛΙΤΙΚΩΝ ΕΠΙΣΤΗΜΩΝ', 'ΝΟΜΙΚΩΝ ΟΙΚΟΝΟΜΙΚΩΝ  ΚΑΙ ΠΟΛΙΤΙΚΩΝ ΕΠΙΣΤΗΜΩΝ', 0, 8);
INSERT INTO department (id, department, school, version, institution_id) VALUES (453, 'ΠΟΛΙΤΙΚΩΝ ΔΟΜΙΚΩΝ ΕΡΓΩΝ', 'ΤΕΧΝΟΛΟΓΙΚΩΝ ΕΦΑΡΜΟΓΩΝ', 0, 35);
INSERT INTO department (id, department, school, version, institution_id) VALUES (455, 'ΠΟΛΙΤΙΚΩΝ ΔΟΜΙΚΩΝ ΕΡΓΩΝ', 'ΤΕΧΝΟΛΟΓΙΚΩΝ ΕΦΑΡΜΟΓΩΝ', 0, 41);
INSERT INTO department (id, department, school, version, institution_id) VALUES (456, 'ΠΟΛΙΤΙΚΩΝ ΔΟΜΙΚΩΝ ΕΡΓΩΝ', '', 0, 37);
INSERT INTO department (id, department, school, version, institution_id) VALUES (457, 'ΕΚΠΑΙΔΕΥΤΙΚΩΝ ΠΟΛΙΤΙΚΩΝ ΔΟΜΙΚΩΝ ΕΡΓΩΝ', 'ΑΣΠΑΙΤΕ', 0, 9);
INSERT INTO department (id, department, school, version, institution_id) VALUES (461, 'ΜΗΧΑΝΟΛΟΓΙΑΣ', 'ΤΕΧΝΟΛΟΓΙΚΩΝ ΕΦΑΡΜΟΓΩΝ', 0, 40);
INSERT INTO department (id, department, school, version, institution_id) VALUES (536, 'ΦΥΤΙΚΗΣ ΠΑΡΑΓΩΓΗΣ', 'ΤΕΧΝΟΛΟΓΙΑΣ ΓΕΩΠΟΝΙΑΣ', 0, 34);
INSERT INTO department (id, department, school, version, institution_id) VALUES (538, 'ΦΥΤΙΚΗΣ ΠΑΡΑΓΩΓΗΣ', 'ΤΕΧΝΟΛΟΓΙΑΣ ΓΕΩΠΟΝΙΑΣ', 0, 31);
INSERT INTO department (id, department, school, version, institution_id) VALUES (540, 'ΖΩΙΚΗΣ ΠΑΡΑΓΩΓΗΣ', 'ΤΕΧΝΟΛΟΓΙΑΣ ΓΕΩΠΟΝΙΑΣ', 0, 31);
INSERT INTO department (id, department, school, version, institution_id) VALUES (541, 'ΖΩΙΚΗΣ ΠΑΡΑΓΩΓΗΣ', 'ΤΕΧΝΟΛΟΓΙΑΣ ΓΕΩΠΟΝΙΑΣ', 0, 37);
INSERT INTO department (id, department, school, version, institution_id) VALUES (544, 'ΜΗΧΑΝΟΛΟΓΙΑ ΚΑΙ ΥΔΑΤΙΝΩΝ ΠΟΡΩΝ', 'ΤΕΧΝΟΛΟΓΙΑΣ ΓΕΩΠΟΝΙΑΣ', 0, 38);
INSERT INTO department (id, department, school, version, institution_id) VALUES (545, 'ΜΗΧΑΝΙΚΗΣ ΒΙΟΣΥΣΤΗΜΑΤΩΝ', 'ΤΕΧΝΟΛΟΓΙΑΣ ΓΕΩΠΟΝΙΑΣ', 0, 37);
INSERT INTO department (id, department, school, version, institution_id) VALUES (546, 'ΤΕΧΝΟΛΟΓΙΑΣ ΒΙΟΛΟΓΙΚΗΣ ΓΕΩΡΓΙΑΣ ΚΑΙ ΤΡΟΦΙΜΩΝ', '', 0, 32);
INSERT INTO department (id, department, school, version, institution_id) VALUES (602, 'ΕΦ. ΞΕΝΩΝ ΓΛΩΣΣΩΝ ΣΤΗ ΔΙΟΙΚΗΣΗ & ΣΤΟ ΕΜΠΟΡΙΟ', 'ΔΙΟΙΚΗΣΗΣ & ΟΙΚΟΝΟΜΙΑΣ', 0, 31);
INSERT INTO department (id, department, school, version, institution_id) VALUES (603, 'ΤΟΥΡΙΣΤΙΚΩΝ ΕΠΙΧΕΙΡΗΣΕΩΝ', 'ΔΙΟΙΚΗΣΗΣ & ΟΙΚΟΝΟΜΙΑΣ', 0, 29);
INSERT INTO department (id, department, school, version, institution_id) VALUES (607, 'ΤΟΥΡΙΣΤΙΚΩΝ ΕΠΙΧΕΙΡΗΣΕΩΝ', 'ΔΙΟΙΚΗΣΗΣ & ΟΙΚΟΝΟΜΙΑΣ', 0, 39);
INSERT INTO department (id, department, school, version, institution_id) VALUES (609, 'ΤΟΥΡΙΣΤΙΚΩΝ ΕΠΙΧΕΙΡΗΣΕΩΝ', 'ΔΙΟΙΚΗΣΗΣ & ΟΙΚΟΝΟΜΙΑΣ', 0, 37);
INSERT INTO department (id, department, school, version, institution_id) VALUES (610, 'ΤΟΥΡΙΣΤΙΚΩΝ ΕΠΙΧΕΙΡΗΣΕΩΝ', 'ΔΙΟΙΚΗΣΗΣ & ΟΙΚΟΝΟΜΙΑΣ', 0, 31);
INSERT INTO department (id, department, school, version, institution_id) VALUES (611, 'ΤΟΥΡΙΣΤΙΚΩΝ ΕΠΙΧΕΙΡΗΣΕΩΝ', 'ΔΙΟΙΚΗΣΗΣ & ΟΙΚΟΝΟΜΙΑΣ', 0, 35);
INSERT INTO department (id, department, school, version, institution_id) VALUES (615, 'ΦΥΣΙΚΟΘΕΡΑΠΕΙΑΣ', 'ΕΠΑΓΓΕΛΜΑΤΩΝ ΥΓΕΙΑΣ & ΠΡΟΝΟΙΑΣ', 0, 29);
INSERT INTO department (id, department, school, version, institution_id) VALUES (616, 'ΦΥΣΙΚΟΘΕΡΑΠΕΙΑΣ', '', 0, 39);
INSERT INTO department (id, department, school, version, institution_id) VALUES (618, 'ΛΟΓΟΘΕΡΑΠΕΙΑΣ', 'ΕΠΑΓΓΕΛΜΑΤΩΝ ΥΓΕΙΑΣ & ΠΡΟΝΟΙΑΣ', 0, 39);
INSERT INTO department (id, department, school, version, institution_id) VALUES (619, 'ΕΡΓΟΘΕΡΑΠΕΙΑΣ', 'ΕΠΑΓΓΕΛΜΑΤΩΝ ΥΓΕΙΑΣ & ΠΡΟΝΟΙΑΣ', 0, 29);
INSERT INTO department (id, department, school, version, institution_id) VALUES (711, 'ΠΛΗΡΟΦΟΡΙΚΗΣ', 'ΤΕΧΝΟΛΟΓΙΚΩΝ ΕΦΑΡΜΟΓΩΝ', 0, 29);
INSERT INTO department (id, department, school, version, institution_id) VALUES (713, 'ΗΛΕΚΤΡΟΝΙΚΩΝ ΥΠΟΛΟΓΙΣΤΙΚΩΝ ΣΥΣΤΗΜΑΤΩΝ', 'ΤΕΧΝΟΛΟΓΙΚΩΝ ΕΦΑΡΜΟΓΩΝ', 0, 40);
INSERT INTO department (id, department, school, version, institution_id) VALUES (714, 'ΑΥΤΟΜΑΤΙΣΜΟΥ', 'ΤΕΧΝΟΛΟΓΙΚΩΝ ΕΦΑΡΜΟΓΩΝ', 0, 40);
INSERT INTO department (id, department, school, version, institution_id) VALUES (715, 'ΔΙΟΙΚΗΣΗΣ ΕΠΙΧΕΙΡΗΣΕΩΝ', 'ΔΙΟΙΚΗΣΗΣ & ΟΙΚΟΝΟΜΙΑΣ', 0, 40);
INSERT INTO department (id, department, school, version, institution_id) VALUES (716, 'ΤΕΧΝΟΛΟΓΙΑΣ ΤΡΟΦΙΜΩΝ', 'ΤΕΧΝΟΛ. ΤΡΟΦΙΜΩΝ & ΔΙΑΤΡΟΦΗΣ', 0, 29);
INSERT INTO department (id, department, school, version, institution_id) VALUES (718, 'ΟΙΝΟΛΟΓΙΑΣ & ΤΕΧΝΟΛΟΓΙΑΣ ΠΟΤΩΝ', 'ΤΕΧΝΟΛ. ΤΡΟΦΙΜΩΝ & ΔΙΑΤΡΟΦΗΣ', 0, 29);
INSERT INTO department (id, department, school, version, institution_id) VALUES (722, 'ΑΥΤΟΜΑΤΙΣΜΟΥ', 'ΤΕΧΝΟΛΟΓΙΚΩΝ ΕΦΑΡΜΟΓΩΝ', 0, 42);
INSERT INTO department (id, department, school, version, institution_id) VALUES (207, 'ΠΟΛΙΤΙΚΩΝ ΜΗΧΑΝΙΚΩΝ', 'ΠΟΛΥΤΕΧΝΙΚΗ', 0, 11);
INSERT INTO department (id, department, school, version, institution_id) VALUES (212, 'ΔΑΣΟΛΟΓΙΑΣ ΚΑΙ ΔΙΑΧΕΙΡΙΣΗΣ ΠΕΡΙΒΑΛΛΟΝΤΟΣ ΚΑΙ ΦΥΣΙΚΩΝ ΠΟΡΩΝ', '', 0, 11);
INSERT INTO department (id, department, school, version, institution_id) VALUES (223, 'ΗΛΕΚΤΡΟΛΟΓΩΝ ΜΗΧΑΝΙΚΩΝ & ΜΗΧΑΝΙΚΩΝ Η/Υ', 'ΠΟΛΥΤΕΧΝΙΚΗ', 0, 11);
INSERT INTO department (id, department, school, version, institution_id) VALUES (224, 'ΜΗΧΑΝΙΚΩΝ ΠΑΡΑΓΩΓΗΣ ΚΑΙ ΔΙΟΙΚΗΣΗΣ', 'ΠΟΛΥΤΕΧΝΙΚΗ', 0, 11);
INSERT INTO department (id, department, school, version, institution_id) VALUES (234, 'ΑΡΧΙΤΕΚΤΟΝΩΝ ΜΗΧΑΝΙΚΩΝ', 'ΠΟΛΥΤΕΧΝΙΚΗ', 0, 11);
INSERT INTO department (id, department, school, version, institution_id) VALUES (302, 'ΙΑΤΡΙΚΗΣ', '', 0, 11);
INSERT INTO department (id, department, school, version, institution_id) VALUES (343, 'ΚΟΙΝΩΝΙΚΗΣ ΔΙΟΙΚΗΣΗΣ', '', 0, 11);
INSERT INTO department (id, department, school, version, institution_id) VALUES (349, 'ΔΙΕΘΝΩΝ ΟΙΚΟΝΟΜΙΚΩΝ ΣΧΕΣΕΩΝ ΚΑΙ ΑΝΑΠΤΥΞΗΣ', '', 0, 11);
INSERT INTO department (id, department, school, version, institution_id) VALUES (353, 'ΑΓΡΟΤΙΚΗΣ ΑΝΑΠΤΥΞΗΣ', '', 0, 11);
INSERT INTO department (id, department, school, version, institution_id) VALUES (404, 'ΕΠΙΣΤΗΜΗΣ ΦΥΣΙΚΗΣ ΑΓΩΓΗΣ ΚΑΙ ΑΘΛΗΤΙΣΜΟΥ', '', 0, 11);
INSERT INTO department (id, department, school, version, institution_id) VALUES (476, 'ΜΗΧΑΝΙΚΩΝ ΠΕΡΙΒΑΛΛΟΝΤΟΣ', 'ΠΟΛΥΤΕΧΝΙΚΗ', 0, 11);
INSERT INTO department (id, department, school, version, institution_id) VALUES (247, 'ΜΑΘΗΜΑΤΙΚΩΝ', 'ΘΕΤΙΚΩΝ ΕΠΙΣΤΗΜΩΝ', 0, 23);
INSERT INTO department (id, department, school, version, institution_id) VALUES (249, 'ΜΑΘΗΜΑΤΙΚΩΝ', 'ΘΕΤΙΚΩΝ ΕΠΙΣΤΗΜΩΝ', 0, 20);
INSERT INTO department (id, department, school, version, institution_id) VALUES (311, 'ΟΙΚΟΝΟΜΙΚΩΝ ΕΠΙΣΤΗΜΩΝ', 'ΝΟΜΙΚΩΝ ΟΙΚΟΝΟΜΙΚΩΝ  ΚΑΙ ΠΟΛΙΤΙΚΩΝ ΕΠΙΣΤΗΜΩΝ', 0, 8);
INSERT INTO department (id, department, school, version, institution_id) VALUES (366, 'ΠΛΗΡΟΦΟΡΙΚΗΣ', '', 0, 14);
INSERT INTO department (id, department, school, version, institution_id) VALUES (604, 'ΤΟΥΡΙΣΤΙΚΩΝ ΕΠΙΧΕΙΡΗΣΕΩΝ', '', 0, 40);
INSERT INTO department (id, department, school, version, institution_id) VALUES (106, 'ΕΛΛΗΝΙΚΗΣ ΦΙΛΟΛΟΓΙΑΣ', '', 0, 11);
INSERT INTO department (id, department, school, version, institution_id) VALUES (108, 'ΙΣΤΟΡΙΑΣ ΚΑΙ ΕΘΝΟΛΟΓΙΑΣ', '', 0, 11);
INSERT INTO department (id, department, school, version, institution_id) VALUES (121, 'ΝΟΜΙΚΗΣ', '', 0, 11);
INSERT INTO department (id, department, school, version, institution_id) VALUES (101, 'ΘΕΟΛΟΓΙΑΣ', 'ΘΕΟΛΟΓΙΚΗ', 0, 12);
INSERT INTO department (id, department, school, version, institution_id) VALUES (102, 'ΦΙΛΟΣΟΦΙΑΣ', 'ΑΝΘΡΩΠΙΣΤΙΚΩΝ ΚΑΙ ΚΟΙΝΩΝΙΚΩΝ ΕΠΙΣΤΗΜΩΝ', 0, 23);
INSERT INTO department (id, department, school, version, institution_id) VALUES (103, 'ΘΕΟΛΟΓΙΑΣ', 'ΘΕΟΛΟΓΙΚΗ', 0, 8);
INSERT INTO department (id, department, school, version, institution_id) VALUES (104, 'ΙΣΤΟΡΙΑΣ, ΑΡΧΑΙΟΛΟΓΙΑΣ ΚΑΙ ΔΙΑΧΕΙΡΙΣΗΣ ΠΟΛΙΤΙΣΜΙΚΩΝ ΑΓΑΘΩΝ', 'ΑΝΘΡΩΠΙΣΤΙΚΩΝ ΕΠΙΣΤΗΜΩΝ ΚΑΙ ΠΟΛΙΤΙΣΜΙΚΩΝ ΣΠΟΥΔΩΝ', 0, 25);
INSERT INTO department (id, department, school, version, institution_id) VALUES (105, 'ΚΟΙΝΩΝΙΚΗΣ ΘΕΟΛΟΓΙΑΣ', 'ΘΕΟΛΟΓΙΚΗ', 0, 12);
INSERT INTO department (id, department, school, version, institution_id) VALUES (107, 'ΠΟΙΜΑΝΤΙΚΗΣ ΚΑΙ  ΚΟΙΝΩΝΙΚΗΣ ΘΕΟΛΟΓΙΑΣ', 'ΘΕΟΛΟΓΙΚΗ', 0, 8);
INSERT INTO department (id, department, school, version, institution_id) VALUES (109, 'ΦΙΛΟΛΟΓΙΑΣ', 'ΦΙΛΟΣΟΦΙΚΗ', 0, 12);
INSERT INTO department (id, department, school, version, institution_id) VALUES (110, 'ΙΣΤΟΡΙΑΣ ΚΑΙ ΑΡΧΑΙΟΛΟΓΙΑΣ', 'ΦΙΛΟΣΟΦΙΚΗ', 0, 12);
INSERT INTO department (id, department, school, version, institution_id) VALUES (111, 'ΦΙΛΟΛΟΓΙΑΣ', 'ΦΙΛΟΣΟΦΙΚΗ', 0, 8);
INSERT INTO department (id, department, school, version, institution_id) VALUES (112, 'ΙΣΤΟΡΙΑΣ ΚΑΙ ΑΡΧΑΙΟΛΟΓΙΑΣ', 'ΦΙΛΟΣΟΦΙΚΗ', 0, 8);
INSERT INTO department (id, department, school, version, institution_id) VALUES (113, 'ΦΙΛΟΛΟΓΙΑΣ', 'ΦΙΛΟΣΟΦΙΚΗ', 0, 20);
INSERT INTO department (id, department, school, version, institution_id) VALUES (114, 'ΙΣΤΟΡΙΑΣ ΚΑΙ ΑΡΧΑΙΟΛΟΓΙΑΣ', 'ΦΙΛΟΣΟΦΙΚΗ', 0, 20);
INSERT INTO department (id, department, school, version, institution_id) VALUES (117, 'ΝΟΜΙΚΗΣ', 'ΝΟΜΙΚΩΝ ΟΙΚΟΝΟΜΙΚΩΝ ΚΑΙ ΠΟΛΙΤΙΚΩΝ ΕΠΙΣΤΗΜΩΝ', 0, 12);
INSERT INTO department (id, department, school, version, institution_id) VALUES (118, 'ΦΙΛΟΣΟΦΙΑΣ - ΠΑΙΔΑΓΩΓΙΚΗΣ ΚΑΙ ΨΥΧΟΛΟΓΙΑΣ', 'ΦΙΛΟΣΟΦΙΚΗ', 0, 12);
INSERT INTO department (id, department, school, version, institution_id) VALUES (119, 'ΝΟΜΙΚΗΣ', 'ΝΟΜΙΚΩΝ ΟΙΚΟΝΟΜΙΚΩΝ  ΚΑΙ ΠΟΛΙΤΙΚΩΝ ΕΠΙΣΤΗΜΩΝ', 0, 8);
INSERT INTO department (id, department, school, version, institution_id) VALUES (120, 'ΦΙΛΟΣΟΦΙΑΣ & ΠΑΙΔΑΓΩΓΙΚΗΣ', 'ΦΙΛΟΣΟΦΙΚΗ', 0, 8);
INSERT INTO department (id, department, school, version, institution_id) VALUES (122, 'ΦΙΛΟΣΟΦΙΑΣ ΠΑΙΔΑΓΩΓΙΚΗΣ ΚΑΙ ΨΥΧΟΛΟΓΙΑΣ', 'ΦΙΛΟΣΟΦΙΚΗ', 0, 20);
INSERT INTO department (id, department, school, version, institution_id) VALUES (143, 'ΠΑΙΔΑΓΩΓΙΚΟ  ΔΗΜΟΤΙΚΗΣ ΕΚΠΑΙΔΕΥΣΗΣ', 'ΑΝΘΡΩΠΙΣΤΙΚΩΝ ΕΠΙΣΤΗΜΩΝ', 0, 16);
INSERT INTO department (id, department, school, version, institution_id) VALUES (360, 'ΓΕΩΠΟΝΙΑΣ ΙΧΘΥΟΛΟΓΙΑΣ ΚΑΙ ΥΔΑΤΙΝΟΥ ΠΕΡΙΒΑΛΛΟΝΤΟΣ', 'ΓΕΩΠΟΝΙΚΩΝ ΕΠΙΣΤΗΜΩΝ', 0, 19);
INSERT INTO department (id, department, school, version, institution_id) VALUES (543, 'ΑΓΡΟΤΙΚΗΣ ΑΝΑΠΤΥΞΗΣ ΚΑΙ ΔΙΟΙΚΗΣΗΣ ΑΓΡΟΤΙΚΩΝ ΕΠΙΧΕΙΡΗΣΕΩΝ', 'ΤΕΧΝΟΛΟΓΙΑΣ ΓΕΩΠΟΝΙΑΣ', 0, 1);
INSERT INTO department (id, department, school, version, institution_id) VALUES (126, 'ΚΟΙΝΩΝΙΟΛΟΓΙΑΣ', '', 0, 27);
INSERT INTO department (id, department, school, version, institution_id) VALUES (127, 'ΑΓΓΛΙΚΗΣ ΓΛΩΣΣΑΣ ΚΑΙ ΦΙΛΟΛΟΓΙΑΣ', 'ΦΙΛΟΣΟΦΙΚΗ', 0, 12);
INSERT INTO department (id, department, school, version, institution_id) VALUES (128, 'ΠΑΙΔΑΓΩΓΙΚΟ ΔΗΜΟΤΙΚΗΣ ΕΚΠΑΙΔΕΥΣΗΣ', 'ΑΝΕΞΑΡΤΗΤΑ ΤΜΗΜΑΤΑ', 0, 12);
INSERT INTO department (id, department, school, version, institution_id) VALUES (129, 'ΑΓΓΛΙΚΗΣ ΓΛΩΣΣΑΣ ΚΑΙ ΦΙΛΟΛΟΓΙΑΣ', 'ΦΙΛΟΣΟΦΙΚΗ', 0, 8);
INSERT INTO department (id, department, school, version, institution_id) VALUES (130, 'ΠΑΙΔΑΓΩΓΙΚΟ ΔΗΜΟΤΙΚΗΣ ΕΚΠΑΙΔΕΥΣΗΣ', 'ΕΠΙΣΤΗΜΩΝ ΑΓΩΓΗΣ', 0, 20);
INSERT INTO department (id, department, school, version, institution_id) VALUES (131, 'ΓΑΛΛΙΚΗΣ ΓΛΩΣΣΑΣ ΚΑΙ ΦΙΛΟΛΟΓΙΑΣ', 'ΦΙΛΟΣΟΦΙΚΗ', 0, 12);
INSERT INTO department (id, department, school, version, institution_id) VALUES (133, 'ΓΑΛΛΙΚΗΣ ΓΛΩΣΣΑΣ ΚΑΙ ΦΙΛΟΛΟΓΙΑΣ', 'ΦΙΛΟΣΟΦΙΚΗ', 0, 8);
INSERT INTO department (id, department, school, version, institution_id) VALUES (134, 'ΕΠΙΣΤΗΜΩΝ ΠΡΟΣΧΟΛΙΚΗΣ ΑΓΩΓΗΣ ΚΑΙ ΕΚΠΑΙΔΕΥΣΗΣ', 'ΠΑΙΔΑΓΩΓΙΚΗ', 0, 8);
INSERT INTO department (id, department, school, version, institution_id) VALUES (135, 'ΓΕΡΜΑΝΙΚΗΣ ΓΛΩΣΣΑΣ ΚΑΙ ΦΙΛΟΛΟΓΙΑΣ', 'ΦΙΛΟΣΟΦΙΚΗ', 0, 12);
INSERT INTO department (id, department, school, version, institution_id) VALUES (136, 'ΕΠΙΣΤΗΜΩΝ ΤΗΣ ΕΚΠΑΙΔΕΥΣΗΣ ΚΑΙ ΤΗΣ ΑΓΩΓΗΣ ΣΤΗΝ ΠΡΟΣΧΟΛΙΚΗ ΗΛΙΚΙΑ', 'ΑΝΘΡΩΠΙΣΤΙΚΩΝ ΚΑΙ ΚΟΙΝΩΝΙΚΩΝ ΕΠΙΣΤΗΜΩΝ', 0, 23);
INSERT INTO department (id, department, school, version, institution_id) VALUES (137, 'ΓΕΡΜΑΝΙΚΗΣ ΓΛΩΣΣΑΣ ΚΑΙ ΦΙΛΟΛΟΓΙΑΣ', 'ΦΙΛΟΣΟΦΙΚΗ', 0, 8);
INSERT INTO department (id, department, school, version, institution_id) VALUES (139, 'ΙΤΑΛΙΚΗΣ ΓΛΩΣΣΑΣ ΚΑΙ ΦΙΛΟΛΟΓΙΑΣ', 'ΦΙΛΟΣΟΦΙΚΗ', 0, 8);
INSERT INTO department (id, department, school, version, institution_id) VALUES (140, 'ΠΑΙΔΑΓΩΓΙΚΟ ΔΗΜΟΤΙΚΗΣ ΕΚΠΑΙΔΕΥΣΗΣ', 'ΠΑΙΔΑΓΩΓΙΚΗ', 0, 8);
INSERT INTO department (id, department, school, version, institution_id) VALUES (141, 'ΠΑΙΔΑΓΩΓΙΚΟ  ΔΗΜΟΤΙΚΗΣ ΕΚΠΑΙΔΕΥΣΗΣ', 'ΑΝΘΡΩΠΙΣΤΙΚΩΝ ΚΑΙ ΚΟΙΝΩΝΙΚΩΝ ΕΠΙΣΤΗΜΩΝ', 0, 23);
INSERT INTO department (id, department, school, version, institution_id) VALUES (146, 'ΘΕΑΤΡΙΚΩΝ ΣΠΟΥΔΩΝ', 'ΦΙΛΟΣΟΦΙΚΗ', 0, 12);
INSERT INTO department (id, department, school, version, institution_id) VALUES (147, 'ΔΗΜΟΣΙΟΓΡΑΦΙΑΣ ΚΑΙ ΜΕΣΩΝ ΜΑΖΙΚΗΣ ΕΝΗΜΕΡΩΣΗΣ', 'ΑΝΕΞΑΡΤΗΤΑ ΤΜΗΜΑΤΑ', 0, 8);
INSERT INTO department (id, department, school, version, institution_id) VALUES (148, 'ΕΠΙΚΟΙΝΩΝΙΑΣ & ΜΜΕ', 'ΑΝΕΞΑΡΤΗΤΑ ΤΜΗΜΑΤΑ', 0, 12);
INSERT INTO department (id, department, school, version, institution_id) VALUES (150, 'ΔΙΕΘΝΩΝ ΚΑΙ ΕΥΡΩΠΑΙΚΩΝ ΟΙΚΟΝΟΜΙΚΩΝ ΣΠΟΥΔΩΝ', '', 0, 15);
INSERT INTO department (id, department, school, version, institution_id) VALUES (152, 'ΟΙΚΟΝΟΜΙΚΗΣ ΚΑΙ ΠΕΡΙΦΕΡΕΙΑΚΗΣ ΑΝΑΠΤΥΞΗΣ', '', 0, 27);
INSERT INTO department (id, department, school, version, institution_id) VALUES (153, 'ΕΠΙΚΟΙΝΩΝΙΑΣ, ΜΕΣΩΝ ΚΑΙ ΠΟΛΙΤΙΣΜΟΥ', '', 0, 27);
INSERT INTO department (id, department, school, version, institution_id) VALUES (154, 'ΕΚΠΑΙΔΕΥΣΗΣ ΚΑΙ ΑΓΩΓΗΣ ΣΤΗΝ ΠΡΟΣΧΟΛΙΚΗ ΗΛΙΚΙΑ', 'ΑΝΕΞΑΡΤΗΤΑ ΤΜΗΜΑΤΑ', 0, 12);
INSERT INTO department (id, department, school, version, institution_id) VALUES (155, 'ΧΡΗΜΑΤΟΟΙΚΟΝΟΜΙΚΗΣ ΚΑΙ ΤΡΑΠΕΖΙΚΗΣ ΔΙΟΙΚΗΤΙΚΗΣ', '', 0, 24);
INSERT INTO department (id, department, school, version, institution_id) VALUES (156, 'ΠΑΙΔΑΓΩΓΙΚΟ ΝΗΠΙΑΓΩΓΩΝ', 'ΕΠΙΣΤΗΜΩΝ ΑΓΩΓΗΣ', 0, 20);
INSERT INTO department (id, department, school, version, institution_id) VALUES (157, 'ΝΑΥΤΙΛΙΑΚΩΝ ΣΠΟΥΔΩΝ', '', 0, 24);
INSERT INTO department (id, department, school, version, institution_id) VALUES (159, 'ΚΟΙΝΩΝΙΚΗΣ ΠΟΛΙΤΙΚΗΣ', '', 0, 27);
INSERT INTO department (id, department, school, version, institution_id) VALUES (163, 'ΚΙΝΗΜΑΤΟΓΡΑΦΟΥ', 'ΚΑΛΩΝ ΤΕΧΝΩΝ', 0, 8);
INSERT INTO department (id, department, school, version, institution_id) VALUES (165, 'ΚΟΙΝΩΝΙΚΗΣ ΑΝΘΡΩΠΟΛΟΓΙΑΣ', '', 0, 27);
INSERT INTO department (id, department, school, version, institution_id) VALUES (168, 'ΘΕΑΤΡΟΥ', 'ΚΑΛΩΝ ΤΕΧΝΩΝ', 0, 8);
INSERT INTO department (id, department, school, version, institution_id) VALUES (169, 'ΘΕΑΤΡΙΚΩΝ ΣΠΟΥΔΩΝ', 'ΑΝΘΡΩΠΙΣΤΙΚΩΝ ΚΑΙ ΚΟΙΝΩΝΙΚΩΝ ΕΠΙΣΤΗΜΩΝ', 0, 23);
INSERT INTO department (id, department, school, version, institution_id) VALUES (167, 'ΚΟΙΝΩΝΙΚΗΣ ΑΝΘΡΩΠΟΛΟΓΙΑΣ ΚΑΙ ΙΣΤΟΡΙΑΣ', 'ΚΟΙΝΩΝΙΚΩΝ ΕΠΙΣΤΗΜΩΝ', 0, 16);
INSERT INTO department (id, department, school, version, institution_id) VALUES (262, 'ΨΗΦΙΑΚΩΝ ΣΥΣΤΗΜΑΤΩΝ', '', 0, 24);
INSERT INTO department (id, department, school, version, institution_id) VALUES (144, 'ΟΙΚΙΑΚΗΣ ΟΙΚΟΝΟΜΙΑΣ ΚΑΙ ΟΙΚΟΛΟΓΙΑΣ', '', 0, 43);
INSERT INTO department (id, department, school, version, institution_id) VALUES (164, 'ΠΑΙΔΑΓΩΓΙΚΟ ΔΗΜΟΤΙΚΗΣ ΕΚΠΑΙΔΕΥΣΗΣ', 'ΕΠΙΣΤΗΜΩΝ ΤΟΥ ΑΝΘΡΩΠΟΥ', 0, 19);
INSERT INTO department (id, department, school, version, institution_id) VALUES (166, 'ΠΑΙΔΑΓΩΓΙΚΟ ΠΡΟΣΧΟΛΙΚΗΣ ΕΚΠΑΙΔΕΥΣΗΣ', 'ΕΠΙΣΤΗΜΩΝ ΤΟΥ ΑΝΘΡΩΠΟΥ', 0, 19);
INSERT INTO department (id, department, school, version, institution_id) VALUES (174, 'ΕΚΠΑΙΔΕΥΤΙΚΗΣ ΚΑΙ ΚΟΙΝΩΝΙΚΗΣ ΠΟΛΙΤΙΚΗΣ', '', 0, 22);
INSERT INTO department (id, department, school, version, institution_id) VALUES (175, 'ΦΙΛΟΛΟΓΙΑΣ', 'ΑΝΘΡΩΠΙΣΤΙΚΩΝ ΚΑΙ ΚΟΙΝΩΝΙΚΩΝ ΕΠΙΣΤΗΜΩΝ', 0, 23);
INSERT INTO department (id, department, school, version, institution_id) VALUES (176, 'ΒΑΛΚΑΝΙΚΩΝ ΣΛΑΒΙΚΩΝ ΚΑΙ ΑΝΑΤΟΛΙΚΩΝ ΣΠΟΥΔΩΝ', '', 0, 22);
INSERT INTO department (id, department, school, version, institution_id) VALUES (179, 'ΔΙΕΘΝΩΝ ΚΑΙ ΕΥΡΩΠΑΙΚΩΝ ΣΠΟΥΔΩΝ', '', 0, 27);
INSERT INTO department (id, department, school, version, institution_id) VALUES (142, 'ΠΑΙΔΑΓΩΓΙΚΟ ΔΗΜΟΤΙΚΗΣ  ΕΚΠΑΙΔΕΥΣΗΣ', 'ΕΠΙΣΤΗΜΩΝ ΑΓΩΓΗΣ', 0, 11);
INSERT INTO department (id, department, school, version, institution_id) VALUES (160, 'ΕΠΙΣΤΗΜΩΝ ΤΗΣ ΕΚΠΑΙΔΕΥΣΗΣ ΣΤΗΝ ΠΡΟΣΧΟΛΙΚΗ ΗΛΙΚΙΑ', 'ΕΠΙΣΤΗΜΩΝ ΑΓΩΓΗΣ', 0, 11);
INSERT INTO department (id, department, school, version, institution_id) VALUES (182, 'ΙΤΑΛΙΚΗΣ ΓΛΩΣΣΑΣ ΚΑΙ ΦΙΛΟΛΟΓΙΑΣ ', 'ΦΙΛΟΣΟΦΙΚΗ', 0, 12);
INSERT INTO department (id, department, school, version, institution_id) VALUES (183, 'ΙΣΠΑΝΙΚΗΣ ΓΛΩΣΣΑΣ ΚΑΙ ΦΙΛΟΛΟΓΙΑΣ ', 'ΦΙΛΟΣΟΦΙΚΗ', 0, 12);
INSERT INTO department (id, department, school, version, institution_id) VALUES (184, 'ΒΑΛΚΑΝΙΚΩΝ ΣΠΟΥΔΩΝ', '', 0, 18);
INSERT INTO department (id, department, school, version, institution_id) VALUES (185, 'ΠΛΑΣΤΙΚΩΝ ΤΕΧΝΩΝ & ΕΠΙΣΤΗΜΩΝ ΤΗΣ ΤΕΧΝΗΣ', '', 0, 20);
INSERT INTO department (id, department, school, version, institution_id) VALUES (187, 'ΚΟΙΝΩΝΙΚΗΣ ΚΑΙ ΕΚΠΑΙΔΕΥΤΙΚΗΣ ΠΟΛΙΤΙΚΗΣ', 'ΚΟΙΝΩΝΙΚΩΝ ΕΠΙΣΤΗΜΩΝ', 0, 25);
INSERT INTO department (id, department, school, version, institution_id) VALUES (188, 'ΤΟΥΡΚΙΚΩΝ ΣΠΟΥΔΩΝ ΚΑΙ ΣΥΓΧΡΟΝΩΝ ΑΣΙΑΤΙΚΩΝ ΣΠΟΥΔΩΝ', 'ΦΙΛΟΣΟΦΙΚΗ', 0, 12);
INSERT INTO department (id, department, school, version, institution_id) VALUES (189, 'ΦΙΛΟΛΟΓΙΑΣ', 'ΑΝΘΡΩΠΙΣΤΙΚΩΝ ΕΠΙΣΤΗΜΩΝ ΚΑΙ ΠΟΛΙΤΙΣΜΙΚΩΝ ΣΠΟΥΔΩΝ', 0, 25);
INSERT INTO department (id, department, school, version, institution_id) VALUES (190, 'ΝΟΣΗΛΕΥΤΙΚΗΣ', 'ΕΠΙΣΤΗΜΩΝ ΑΝΘΡΩΠΙΝΗΣ ΚΙΝΗΣΗΣ ΚΑΙ ΠΟΙΟΤΗΤΑΣ ΤΗΣ ΖΩΗΣ', 0, 25);
INSERT INTO department (id, department, school, version, institution_id) VALUES (191, 'ΠΕΡΙΦΕΡΕΙΑΚΗΣ ΟΙΚΟΝΟΜΙΚΗΣ ΑΝΑΠΤΥΞΗΣ', '', 0, 26);
INSERT INTO department (id, department, school, version, institution_id) VALUES (192, 'ΣΛΑΒΙΚΩΝ ΣΠΟΥΔΩΝ', 'ΦΙΛΟΣΟΦΙΚΗ', 0, 12);
INSERT INTO department (id, department, school, version, institution_id) VALUES (203, 'ΠΟΛΙΤΙΚΩΝ ΜΗΧΑΝΙΚΩΝ', 'ΠΟΛΥΤΕΧΝΙΚΗ', 0, 8);
INSERT INTO department (id, department, school, version, institution_id) VALUES (205, 'ΠΟΛΙΤΙΚΩΝ ΜΗΧΑΝΙΚΩΝ', 'ΠΟΛΥΤΕΧΝΙΚΗ', 0, 23);
INSERT INTO department (id, department, school, version, institution_id) VALUES (211, 'ΜΗΧΑΝΟΛΟΓΩΝ ΜΗΧΑΝΙΚΩΝ', 'ΠΟΛΥΤΕΧΝΙΚΗ', 0, 8);
INSERT INTO department (id, department, school, version, institution_id) VALUES (213, 'ΜΗΧΑΝΟΛΟΓΩΝ &  ΑΕΡΟΝΑΥΠΗΓΩΝ ΜΗΧΑΝΙΚΩΝ', 'ΠΟΛΥΤΕΧΝΙΚΗ', 0, 23);
INSERT INTO department (id, department, school, version, institution_id) VALUES (214, 'ΜΗΧΑΝΙΚΩΝ ΠΕΡΙΒΑΛΛΟΝΤΟΣ', '', 0, 28);
INSERT INTO department (id, department, school, version, institution_id) VALUES (215, 'ΜΗΧΑΝΙΚΩΝ ΗΛΕΚΤΡΟΝΙΚΩΝ ΥΠΟΛΟΓΙΣΤΩΝ ΚΑΙ ΠΛΗΡΟΦΟΡΙΚΗΣ', 'ΠΟΛΥΤΕΧΝΙΚΗ', 0, 23);
INSERT INTO department (id, department, school, version, institution_id) VALUES (219, 'ΗΛΕΚΤΡΟΛΟΓΩΝ ΜΗΧΑΝΙΚΩΝ ΚΑΙ ΜΗΧΑΝΙΚΩΝ ΥΠΟΛΟΓΙΣΤΩΝ', 'ΠΟΛΥΤΕΧΝΙΚΗ', 0, 8);
INSERT INTO department (id, department, school, version, institution_id) VALUES (221, 'ΗΛΕΚΤΡΟΛΟΓΩΝ ΜΗΧΑΝΙΚΩΝ ΚΑΙ ΤΕΧΝΟΛΟΓΙΑΣ ΥΠΟΛΟΓΙΣΤΩΝ', 'ΠΟΛΥΤΕΧΝΙΚΗ', 0, 23);
INSERT INTO department (id, department, school, version, institution_id) VALUES (180, 'ΝΑΥΤΙΛΙΑΣ ΚΑΙ ΕΠΙΧΕΙΡΗΜΑΤΙΚΩΝ ΥΠΗΡΕΣΙΩΝ', 'ΕΠΙΣΤΗΜΩΝ ΔΙΟΙΚΗΣΗΣ', 0, 16);
INSERT INTO department (id, department, school, version, institution_id) VALUES (181, 'ΜΕΣΟΓΕΙΑΚΩΝ ΣΠΟΥΔΩΝ', 'ΑΝΘΡΩΠΙΣΤΙΚΩΝ ΕΠΙΣΤΗΜΩΝ', 0, 16);
INSERT INTO department (id, department, school, version, institution_id) VALUES (177, 'ΙΣΤΟΡΙΑΣ, ΑΡΧΑΙΟΛΟΓΙΑΣ ΚΑΙ ΚΟΙΝΩΝΙΚΗΣ ΑΝΘΡΩΠΟΛΟΓΙΑΣ', 'ΕΠΙΣΤΗΜΩΝ ΤΟΥ ΑΝΘΡΩΠΟΥ', 0, 19);
INSERT INTO department (id, department, school, version, institution_id) VALUES (208, 'ΠΟΛΙΤΙΚΩΝ ΜΗΧΑΝΙΚΩΝ', 'ΠΟΛΥΤΕΧΝΙΚΗ', 0, 19);
INSERT INTO department (id, department, school, version, institution_id) VALUES (220, 'ΜΗΧΑΝΙΚΩΝ Η/Υ ΤΗΛΕΠΙΚΟΙΝΩΝΙΩΝ ΚΑΙ ΔΙΚΤΥΩΝ', 'ΠΟΛΥΤΕΧΝΙΚΗ', 0, 19);
INSERT INTO department (id, department, school, version, institution_id) VALUES (233, 'ΑΡΧΙΤΕΚΤΟΝΩΝ ΜΗΧΑΝΙΚΩΝ', 'ΠΟΛΥΤΕΧΝΙΚΗ', 0, 8);
INSERT INTO department (id, department, school, version, institution_id) VALUES (237, 'ΧΗΜΙΚΩΝ ΜΗΧΑΝΙΚΩΝ', 'ΠΟΛΥΤΕΧΝΙΚΗ', 0, 8);
INSERT INTO department (id, department, school, version, institution_id) VALUES (239, 'ΧΗΜΙΚΩΝ ΜΗΧΑΝΙΚΩΝ', 'ΠΟΛΥΤΕΧΝΙΚΗ', 0, 23);
INSERT INTO department (id, department, school, version, institution_id) VALUES (242, 'ΜΗΧΑΝΙΚΩΝ ΟΡΥΚΤΩΝ ΠΟΡΩΝ', '', 0, 28);
INSERT INTO department (id, department, school, version, institution_id) VALUES (243, 'ΜΑΘΗΜΑΤΙΚΩΝ', 'ΘΕΤΙΚΩΝ ΕΠΙΣΤΗΜΩΝ', 0, 12);
INSERT INTO department (id, department, school, version, institution_id) VALUES (245, 'ΜΑΘΗΜΑΤΙΚΩΝ', 'ΘΕΤΙΚΩΝ ΕΠΙΣΤΗΜΩΝ', 0, 8);
INSERT INTO department (id, department, school, version, institution_id) VALUES (253, 'ΦΥΣΙΚΗΣ', 'ΘΕΤΙΚΩΝ ΕΠΙΣΤΗΜΩΝ', 0, 12);
INSERT INTO department (id, department, school, version, institution_id) VALUES (255, 'ΦΥΣΙΚΗΣ', 'ΘΕΤΙΚΩΝ ΕΠΙΣΤΗΜΩΝ', 0, 8);
INSERT INTO department (id, department, school, version, institution_id) VALUES (257, 'ΦΥΣΙΚΗΣ', 'ΘΕΤΙΚΩΝ ΕΠΙΣΤΗΜΩΝ', 0, 23);
INSERT INTO department (id, department, school, version, institution_id) VALUES (259, 'ΦΥΣΙΚΗΣ', 'ΘΕΤΙΚΩΝ ΕΠΙΣΤΗΜΩΝ', 0, 20);
INSERT INTO department (id, department, school, version, institution_id) VALUES (263, 'ΧΗΜΕΙΑΣ', 'ΘΕΤΙΚΩΝ ΕΠΙΣΤΗΜΩΝ', 0, 12);
INSERT INTO department (id, department, school, version, institution_id) VALUES (265, 'ΧΗΜΕΙΑΣ', 'ΘΕΤΙΚΩΝ ΕΠΙΣΤΗΜΩΝ', 0, 8);
INSERT INTO department (id, department, school, version, institution_id) VALUES (267, 'ΧΗΜΕΙΑΣ', 'ΘΕΤΙΚΩΝ ΕΠΙΣΤΗΜΩΝ', 0, 23);
INSERT INTO department (id, department, school, version, institution_id) VALUES (269, 'ΧΗΜΕΙΑΣ', 'ΘΕΤΙΚΩΝ ΕΠΙΣΤΗΜΩΝ', 0, 20);
INSERT INTO department (id, department, school, version, institution_id) VALUES (272, 'ΜΗΧΑΝΙΚΩΝ ΕΠΙΣΤΗΜΗΣ ΥΛΙΚΩΝ', 'ΕΠΙΣΤΗΜΩΝ ΚΑΙ ΤΕΧΝΟΛΟΓΙΩΝ', 0, 20);
INSERT INTO department (id, department, school, version, institution_id) VALUES (273, 'ΓΕΩΠΟΝΙΑΣ', '', 0, 8);
INSERT INTO department (id, department, school, version, institution_id) VALUES (201, 'ΠΟΛΙΤΙΚΩΝ ΜΗΧΑΝΙΚΩΝ', '', 0, 13);
INSERT INTO department (id, department, school, version, institution_id) VALUES (209, 'ΜΗΧΑΝΟΛΟΓΩΝ ΜΗΧΑΝΙΚΩΝ', '', 0, 13);
INSERT INTO department (id, department, school, version, institution_id) VALUES (275, 'ΔΑΣΟΛΟΓΙΑΣ ΚΑΙ ΦΥΣΙΚΟΥ ΠΕΡΙΒΑΛΛΟΝΤΟΣ', '', 0, 8);
INSERT INTO department (id, department, school, version, institution_id) VALUES (277, 'ΒΙΟΛΟΓΙΑΣ', 'ΘΕΤΙΚΩΝ ΕΠΙΣΤΗΜΩΝ', 0, 12);
INSERT INTO department (id, department, school, version, institution_id) VALUES (279, 'ΒΙΟΛΟΓΙΑΣ', 'ΘΕΤΙΚΩΝ ΕΠΙΣΤΗΜΩΝ', 0, 8);
INSERT INTO department (id, department, school, version, institution_id) VALUES (280, 'ΒΙΟΛΟΓΙΚΩΝ ΕΦΑΡΜΟΓΩΝ ΚΑΙ ΤΕΧΝΟΛΟΓΙΩΝ', 'ΕΠΙΣΤΗΜΩΝ ΚΑΙ ΤΕΧΝΟΛΟΓΙΩΝ', 0, 20);
INSERT INTO department (id, department, school, version, institution_id) VALUES (281, 'ΒΙΟΛΟΓΙΑΣ', 'ΘΕΤΙΚΩΝ ΕΠΙΣΤΗΜΩΝ', 0, 23);
INSERT INTO department (id, department, school, version, institution_id) VALUES (283, 'ΓΕΩΛΟΓΙΑΣ ΚΑΙ ΓΕΩΠΕΡΙΒΑΛΛΟΝΤΟΣ', 'ΘΕΤΙΚΩΝ ΕΠΙΣΤΗΜΩΝ', 0, 12);
INSERT INTO department (id, department, school, version, institution_id) VALUES (285, 'ΓΕΩΛΟΓΙΑΣ', 'ΘΕΤΙΚΩΝ ΕΠΙΣΤΗΜΩΝ', 0, 8);
INSERT INTO department (id, department, school, version, institution_id) VALUES (287, 'ΓΕΩΛΟΓΙΑΣ', 'ΘΕΤΙΚΩΝ ΕΠΙΣΤΗΜΩΝ', 0, 23);
INSERT INTO department (id, department, school, version, institution_id) VALUES (288, 'ΕΠΙΣΤΗΜΗΣ ΤΩΝ ΥΛΙΚΩΝ', 'ΘΕΤΙΚΩΝ ΕΠΙΣΤΗΜΩΝ', 0, 23);
INSERT INTO department (id, department, school, version, institution_id) VALUES (289, 'ΦΑΡΜΑΚΕΥΤΙΚΗΣ', 'ΕΠΙΣΤΗΜΩΝ ΥΓΕΙΑΣ', 0, 12);
INSERT INTO department (id, department, school, version, institution_id) VALUES (291, 'ΦΑΡΜΑΚΕΥΤΙΚΗΣ', 'ΑΝΕΞΑΡΤΗΤΑ ΤΜΗΜΑΤΑ', 0, 8);
INSERT INTO department (id, department, school, version, institution_id) VALUES (293, 'ΦΑΡΜΑΚΕΥΤΙΚΗΣ', 'ΕΠΙΣΤΗΜΩΝ ΥΓΕΙΑΣ', 0, 23);
INSERT INTO department (id, department, school, version, institution_id) VALUES (238, 'ΜΗΧΑΝΙΚΩΝ ΣΧΕΔΙΑΣΗΣ ΠΡΟΙΟΝΤΩΝ ΚΑΙ ΣΥΣΤΗΜΑΤΩΝ', '', 0, 16);
INSERT INTO department (id, department, school, version, institution_id) VALUES (250, 'ΕΠΙΣΤΗΜΩΝ ΤΗΣ ΘΑΛΑΣΣΑΣ', 'ΠΕΡΙΒΑΛΛΟΝΤΟΣ', 0, 16);
INSERT INTO department (id, department, school, version, institution_id) VALUES (252, 'ΜΑΘΗΜΑΤΙΚΩΝ', 'ΘΕΤΙΚΩΝ ΕΠΙΣΤΗΜΩΝ', 0, 16);
INSERT INTO department (id, department, school, version, institution_id) VALUES (276, 'ΠΕΡΙΒΑΛΛΟΝΤΟΣ', 'ΠΕΡΙΒΑΛΛΟΝΤΟΣ', 0, 16);
INSERT INTO department (id, department, school, version, institution_id) VALUES (228, 'ΜΗΧΑΝΙΚΩΝ ΧΩΡΟΤΑΞΙΑΣ, ΠΟΛΕΟΔΟΜΙΑΣ ΚΑΙ ΠΕΡΙΦΕΡΕΙΑΚΗΣ ΑΝΑΠΤΥΞΗΣ', 'ΠΟΛΥΤΕΧΝΙΚΗ', 0, 19);
INSERT INTO department (id, department, school, version, institution_id) VALUES (236, 'ΑΡΧΙΤΕΚΤΟΝΩΝ ΜΗΧΑΝΙΚΩΝ', 'ΠΟΛΥΤΕΧΝΙΚΗ', 0, 19);
INSERT INTO department (id, department, school, version, institution_id) VALUES (274, 'ΓΕΩΠΟΝΙΑΣ ΦΥΤΙΚΗΣ ΠΑΡΑΓΩΓΗΣ ΚΑΙ ΑΓΡΟΤΙΚΟΥ ΠΕΡΙΒΑΛΛΟΝΤΟΣ', 'ΓΕΩΠΟΝΙΚΩΝ ΕΠΙΣΤΗΜΩΝ', 0, 19);
INSERT INTO department (id, department, school, version, institution_id) VALUES (284, 'ΒΙΟΧΗΜΕΙΑΣ ΚΑΙ ΒΙΟΤΕΧΝΟΛΟΓΙΑΣ', 'ΕΠΙΣΤΗΜΩΝ ΥΓΕΙΑΣ', 0, 19);
INSERT INTO department (id, department, school, version, institution_id) VALUES (303, 'ΟΔΟΝΤΙΑΤΡΙΚΗΣ', 'ΕΠΙΣΤΗΜΩΝ ΥΓΕΙΑΣ', 0, 12);
INSERT INTO department (id, department, school, version, institution_id) VALUES (305, 'ΟΔΟΝΤΙΑΤΡΙΚΗΣ', '', 0, 8);
INSERT INTO department (id, department, school, version, institution_id) VALUES (306, 'ΝΟΣΗΛΕΥΤΙΚΗΣ', 'ΕΠΙΣΤΗΜΩΝ ΥΓΕΙΑΣ', 0, 12);
INSERT INTO department (id, department, school, version, institution_id) VALUES (307, 'ΚΤΗΝΙΑΤΡΙΚΗΣ', '', 0, 8);
INSERT INTO department (id, department, school, version, institution_id) VALUES (309, 'ΟΙΚΟΝΟΜΙΚΩΝ ΕΠΙΣΤΗΜΩΝ', 'ΝΟΜΙΚΩΝ ΟΙΚΟΝΟΜΙΚΩΝ ΚΑΙ ΠΟΛΙΤΙΚΩΝ ΕΠΙΣΤΗΜΩΝ', 0, 12);
INSERT INTO department (id, department, school, version, institution_id) VALUES (312, 'ΟΙΚΟΝΟΜΙΚΗΣ ΕΠΙΣΤΗΜΗΣ', '', 0, 15);
INSERT INTO department (id, department, school, version, institution_id) VALUES (313, 'ΟΡΓΑΝΩΣΗΣ ΚΑΙ ΔΙΟΙΚΗΣΗΣ ΕΠΙΧΕΙΡΗΣΕΩΝ', '', 0, 15);
INSERT INTO department (id, department, school, version, institution_id) VALUES (314, 'ΜΑΡΚΕΤΙΝΓΚ ΚΑΙ ΕΠΙΚΟΙΝΩΝΙΑΣ', '', 0, 15);
INSERT INTO department (id, department, school, version, institution_id) VALUES (316, 'ΟΡΓΑΝΩΣΗΣ ΚΑΙ ΔΙΟΙΚΗΣΗΣ ΕΠΙΧΕΙΡΗΣΕΩΝ', '', 0, 24);
INSERT INTO department (id, department, school, version, institution_id) VALUES (317, 'ΟΙΚΟΝΟΜΙΚΩΝ ΕΠΙΣΤΗΜΩΝ', '', 0, 22);
INSERT INTO department (id, department, school, version, institution_id) VALUES (318, 'ΣΤΑΤΙΣΤΙΚΗΣ ΚΑΙ ΑΣΦΑΛΙΣΤΙΚΗΣ ΕΠΙΣΤΗΜΗΣ', '', 0, 24);
INSERT INTO department (id, department, school, version, institution_id) VALUES (319, 'ΟΙΚΟΝΟΜΙΚΩΝ ΕΠΙΣΤΗΜΩΝ', '', 0, 23);
INSERT INTO department (id, department, school, version, institution_id) VALUES (322, 'ΟΡΓΑΝΩΣΗΣ ΚΑΙ ΔΙΟΙΚΗΣΗΣ ΕΠΙΧΕΙΡΗΣΕΩΝ', '', 0, 22);
INSERT INTO department (id, department, school, version, institution_id) VALUES (325, 'ΓΕΩΠΟΝΙΚΗΣ ΒΙΟΤΕΧΝΟΛΟΓΙΑΣ', '', 0, 10);
INSERT INTO department (id, department, school, version, institution_id) VALUES (326, 'ΑΓΡΟΤΙΚΗΣ ΟΙΚΟΝΟΜΙΑΣ ΚΑΙ ΑΝΑΠΤΥΞΗΣ', '', 0, 10);
INSERT INTO department (id, department, school, version, institution_id) VALUES (327, 'ΑΞΙΟΠΟΙΗΣΗΣ ΦΥΣΙΚΩΝ ΠΟΡΩΝ ΚΑΙ ΓΕΩΡΓΙΚΗΣ ΜΗΧΑΝΙΚΗΣ', '', 0, 10);
INSERT INTO department (id, department, school, version, institution_id) VALUES (328, 'ΕΠΙΣΤΗΜΗΣ ΚΑΙ ΤΕΧΝΟΛΟΓΙΑΣ ΤΡΟΦΙΜΩΝ', '', 0, 10);
INSERT INTO department (id, department, school, version, institution_id) VALUES (329, 'ΣΤΑΤΙΣΤΙΚΗΣ', '', 0, 15);
INSERT INTO department (id, department, school, version, institution_id) VALUES (330, 'ΠΛΗΡΟΦΟΡΙΚΗΣ ΚΑΙ ΤΗΛΕΠΙΚΟΙΝΩΝΙΩΝ', 'ΘΕΤΙΚΩΝ ΕΠΙΣΤΗΜΩΝ', 0, 12);
INSERT INTO department (id, department, school, version, institution_id) VALUES (331, 'ΗΛΕΚΤΡΟΝΙΚΩΝ ΜΗΧΑΝΙΚΩΝ ΚΑΙ ΜΗΧΑΝΙΚΩΝ ΥΠΟΛΟΓΙΣΤΩΝ', '', 0, 28);
INSERT INTO department (id, department, school, version, institution_id) VALUES (333, 'ΠΛΗΡΟΦΟΡΙΚΗΣ', '', 0, 15);
INSERT INTO department (id, department, school, version, institution_id) VALUES (334, 'ΠΑΙΔΑΓΩΓΙΚΟ ΔΗΜΟΤΙΚΗΣ ΕΚΠΑΙΔΕΥΣΗΣ', 'ΠΑΙΔΑΓΩΓΙΚΗ', 0, 18);
INSERT INTO department (id, department, school, version, institution_id) VALUES (335, 'ΕΦΑΡΜΟΣΜΕΝΗΣ ΠΛΗΡΟΦΟΡΙΚΗΣ', '', 0, 22);
INSERT INTO department (id, department, school, version, institution_id) VALUES (336, 'ΒΙΟΜΗΧΑΝΙΚΗΣ ΔΙΟΙΚΗΣΗΣ ΚΑΙ ΤΕΧΝΟΛΟΓΙΑΣ', '', 0, 24);
INSERT INTO department (id, department, school, version, institution_id) VALUES (337, 'ΛΟΓΙΣΤΙΚΗΣ ΚΑΙ ΧΡΗΜΑΤΟΟΙΚΟΝΟΜΙΚΗΣ', '', 0, 22);
INSERT INTO department (id, department, school, version, institution_id) VALUES (338, 'ΠΛΗΡΟΦΟΡΙΚΗΣ', 'ΘΕΤΙΚΩΝ ΕΠΙΣΤΗΜΩΝ', 0, 8);
INSERT INTO department (id, department, school, version, institution_id) VALUES (339, 'ΠΛΗΡΟΦΟΡΙΚΗΣ', '', 0, 24);
INSERT INTO department (id, department, school, version, institution_id) VALUES (340, 'ΠΛΗΡΟΦΟΡΙΚΗΣ', 'ΘΕΤΙΚΩΝ ΕΠΙΣΤΗΜΩΝ', 0, 20);
INSERT INTO department (id, department, school, version, institution_id) VALUES (341, 'ΠΑΙΔΑΓΩΓΙΚΟ ΝΗΠΙΑΓΩΓΩΝ', 'ΠΑΙΔΑΓΩΓΙΚΗ', 0, 18);
INSERT INTO department (id, department, school, version, institution_id) VALUES (345, 'ΟΙΚΟΝΟΜΙΚΩΝ ΕΠΙΣΤΗΜΩΝ', '', 0, 20);
INSERT INTO department (id, department, school, version, institution_id) VALUES (347, 'ΛΟΓΙΣΤΙΚΗΣ ΚΑΙ ΧΡΗΜΑΤΟΟΙΚΟΝΟΜΙΚΗΣ', '', 0, 15);
INSERT INTO department (id, department, school, version, institution_id) VALUES (352, 'ΔΙΟΙΚΗΣΗΣ ΕΠΙΧΕΙΡΗΣΕΩΝ', '', 0, 23);
INSERT INTO department (id, department, school, version, institution_id) VALUES (304, 'ΙΑΤΡΙΚΗΣ', 'ΕΠΙΣΤΗΜΩΝ ΥΓΕΙΑΣ', 0, 21);
INSERT INTO department (id, department, school, version, institution_id) VALUES (310, 'ΓΕΩΓΡΑΦΙΑΣ', 'ΚΟΙΝΩΝΙΚΩΝ ΕΠΙΣΤΗΜΩΝ', 0, 16);
INSERT INTO department (id, department, school, version, institution_id) VALUES (320, 'ΔΙΟΙΚΗΣΗΣ ΕΠΙΧΕΙΡΗΣΕΩΝ', 'ΕΠΙΣΤΗΜΩΝ ΔΙΟΙΚΗΣΗΣ', 0, 16);
INSERT INTO department (id, department, school, version, institution_id) VALUES (348, 'ΚΟΙΝΩΝΙΟΛΟΓΙΑΣ', 'ΚΟΙΝΩΝΙΚΩΝ ΕΠΙΣΤΗΜΩΝ', 0, 16);
INSERT INTO department (id, department, school, version, institution_id) VALUES (294, 'ΕΠΙΣΤΗΜΗΣ ΔΙΑΙΤΟΛΟΓΙΑΣ - ΔΙΑΤΡΟΦΗΣ', '', 0, 43);
INSERT INTO department (id, department, school, version, institution_id) VALUES (300, 'ΙΑΤΡΙΚΗΣ', 'ΕΠΙΣΤΗΜΩΝ ΥΓΕΙΑΣ', 0, 19);
INSERT INTO department (id, department, school, version, institution_id) VALUES (308, 'ΚΤΗΝΙΑΤΡΙΚΗΣ', 'ΕΠΙΣΤΗΜΩΝ ΥΓΕΙΑΣ', 0, 19);
INSERT INTO department (id, department, school, version, institution_id) VALUES (332, 'ΜΗΧΑΝΟΛΟΓΩΝ ΜΗΧΑΝΙΚΩΝ', 'ΠΟΛΥΤΕΧΝΙΚΗ', 0, 19);
INSERT INTO department (id, department, school, version, institution_id) VALUES (350, 'ΟΙΚΟΝΟΜΙΚΩΝ ΕΠΙΣΤΗΜΩΝ', '', 0, 19);
INSERT INTO department (id, department, school, version, institution_id) VALUES (358, 'ΕΠΙΣΤΗΜΗΣ ΚΑΙ ΤΕΧΝΟΛΟΓΙΑΣ ΥΠΟΛΟΓΙΣΤΩΝ', 'ΘΕΤΙΚΩΝ ΕΠΙΣΤΗΜΩΝ ΚΑΙ ΤΕΧΝΟΛΟΓΙΑΣ', 0, 25);
INSERT INTO department (id, department, school, version, institution_id) VALUES (359, 'ΕΠΙΣΤΗΜΗΣ ΚΑΙ ΤΕΧΝΟΛΟΓΙΑΣ ΤΗΛΕΠΙΚΟΙΝΩΝΙΩΝ', 'ΘΕΤΙΚΩΝ ΕΠΙΣΤΗΜΩΝ ΚΑΙ ΤΕΧΝΟΛΟΓΙΑΣ', 0, 25);
INSERT INTO department (id, department, school, version, institution_id) VALUES (361, 'ΟΙΚΟΝΟΜΙΚΩΝ ΕΠΙΣΤΗΜΩΝ', 'ΕΠΙΣΤΗΜΩΝ ΔΙΟΙΚΗΣΗΣ ΚΑΙ ΟΙΚΟΝΟΜΙΑΣ', 0, 25);
INSERT INTO department (id, department, school, version, institution_id) VALUES (362, 'ΘΕΑΤΡΙΚΩΝ ΣΠΟΥΔΩΝ', 'ΚΑΛΩΝ ΤΕΧΝΩΝ', 0, 25);
INSERT INTO department (id, department, school, version, institution_id) VALUES (363, 'ΜΗΧΑΝΙΚΩΝ ΧΩΡΟΤΑΞΙΑΣ ΚΑΙ ΑΝΑΠΤΥΞΗΣ', 'ΠΟΛΥΤΕΧΝΙΚΗ', 0, 8);
INSERT INTO department (id, department, school, version, institution_id) VALUES (364, 'ΜΑΡΚΕΤΙΝΓΚ ΚΑΙ ΔΙΟΙΚΗΣΗΣ ΛΕΙΤΟΥΡΓΙΩΝ', '', 0, 22);
INSERT INTO department (id, department, school, version, institution_id) VALUES (365, 'ΔΙΟΙΚΗΣΗΣ ΤΕΧΝΟΛΟΓΙΑΣ', '', 0, 22);
INSERT INTO department (id, department, school, version, institution_id) VALUES (367, 'ΤΕΧΝΩΝ ΗΧΟΥ ΚΑΙ ΕΙΚΟΝΑΣ', '', 0, 14);
INSERT INTO department (id, department, school, version, institution_id) VALUES (369, 'ΠΛΗΡΟΦΟΡΙΚΗΣ ΜΕ ΕΦΑΡΜΟΓΕΣ ΣΤΗ ΒΙΟΙΑΤΡΙΚΗ', '', 0, 26);
INSERT INTO department (id, department, school, version, institution_id) VALUES (370, 'ΑΡΧΙΤΕΚΤΟΝΩΝ ΜΗΧΑΝΙΚΩΝ', '', 0, 28);
INSERT INTO department (id, department, school, version, institution_id) VALUES (371, 'ΜΗΧΑΝΙΚΩΝ ΠΛΗΡΟΦΟΡΙΚΗΣ ΚΑΙ ΤΗΛΕΠΙΚΟΙΝΩΝΙΩΝ', 'ΠΟΛΥΤΕΧΝΙΚΗ', 0, 18);
INSERT INTO department (id, department, school, version, institution_id) VALUES (373, 'ΠΟΛΙΤΙΚΩΝ ΕΠΙΣΤΗΜΩΝ', '', 0, 11);
INSERT INTO department (id, department, school, version, institution_id) VALUES (374, 'ΔΙΟΙΚΗΣΗΣ ΕΠΙΧΕΙΡΗΣΕΩΝ', '', 0, 11);
INSERT INTO department (id, department, school, version, institution_id) VALUES (385, 'ΞΕΝΩΝ ΓΛΩΣΣΩΝ, ΜΕΤΑΦΡΑΣΗΣ ΚΑΙ ΔΙΕΡΜΗΝΕΙΑΣ', '', 0, 14);
INSERT INTO department (id, department, school, version, institution_id) VALUES (400, 'ΟΡΓΑΝΩΣΗΣ ΚΑΙ ΔΙΑΧΕΙΡΙΣΗΣ ΑΘΛΗΤΙΣΜΟΥ', 'ΕΠΙΣΤΗΜΩΝ ΑΝΘΡΩΠΙΝΗΣ ΚΙΝΗΣΗΣ ΚΑΙ ΠΟΙΟΤΗΤΑΣ ΤΗΣ ΖΩΗΣ', 0, 25);
INSERT INTO department (id, department, school, version, institution_id) VALUES (401, 'ΕΠΙΣΤΗΜΗΣ ΦΥΣΙΚΗΣ ΑΓΩΓΗΣ ΚΑΙ ΑΘΛΗΤΙΣΜΟΥ', 'ΑΝΕΞΑΡΤΗΤΑ ΤΜΗΜΑΤΑ', 0, 12);
INSERT INTO department (id, department, school, version, institution_id) VALUES (402, 'ΕΠΙΣΤΗΜΗΣ ΦΥΣΙΚΗΣ ΑΓΩΓΗΣ ΚΑΙ ΑΘΛΗΤΙΣΜΟΥ  (ΣΕΡΡΩΝ)', 'ΑΝΕΞΑΡΤΗΤΑ ΤΜΗΜΑΤΑ', 0, 8);
INSERT INTO department (id, department, school, version, institution_id) VALUES (403, 'ΕΠΙΣΤΗΜΗΣ ΦΥΣΙΚΗΣ ΑΓΩΓΗΣ ΚΑΙ ΑΘΛΗΤΙΣΜΟΥ', 'ΑΝΕΞΑΡΤΗΤΑ ΤΜΗΜΑΤΑ', 0, 8);
INSERT INTO department (id, department, school, version, institution_id) VALUES (406, 'ΜΟΥΣΙΚΩΝ ΣΠΟΥΔΩΝ', 'ΚΑΛΩΝ ΤΕΧΝΩΝ', 0, 8);
INSERT INTO department (id, department, school, version, institution_id) VALUES (407, 'ΜΟΥΣΙΚΩΝ ΣΠΟΥΔΩΝ', '', 0, 14);
INSERT INTO department (id, department, school, version, institution_id) VALUES (408, 'ΜΟΥΣΙΚΩΝ ΣΠΟΥΔΩΝ', 'ΦΙΛΟΣΟΦΙΚΗ', 0, 12);
INSERT INTO department (id, department, school, version, institution_id) VALUES (409, 'ΜΟΥΣΙΚΗΣ ΕΠΙΣΤΗΜΗΣ ΚΑΙ ΤΕΧΝΗΣ', '', 0, 22);
INSERT INTO department (id, department, school, version, institution_id) VALUES (411, 'ΠΟΛΙΤΙΚΗΣ ΕΠΙΣΤΗΜΗΣ ΚΑΙ ΔΙΕΘΝΩΝ ΣΧΕΣΕΩΝ', 'ΚΟΙΝΩΝΙΚΩΝ ΕΠΙΣΤΗΜΩΝ', 0, 25);
INSERT INTO department (id, department, school, version, institution_id) VALUES (413, 'ΠΡΟΓΡΑΜΜΑ ΙΕΡΑΤΙΚΩΝ ΣΠΟΥΔΩΝ', '', 0, 2);
INSERT INTO department (id, department, school, version, institution_id) VALUES (414, 'ΠΡΟΓΡΑΜΜΑ ΙΕΡΑΤΙΚΩΝ ΣΠΟΥΔΩΝ', '', 0, 5);
INSERT INTO department (id, department, school, version, institution_id) VALUES (416, 'ΠΡΟΓΡΑΜΜΑ ΙΕΡΑΤΙΚΩΝ ΣΠΟΥΔΩΝ', '', 0, 4);
INSERT INTO department (id, department, school, version, institution_id) VALUES (418, 'ΠΡΟΓΡΑΜΜΑ ΕΚΚΛΗΣΙΑΣΤΙΚΗΣ ΜΟΥΣΙΚΗΣ ΚΑΙ ΨΑΛΤΙΚΗΣ ', '', 0, 4);
INSERT INTO department (id, department, school, version, institution_id) VALUES (419, 'ΠΡΟΓΡΑΜΜΑ ΔΙΑΧΕΙΡΙΣΗΣ ΕΚΚΛΗΣΙΑΣΤΙΚΩΝ ΚΕΙΜΗΛΙΩΝ', '', 0, 2);
INSERT INTO department (id, department, school, version, institution_id) VALUES (420, 'ΠΡΟΓΡΑΜΜΑ ΔΙΑΧΕΙΡΙΣΗΣ ΕΚΚΛΗΣΙΑΣΤΙΚΩΝ ΚΕΙΜΗΛΙΩΝ', '', 0, 5);
INSERT INTO department (id, department, school, version, institution_id) VALUES (443, 'ΠΟΛΙΤΙΚΩΝ ΕΡΓΩΝ ΥΠΟΔΟΜΗΣ', 'ΤΕΧΝΟΛΟΓΙΚΩΝ ΕΦΑΡΜΟΓΩΝ', 0, 29);
INSERT INTO department (id, department, school, version, institution_id) VALUES (444, 'ΕΚΠΑΙΔΕΥΤΙΚΩΝ ΠΟΛΙΤΙΚΩΝ ΕΡΓΩΝ ΥΠΟΔΟΜΗΣ', 'ΑΣΠΑΙΤΕ', 0, 9);
INSERT INTO department (id, department, school, version, institution_id) VALUES (445, 'ΠΟΛΙΤΙΚΩΝ ΔΟΜΙΚΩΝ ΕΡΓΩΝ', 'ΤΕΧΝΟΛΟΓΙΚΩΝ ΕΦΑΡΜΟΓΩΝ', 0, 40);
INSERT INTO department (id, department, school, version, institution_id) VALUES (449, 'ΠΟΛΙΤΙΚΩΝ ΕΡΓΩΝ  ΥΠΟΔΟΜΗΣ', 'ΤΕΧΝΟΛΟΓΙΚΩΝ ΕΦΑΡΜΟΓΩΝ', 0, 39);
INSERT INTO department (id, department, school, version, institution_id) VALUES (451, 'ΠΟΛΙΤΙΚΩΝ ΕΡΓΩΝ ΥΠΟΔΟΜΗΣ', 'ΤΕΧΝΟΛΟΓΙΑΣ ΕΦΑΡΜΟΓΩΝ', 0, 37);
INSERT INTO department (id, department, school, version, institution_id) VALUES (354, 'ΠΟΛΙΤΙΣΜΙΚΗΣ ΤΕΧΝΟΛΟΓΙΑΣ ΚΑΙ ΕΠΙΚΟΙΝΩΝΙΑΣ', 'ΚΟΙΝΩΝΙΚΩΝ ΕΠΙΣΤΗΜΩΝ', 0, 16);
INSERT INTO department (id, department, school, version, institution_id) VALUES (356, 'ΓΕΩΓΡΑΦΙΑΣ', '', 0, 43);
INSERT INTO department (id, department, school, version, institution_id) VALUES (412, 'ΠΛΗΡΟΦΟΡΙΚΗΣ ΚΑΙ ΤΗΛΕΜΑΤΙΚΗΣ', '', 0, 43);
INSERT INTO department (id, department, school, version, institution_id) VALUES (405, 'ΕΠΙΣΤΗΜΗΣ ΦΥΣΙΚΗΣ ΑΓΩΓΗΣ ΚΑΙ ΑΘΛΗΤΙΣΜΟΥ', '', 0, 19);
INSERT INTO department (id, department, school, version, institution_id) VALUES (447, 'ΠΟΛΙΤΙΚΩΝ ΕΡΓΩΝ ΥΠΟΔΟΜΗΣ', 'ΤΕΧΝΟΛΟΓΙΚΩΝ ΕΦΑΡΜΟΓΩΝ', 0, 1);
INSERT INTO department (id, department, school, version, institution_id) VALUES (465, 'ΜΗΧΑΝΟΛΟΓΙΑΣ', 'ΤΕΧΝΟΛΟΓΙΚΩΝ ΕΦΑΡΜΟΓΩΝ', 0, 39);
INSERT INTO department (id, department, school, version, institution_id) VALUES (467, 'ΜΗΧΑΝΟΛΟΓΙΑΣ', 'ΤΕΧΝΟΛΟΓΙΑΣ ΕΦΑΡΜΟΓΩΝ', 0, 37);
INSERT INTO department (id, department, school, version, institution_id) VALUES (469, 'ΜΗΧΑΝΟΛΟΓΙΑΣ', 'ΤΕΧΝΟΛΟΓΙΚΩΝ ΕΦΑΡΜΟΓΩΝ', 0, 35);
INSERT INTO department (id, department, school, version, institution_id) VALUES (471, 'ΜΗΧΑΝΟΛΟΓΙΑΣ', 'ΤΕΧΝΟΛΟΓΙΚΩΝ ΕΦΑΡΜΟΓΩΝ', 0, 33);
INSERT INTO department (id, department, school, version, institution_id) VALUES (475, 'ΜΗΧΑΝΟΛΟΓΙΑΣ', 'ΤΕΧΝΟΛΟΓΙΚΩΝ ΕΦΑΡΜΟΓΩΝ', 0, 41);
INSERT INTO department (id, department, school, version, institution_id) VALUES (477, 'ΕΚΠΑΙΔΕΥΤΙΚΩΝ ΜΗΧΑΝΟΛΟΓΙΑΣ', 'ΑΣΠΑΙΤΕ', 0, 9);
INSERT INTO department (id, department, school, version, institution_id) VALUES (479, 'ΜΗΧΑΝΟΛΟΓΙΑΣ', 'ΤΕΧΝΟΛΟΓΙΚΩΝ ΕΦΑΡΜΟΓΩΝ', 0, 42);
INSERT INTO department (id, department, school, version, institution_id) VALUES (480, 'ΤΕΧΝΟΛΟΓΙΑΣ ΙΑΤΡΙΚΩΝ ΟΡΓΑΝΩΝ', 'ΤΕΧΝΟΛΟΓΙΚΩΝ ΕΦΑΡΜΟΓΩΝ', 0, 29);
INSERT INTO department (id, department, school, version, institution_id) VALUES (483, 'ΗΛΕΚΤΡΟΛΟΓΙΑΣ', 'ΤΕΧΝΟΛΟΓΙΚΩΝ ΕΦΑΡΜΟΓΩΝ', 0, 40);
INSERT INTO department (id, department, school, version, institution_id) VALUES (487, 'ΗΛΕΚΤΡΟΛΟΓΙΑΣ', 'ΤΕΧΝΟΛΟΓΙΚΩΝ ΕΦΑΡΜΟΓΩΝ', 0, 39);
INSERT INTO department (id, department, school, version, institution_id) VALUES (489, 'ΗΛΕΚΤΡΟΛΟΓΙΑΣ', 'ΤΕΧΝΟΛΟΓΙΑΣ ΕΦΑΡΜΟΓΩΝ', 0, 37);
INSERT INTO department (id, department, school, version, institution_id) VALUES (491, 'ΗΛΕΚΤΡΟΛΟΓΙΑΣ', 'ΤΕΧΝΟΛΟΓΙΚΩΝ ΕΦΑΡΜΟΓΩΝ', 0, 35);
INSERT INTO department (id, department, school, version, institution_id) VALUES (493, 'ΗΛΕΚΤΡΟΛΟΓΙΑΣ', 'ΤΕΧΝΟΛΟΓΙΚΩΝ ΕΦΑΡΜΟΓΩΝ', 0, 33);
INSERT INTO department (id, department, school, version, institution_id) VALUES (497, 'ΕΚΠΑΙΔΕΥΤΙΚΩΝ ΗΛΕΚΤΡΟΛΟΓΙΑΣ', 'ΑΣΠΑΙΤΕ', 0, 9);
INSERT INTO department (id, department, school, version, institution_id) VALUES (498, 'ΗΛΕΚΤΡΟΛΟΓΙΑΣ', 'ΤΕΧΝΟΛΟΓΙΚΩΝ ΕΦΑΡΜΟΓΩΝ', 0, 36);
INSERT INTO department (id, department, school, version, institution_id) VALUES (499, 'ΗΛΕΚΤΡΟΛΟΓΙΑΣ', 'ΤΕΧΝΟΛΟΓΙΚΩΝ ΕΦΑΡΜΟΓΩΝ', 0, 42);
INSERT INTO department (id, department, school, version, institution_id) VALUES (501, 'ΗΛΕΚΤΡΟΝΙΚΗΣ', 'ΤΕΧΝΟΛΟΓΙΚΩΝ ΕΦΑΡΜΟΓΩΝ', 0, 29);
INSERT INTO department (id, department, school, version, institution_id) VALUES (503, 'ΗΛΕΚΤΡΟΝΙΚΗΣ', 'ΤΕΧΝΟΛΟΓΙΚΩΝ ΕΦΑΡΜΟΓΩΝ', 0, 40);
INSERT INTO department (id, department, school, version, institution_id) VALUES (506, 'ΠΛΗΡΟΦΟΡΙΚΗΣ & ΤΕΧΝΟΛΟΓΙΑΣ Η/Υ', 'ΤΕΧΝΟΛΟΓΙΚΩΝ ΕΦΑΡΜΟΓΩΝ', 0, 36);
INSERT INTO department (id, department, school, version, institution_id) VALUES (507, 'ΕΚΠΑΙΔΕΥΤΙΚΩΝ ΗΛΕΚΤΡΟΝΙΚΗΣ', 'ΑΣΠΑΙΤΕ', 0, 9);
INSERT INTO department (id, department, school, version, institution_id) VALUES (508, 'ΤΕΧΝΟΛΟΓΙΑΣ ΠΛΗΡΟΦΟΡΙΚΗΣ ΚΑΙ ΤΗΛΕΠΙΚΟΙΝΩΝΙΩΝ', '', 0, 32);
INSERT INTO department (id, department, school, version, institution_id) VALUES (509, 'ΤΟΠΟΓΡΑΦΙΑΣ', 'ΤΕΧΝΟΛΟΓΙΚΩΝ ΕΦΑΡΜΟΓΩΝ', 0, 29);
INSERT INTO department (id, department, school, version, institution_id) VALUES (510, 'ΓΕΩΠΛΗΡΟΦΟΡΙΚΗΣ & ΤΟΠΟΓΡΑΦΙΑΣ', 'ΤΕΧΝΟΛΟΓΙΚΩΝ ΕΦΑΡΜΟΓΩΝ', 0, 41);
INSERT INTO department (id, department, school, version, institution_id) VALUES (511, 'ΝΑΥΠΗΓΙΚΗΣ', 'ΤΕΧΝΟΛΟΓΙΚΩΝ ΕΦΑΡΜΟΓΩΝ', 0, 29);
INSERT INTO department (id, department, school, version, institution_id) VALUES (512, 'ΕΝΕΡΓΕΙΑΚΗΣ ΤΕΧΝΟΛΟΓΙΑΣ', 'ΤΕΧΝΟΛΟΓΙΚΩΝ ΕΦΑΡΜΟΓΩΝ', 0, 29);
INSERT INTO department (id, department, school, version, institution_id) VALUES (513, 'ΤΕΧΝΟΛΟΓΙΑΣ ΠΕΤΡΕΛΑΙΟΥ ΚΑΙ ΦΥΣΙΚΟΥ ΑΕΡΙΟΥ', 'ΤΕΧΝΟΛΟΓΙΚΩΝ ΕΦΑΡΜΟΓΩΝ', 0, 33);
INSERT INTO department (id, department, school, version, institution_id) VALUES (517, 'ΤΕΧΝΟΛΟΓΙΑΣ ΓΡΑΦΙΚΩΝ ΤΕΧΝΩΝ', 'ΓΡΑΦΙΚΩΝ ΤΕΧΝΩΝ & ΚΑΛΛΙΤΕΧΝΙΚΩΝ ΣΠΟΥΔΩΝ', 0, 29);
INSERT INTO department (id, department, school, version, institution_id) VALUES (518, 'ΦΩΤΟΓΡΑΦΙΑΣ ΚΑΙ ΟΠΤΙΚΟΑΚΟΥΣΤΙΚΩΝ ΤΕΧΝΩΝ', 'ΓΡΑΦΙΚΩΝ ΤΕΧΝΩΝ & ΚΑΛΛΙΤΕΧΝΙΚΩΝ ΣΠΟΥΔΩΝ', 0, 29);
INSERT INTO department (id, department, school, version, institution_id) VALUES (519, 'ΕΣΩΤΕΡΙΚΗΣ ΑΡΧΙΤΕΚΤΟΝΙΚΗΣ, ΔΙΑΚΟΣΜΗΣΗΣ ΚΑΙ ΣΧΕΔΙΑΣΜΟΥ ΑΝΤΙΚΕΙΜΕΝΩΝ', 'ΓΡΑΦΙΚΩΝ ΤΕΧΝΩΝ & ΚΑΛΛΙΤΕΧΝΙΚΩΝ ΣΠΟΥΔΩΝ', 0, 29);
INSERT INTO department (id, department, school, version, institution_id) VALUES (520, 'ΣΥΝΤΗΡΗΣΗΣ ΑΡΧΑΙΟΤΗΤΩΝ & ‘ΕΡΓΩΝ ΤΕΧΝΗΣ', 'ΓΡΑΦΙΚΩΝ ΤΕΧΝΩΝ & ΚΑΛΛΙΤΕΧΝΙΚΩΝ ΣΠΟΥΔΩΝ', 0, 29);
INSERT INTO department (id, department, school, version, institution_id) VALUES (521, 'ΓΡΑΦΙΣΤΙΚΗΣ', 'ΓΡΑΦΙΚΩΝ ΤΕΧΝΩΝ & ΚΑΛΛΙΤΕΧΝΙΚΩΝ ΣΠΟΥΔΩΝ', 0, 29);
INSERT INTO department (id, department, school, version, institution_id) VALUES (523, 'ΑΝΑΚΑΙΝΙΣΗΣ & ΑΠΟΚΑΤΑΣΤΑΣΗΣ ΚΤΙΡΙΩΝ', 'ΤΕΧΝΟΛΟΓΙΚΩΝ ΕΦΑΡΜΟΓΩΝ', 0, 39);
INSERT INTO department (id, department, school, version, institution_id) VALUES (524, 'ΠΛΗΡΟΦΟΡΙΚΗΣ ΚΑΙ ΜΕΣΩΝ ΜΑΖΙΚΗΣ ΕΝΗΜΕΡΩΣΗΣ', '', 0, 39);
INSERT INTO department (id, department, school, version, institution_id) VALUES (525, 'ΕΦΑΡΜΟΓΩΝ ΠΛΗΡΟΦΟΡΙΚΗΣ ΣΤΗ ΔΙΟΙΚΗΣΗ ΚΑΙ ΣΤΗΝ ΟΙΚΟΝΟΜΙΑ', '', 0, 39);
INSERT INTO department (id, department, school, version, institution_id) VALUES (527, 'ΧΡΗΜΑΤΟΟΙΚΟΝΟΜΙΚΗΣ ΚΑΙ ΑΣΦΑΛΙΣΤΙΚΗΣ', '', 0, 35);
INSERT INTO department (id, department, school, version, institution_id) VALUES (528, 'ΑΡΧΙΤΕΚΤΟΝΙΚΗΣ ΤΟΠΙΟΥ', 'ΤΕΧΝΟΛΟΓΙΑΣ ΓΕΩΠΟΝΙΑΣ', 0, 33);
INSERT INTO department (id, department, school, version, institution_id) VALUES (529, 'ΤΕΧΝΟΛΟΓΙΑΣ ΠΛΗΡΟΦΟΡΙΚΗΣ ΚΑΙ ΤΗΛΕΠΙΚΟΙΝΩΝΙΩΝ', '', 0, 34);
INSERT INTO department (id, department, school, version, institution_id) VALUES (533, 'ΦΥΤΙΚΗΣ ΠΑΡΑΓΩΓΗΣ', 'ΤΕΧΝΟΛΟΓΙΑΣ ΓΕΩΠΟΝΙΑΣ', 0, 37);
INSERT INTO department (id, department, school, version, institution_id) VALUES (535, 'ΦΥΤΙΚΗΣ ΠΑΡΑΓΩΓΗΣ', 'ΤΕΧΝΟΛΟΓΙΑΣ ΓΕΩΠΟΝΙΑΣ', 0, 35);
INSERT INTO department (id, department, school, version, institution_id) VALUES (505, 'ΗΛΕΚΤΡΟΝΙΚΗΣ', 'ΤΕΧΝΟΛΟΓΙΚΩΝ ΕΦΑΡΜΟΓΩΝ', 0, 1);
INSERT INTO department (id, department, school, version, institution_id) VALUES (473, 'ΜΗΧΑΝΟΛΟΓΙΑΣ', 'ΤΕΧΝΟΛΟΓΙΚΩΝ ΕΦΑΡΜΟΓΩΝ', 0, 30);
INSERT INTO department (id, department, school, version, institution_id) VALUES (495, 'ΗΛΕΚΤΡΟΛΟΓΙΑΣ', 'ΤΕΧΝΟΛΟΓΙΚΩΝ ΕΦΑΡΜΟΓΩΝ', 0, 30);
INSERT INTO department (id, department, school, version, institution_id) VALUES (514, 'ΤΕΧΝΟΛΟΓΙΩΝ ΑΝΤΙΡΡΥΠΑΝΣΗΣ', 'ΤΕΧΝΟΛΟΓΙΚΩΝ ΕΦΑΡΜΟΓΩΝ', 0, 30);
INSERT INTO department (id, department, school, version, institution_id) VALUES (548, 'ΙΧΘΥΟΚΟΜΙΑΣ ΑΛΙΕΙΑΣ', '', 0, 31);
INSERT INTO department (id, department, school, version, institution_id) VALUES (550, 'ΔΑΣΟΠΟΝΙΑΣ ΚΑΙ ΔΙΑΧΕΙΡΙΣΗΣ  ΦΥΣΙΚΟΥ ΠΕΡΙΒΑΛΛΟΝΤΟΣ', 'ΤΕΧΝΟΛΟΓΙΑΣ ΓΕΩΠΟΝΙΑΣ', 0, 33);
INSERT INTO department (id, department, school, version, institution_id) VALUES (551, 'ΔΑΣΟΠΟΝΙΑΣ ΚΑΙ ΔΙΑΧΕΙΡΙΣΗΣ ΦΥΣΙΚΟΥ ΠΕΡΙΒΑΛΛΟΝΤΟΣ', 'ΤΕΧΝΟΛΟΓΙΑΣ ΓΕΩΠΟΝΙΑΣ', 0, 36);
INSERT INTO department (id, department, school, version, institution_id) VALUES (552, 'ΘΕΡΜΟΚΗΠΙΑΚΩΝ ΚΑΛΛΙΕΡΓΕΙΩΝ ΚΑΙ ΑΝΘΟΚΟΜΙΑΣ', 'ΤΕΧΝΟΛΟΓΙΑΣ ΓΕΩΠΟΝΙΑΣ', 0, 35);
INSERT INTO department (id, department, school, version, institution_id) VALUES (554, 'ΘΕΡΜΟΚΗΠΙΑΚΩΝ ΚΑΛΛΙΕΡΓΕΙΩΝ & ΑΝΘΟΚΟΜΙΑΣ', 'ΤΕΧΝΟΛΟΓΙΑΣ ΓΕΩΠΟΝΙΑΣ', 0, 34);
INSERT INTO department (id, department, school, version, institution_id) VALUES (555, 'ΥΔΑΤΟΚΑΛΛΙΕΡΓΕΙΩΝ ΚΑΙ ΑΛΙΕΥΤΙΚΗΣ ΔΙΑΧΕΙΡΙΣΗΣ', 'ΤΕΧΝΟΛΟΓΙΑΣ ΓΕΩΠΟΝΙΑΣ', 0, 38);
INSERT INTO department (id, department, school, version, institution_id) VALUES (556, 'ΑΝΘΟΚΟΜΙΑΣ & ΑΡΧΙΤΕΚΤΟΝΙΚΗΣ ΤΟΠΙΟΥ', 'ΤΕΧΝΟΛΟΓΙΑΣ ΓΕΩΠΟΝΙΑΣ', 0, 31);
INSERT INTO department (id, department, school, version, institution_id) VALUES (557, 'ΘΕΡΜΟΚΗΠΙΑΚΩΝ ΚΑΛΛΙΕΡΓΕΙΩΝ & ΑΝΘΟΚΟΜΙΑΣ', 'ΤΕΧΝΟΛΟΓΙΑΣ ΓΕΩΠΟΝΙΑΣ', 0, 38);
INSERT INTO department (id, department, school, version, institution_id) VALUES (559, 'ΛΟΓΙΣΤΙΚΗΣ', 'ΔΙΟΙΚΗΣΗΣ & ΟΙΚΟΝΟΜΙΑΣ', 0, 40);
INSERT INTO department (id, department, school, version, institution_id) VALUES (563, 'ΛΟΓΙΣΤΙΚΗΣ', 'ΔΙΟΙΚΗΣΗΣ & ΟΙΚΟΝΟΜΙΑΣ', 0, 39);
INSERT INTO department (id, department, school, version, institution_id) VALUES (565, 'ΛΟΓΙΣΤΙΚΗΣ', 'ΔΙΟΙΚΗΣΗΣ & ΟΙΚΟΝΟΜΙΑΣ', 0, 37);
INSERT INTO department (id, department, school, version, institution_id) VALUES (567, 'ΛΟΓΙΣΤΙΚΗΣ', 'ΔΙΟΙΚΗΣΗΣ & ΟΙΚΟΝΟΜΙΑΣ', 0, 35);
INSERT INTO department (id, department, school, version, institution_id) VALUES (569, 'ΛΟΓΙΣΤΙΚΗΣ', 'ΔΙΟΙΚΗΣΗΣ & ΟΙΚΟΝΟΜΙΑΣ', 0, 33);
INSERT INTO department (id, department, school, version, institution_id) VALUES (575, 'ΛΟΓΙΣΤΙΚΗΣ', 'ΔΙΟΙΚΗΣΗΣ & ΟΙΚΟΝΟΜΙΑΣ', 0, 41);
INSERT INTO department (id, department, school, version, institution_id) VALUES (577, 'ΛΟΓΙΣΤΙΚΗΣ', 'ΔΙΟΙΚΗΣΗΣ & ΟΙΚΟΝΟΜΙΑΣ', 0, 42);
INSERT INTO department (id, department, school, version, institution_id) VALUES (578, 'ΛΟΓΙΣΤΙΚΗΣ', 'ΔΙΟΙΚΗΣΗΣ & ΟΙΚΟΝΟΜΙΑΣ', 0, 31);
INSERT INTO department (id, department, school, version, institution_id) VALUES (579, 'ΛΟΓΙΣΤΙΚΗΣ', 'ΔΙΟΙΚΗΣΗΣ & ΟΙΚΟΝΟΜΙΑΣ', 0, 38);
INSERT INTO department (id, department, school, version, institution_id) VALUES (581, 'ΕΜΠΟΡΙΑΣ & ΔΙΑΦΗΜΙΣΗΣ', 'ΔΙΟΙΚΗΣΗΣ & ΟΙΚΟΝΟΜΙΑΣ', 0, 29);
INSERT INTO department (id, department, school, version, institution_id) VALUES (582, 'ΔΙΟΙΚΗΣΗΣ & ΔΙΑΧΕΙΡΙΣΗΣ ΕΡΓΩΝ', 'ΔΙΟΙΚΗΣΗΣ & ΟΙΚΟΝΟΜΙΑΣ', 0, 37);
INSERT INTO department (id, department, school, version, institution_id) VALUES (584, 'ΤΟΠΙΚΗΣ ΑΥΤΟΔΙΟΙΚΗΣΗΣ', 'ΔΙΟΙΚΗΣΗΣ & ΟΙΚΟΝΟΜΙΑΣ', 0, 34);
INSERT INTO department (id, department, school, version, institution_id) VALUES (585, 'ΔΙΟΙΚΗΣΗΣ ΕΠΙΧΕΙΡΗΣΕΩΝ', 'ΔΙΟΙΚΗΣΗΣ & ΟΙΚΟΝΟΜΙΑΣ', 0, 29);
INSERT INTO department (id, department, school, version, institution_id) VALUES (586, 'ΔΙΑΧΕΙΡΙΣΗΣ ΠΛΗΡΟΦΟΡΙΩΝ', 'ΔΙΟΙΚΗΣΗΣ & ΟΙΚΟΝΟΜΙΑΣ', 0, 33);
INSERT INTO department (id, department, school, version, institution_id) VALUES (587, 'ΔΙΟΙΚΗΣΗΣ ΕΠΙΧΕΙΡΗΣΕΩΝ', 'ΔΙΟΙΚΗΣΗΣ & ΟΙΚΟΝΟΜΙΑΣ', 0, 33);
INSERT INTO department (id, department, school, version, institution_id) VALUES (589, 'ΔΙΟΙΚΗΣΗΣ ΕΠΙΧΕΙΡΗΣΕΩΝ', 'ΔΙΟΙΚΗΣΗΣ & ΟΙΚΟΝΟΜΙΑΣ', 0, 39);
INSERT INTO department (id, department, school, version, institution_id) VALUES (590, 'ΔΙΟΙΚΗΣΗΣ ΕΠΙΧΕΙΡΗΣΕΩΝ', '', 0, 32);
INSERT INTO department (id, department, school, version, institution_id) VALUES (591, 'ΔΙΟΙΚΗΣΗΣ ΕΠΙΧΕΙΡΗΣΕΩΝ', 'ΔΙΟΙΚΗΣΗΣ & ΟΙΚΟΝΟΜΙΑΣ', 0, 37);
INSERT INTO department (id, department, school, version, institution_id) VALUES (593, 'ΔΙΟΙΚΗΣΗΣ ΕΠΙΧΕΙΡΗΣΕΩΝ', 'ΔΙΟΙΚΗΣΗΣ & ΟΙΚΟΝΟΜΙΑΣ', 0, 35);
INSERT INTO department (id, department, school, version, institution_id) VALUES (740, 'ΔΙΟΙΚΗΣΗΣ ΣΥΣΤΗΜΑΤΩΝ ΕΦΟΔΙΑΣΜΟΥ', '', 0, 42);
INSERT INTO department (id, department, school, version, institution_id) VALUES (594, 'ΔΙΟΙΚΗΣΗ ΜΟΝΑΔΩΝ ΥΓΕΙΑΣ & ΠΡΟΝΟΙΑΣ', 'ΔΙΟΙΚΗΣΗΣ & ΟΙΚΟΝΟΜΙΑΣ', 0, 34);
INSERT INTO department (id, department, school, version, institution_id) VALUES (595, 'ΔΙΟΙΚΗΣΗΣ ΕΠΙΧΕΙΡΗΣΕΩΝ', 'ΔΙΟΙΚΗΣΗΣ & ΟΙΚΟΝΟΜΙΑΣ', 0, 41);
INSERT INTO department (id, department, school, version, institution_id) VALUES (597, 'ΔΙΟΙΚΗΣΗΣ ΕΠΙΧΕΙΡΗΣΕΩΝ', 'ΔΙΟΙΚΗΣΗΣ & ΟΙΚΟΝΟΜΙΑΣ', 0, 42);
INSERT INTO department (id, department, school, version, institution_id) VALUES (598, 'ΔΙΟΙΚΗΣΗΣ ΚΟΙΝΩΝΙΚΩΝ-ΣΥΝΕΤΑΙΡΙΣΤΙΚΩΝ ΕΠΙΧΕΙΡΗΣΕΩΝ ΚΑΙ ΟΡΓΑΝΩΣΕΩΝ', 'ΔΙΟΙΚΗΣΗΣ & ΟΙΚΟΝΟΜΙΑΣ', 0, 38);
INSERT INTO department (id, department, school, version, institution_id) VALUES (599, 'ΒΙΒΛΙΟΘΗΚΟΝΟΜΙΑΣ ΚΑΙ ΣΥΣΤΗΜΑΤΩΝ ΠΛΗΡΟΦΟΡΗΣΗΣ', 'ΔΙΟΙΚΗΣΗΣ & ΟΙΚΟΝΟΜΙΑΣ', 0, 29);
INSERT INTO department (id, department, school, version, institution_id) VALUES (537, 'ΦΥΤΙΚΗΣ ΠΑΡΑΓΩΓΗΣ', 'ΤΕΧΝΟΛΟΓΙΑΣ - ΓΕΩΠΟΝΙΑΣ', 0, 30);
INSERT INTO department (id, department, school, version, institution_id) VALUES (542, 'ΖΩΙΚΗΣ ΠΑΡΑΓΩΓΗΣ', 'ΤΕΧΝΟΛΟΓΙΑΣ - ΓΕΩΠΟΝΙΑΣ', 0, 30);
INSERT INTO department (id, department, school, version, institution_id) VALUES (558, 'ΧΡΗΜΑΤΟΟΙΚΟΝΟΜΙΚΩΝ ΕΦΑΡΜΟΓΩΝ', 'ΔΙΟΙΚΗΣΗΣ ΟΙΚΟΝΟΜΙΑΣ', 0, 30);
INSERT INTO department (id, department, school, version, institution_id) VALUES (571, 'ΛΟΓΙΣΤΙΚΗΣ', 'ΔΙΟΙΚΗΣΗΣ ΟΙΚΟΝΟΜΙΑΣ', 0, 30);
INSERT INTO department (id, department, school, version, institution_id) VALUES (580, 'ΔΙΕΘΝΟΥΣ ΕΜΠΟΡΙΟΥ', '', 0, 30);
INSERT INTO department (id, department, school, version, institution_id) VALUES (592, 'ΒΙΟΜΗΧΑΝΙΚΟΥ ΣΧΕΔΙΑΣΜΟΥ', 'ΤΕΧΝΟΛΟΓΙΚΩΝ ΕΦΑΡΜΟΓΩΝ', 0, 30);
INSERT INTO department (id, department, school, version, institution_id) VALUES (620, 'ΛΟΓΟΘΕΡΑΠΕΙΑΣ', 'ΕΠΑΓΓΕΛΜΑΤΩΝ ΥΓΕΙΑΣ & ΠΡΟΝΟΙΑΣ', 0, 31);
INSERT INTO department (id, department, school, version, institution_id) VALUES (621, 'ΙΑΤΡΙΚΩΝ ΕΡΓΑΣΤΗΡΙΩΝ', 'ΕΠΑΓΓΕΛΜΑΤΩΝ ΥΓΕΙΑΣ & ΠΡΟΝΟΙΑΣ', 0, 29);
INSERT INTO department (id, department, school, version, institution_id) VALUES (625, 'ΙΑΤΡΙΚΩΝ ΕΡΓΑΣΤΗΡΙΩΝ', 'ΕΠΑΓΓΕΛΜΑΤΩΝ ΥΓΕΙΑΣ & ΠΡΟΝΟΙΑΣ', 0, 37);
INSERT INTO department (id, department, school, version, institution_id) VALUES (627, 'ΡΑΔΙΟΛΟΓΙΑΣ - ΑΚΤΙΝΟΛΟΓΙΑΣ', 'ΕΠΑΓΓΕΛΜΑΤΩΝ ΥΓΕΙΑΣ & ΠΡΟΝΟΙΑΣ', 0, 29);
INSERT INTO department (id, department, school, version, institution_id) VALUES (628, 'ΔΙΑΤΡΟΦΗΣ & ΔΙΑΙΤΟΛΟΓΙΑΣ', '', 0, 35);
INSERT INTO department (id, department, school, version, institution_id) VALUES (629, 'ΟΔΟΝΤΙΚΗΣ ΤΕΧΝΟΛΟΓΙΑΣ', 'ΕΠΑΓΓΕΛΜΑΤΩΝ ΥΓΕΙΑΣ & ΠΡΟΝΟΙΑΣ', 0, 29);
INSERT INTO department (id, department, school, version, institution_id) VALUES (631, 'ΔΙΟΙΚ. ΜΟΝ. ΥΓΕΙΑΣ & ΠΡΟΝΟΙΑΣ', 'ΔΙΟΙΚΗΣΗΣ & ΟΙΚΟΝΟΜΙΑΣ', 0, 29);
INSERT INTO department (id, department, school, version, institution_id) VALUES (633, 'ΔΗΜΟΣΙΑΣ ΥΓΙΕΙΝΗΣ', 'ΕΠΑΓΓΕΛΜΑΤΩΝ ΥΓΕΙΑΣ & ΠΡΟΝΟΙΑΣ', 0, 29);
INSERT INTO department (id, department, school, version, institution_id) VALUES (635, 'ΟΠΤΙΚΗΣ ΚΑΙ ΟΠΤΟΜΕΤΡΙΑΣ', 'ΕΠΑΓΓΕΛΜΑΤΩΝ ΥΓΕΙΑΣ & ΠΡΟΝΟΙΑΣ', 0, 29);
INSERT INTO department (id, department, school, version, institution_id) VALUES (637, 'ΑΙΣΘΗΤΙΚΗΣ ΚΑΙ ΚΟΣΜΗΤΟΛΟΓΙΑΣ', 'ΕΠΑΓΓΕΛΜΑΤΩΝ ΥΓΕΙΑΣ & ΠΡΟΝΟΙΑΣ', 0, 29);
INSERT INTO department (id, department, school, version, institution_id) VALUES (641, 'ΚΟΙΝΩΝΙΚΗΣ ΕΡΓΑΣΙΑΣ', 'ΕΠΑΓΓΕΛΜΑΤΩΝ ΥΓΕΙΑΣ & ΠΡΟΝΟΙΑΣ', 0, 39);
INSERT INTO department (id, department, school, version, institution_id) VALUES (643, 'ΚΟΙΝΩΝΙΚΗΣ ΕΡΓΑΣΙΑΣ', 'ΕΠΑΓΓΕΛΜΑΤΩΝ ΥΓΕΙΑΣ & ΠΡΟΝΟΙΑΣ', 0, 35);
INSERT INTO department (id, department, school, version, institution_id) VALUES (644, 'ΜΟΥΣΙΚΗΣ ΤΕΧΝΟΛΟΓΙΑΣ & ΑΚΟΥΣΤΙΚΗΣ', '', 0, 35);
INSERT INTO department (id, department, school, version, institution_id) VALUES (645, 'ΝΟΣΗΛΕΥΤΙΚΗΣ Α', 'ΕΠΑΓΓΕΛΜΑΤΩΝ ΥΓΕΙΑΣ & ΠΡΟΝΟΙΑΣ', 0, 29);
INSERT INTO department (id, department, school, version, institution_id) VALUES (649, 'ΝΟΣΗΛΕΥΤΙΚΗΣ', 'ΕΠΑΓΓΕΛΜΑΤΩΝ ΥΓΕΙΑΣ & ΠΡΟΝΟΙΑΣ', 0, 39);
INSERT INTO department (id, department, school, version, institution_id) VALUES (651, 'ΝΟΣΗΛΕΥΤΙΚΗΣ', 'ΕΠΑΓΓΕΛΜΑΤΩΝ ΥΓΕΙΑΣ & ΠΡΟΝΟΙΑΣ', 0, 37);
INSERT INTO department (id, department, school, version, institution_id) VALUES (652, 'ΝΟΣΗΛΕΥΤΙΚΗΣ', 'ΕΠΑΓΓΕΛΜΑΤΩΝ ΥΓΕΙΑΣ & ΠΡΟΝΟΙΑΣ', 0, 36);
INSERT INTO department (id, department, school, version, institution_id) VALUES (653, 'ΝΟΣΗΛΕΥΤΙΚΗΣ', 'ΕΠΑΓΓΕΛΜΑΤΩΝ ΥΓΕΙΑΣ & ΠΡΟΝΟΙΑΣ', 0, 35);
INSERT INTO department (id, department, school, version, institution_id) VALUES (654, 'ΝΟΣΗΛΕΥΤΙΚΗΣ', 'ΕΠΑΓΓΕΛΜΑΤΩΝ ΥΓΕΙΑΣ & ΠΡΟΝΟΙΑΣ', 0, 31);
INSERT INTO department (id, department, school, version, institution_id) VALUES (655, 'ΜΑΙΕΥΤΙΚΗΣ', 'ΕΠΑΓΓΕΛΜΑΤΩΝ ΥΓΕΙΑΣ & ΠΡΟΝΟΙΑΣ', 0, 29);
INSERT INTO department (id, department, school, version, institution_id) VALUES (659, 'ΦΥΣΙΚΟΘΕΡΑΠΕΙΑΣ', 'ΕΠΑΓΓΕΛΜΑΤΩΝ ΥΓΕΙΑΣ & ΠΡΟΝΟΙΑΣ', 0, 36);
INSERT INTO department (id, department, school, version, institution_id) VALUES (661, 'ΚΟΙΝΩΝΙΚΗΣ ΕΡΓΑΣΙΑΣ', 'ΕΠΑΓΓΕΛΜΑΤΩΝ ΥΓΕΙΑΣ & ΠΡΟΝΟΙΑΣ', 0, 29);
INSERT INTO department (id, department, school, version, institution_id) VALUES (663, 'ΛΟΓΟΘΕΡΑΠΕΙΑΣ', '', 0, 34);
INSERT INTO department (id, department, school, version, institution_id) VALUES (667, 'ΕΠΙΣΚΕΠΤΩΝ/ΤΡΙΩΝ ΥΓΕΙΑΣ', 'ΕΠΑΓΓΕΛΜΑΤΩΝ ΥΓΕΙΑΣ & ΠΡΟΝΟΙΑΣ', 0, 29);
INSERT INTO department (id, department, school, version, institution_id) VALUES (690, 'ΠΡΟΣΧΟΛΙΚΗΣ ΑΓΩΓΗΣ', 'ΕΠΑΓΓΕΛΜΑΤΩΝ ΥΓΕΙΑΣ & ΠΡΟΝΟΙΑΣ', 0, 29);
INSERT INTO department (id, department, school, version, institution_id) VALUES (692, 'ΒΡΕΦΟΝΗΠΙΟΚΟΜΙΑΣ', 'ΕΠΑΓΓΕΛΜΑΤΩΝ ΥΓΕΙΑΣ & ΠΡΟΝΟΙΑΣ', 0, 31);
INSERT INTO department (id, department, school, version, institution_id) VALUES (696, 'ΛΑΙΚΗΣ ΚΑΙ ΠΑΡΑΔΟΣΙΑΚΗΣ ΜΟΥΣΙΚΗΣ', 'ΜΟΥΣΙΚΗΣ ΤΕΧΝΟΛΟΓΙΑΣ', 0, 31);
INSERT INTO department (id, department, school, version, institution_id) VALUES (697, 'ΤΕΧΝΟΛΟΓΙΑΣ ΗΧΟΥ ΚΑΙ ΜΟΥΣΙΚΩΝ ΟΡΓΑΝΩΝ', 'ΜΟΥΣΙΚΗΣ ΤΕΧΝΟΛΟΓΙΑΣ', 0, 32);
INSERT INTO department (id, department, school, version, institution_id) VALUES (698, 'ΤΕΧΝΟΛΟΓΙΑΣ ΠΕΡΙΒΑΛΛΟΝΤΟΣ ΚΑΙ ΟΙΚΟΛΟΓΙΑΣ', '', 0, 32);
INSERT INTO department (id, department, school, version, institution_id) VALUES (701, 'ΚΛΩΣΤΟΥΦΑΝΤΟΥΡΓΙΑΣ', 'ΤΕΧΝΟΛΟΓΙΚΩΝ ΕΦΑΡΜΟΓΩΝ', 0, 40);
INSERT INTO department (id, department, school, version, institution_id) VALUES (705, 'ΗΛΕΚΤΡΟΝΙΚΗΣ', 'ΤΕΧΝΟΛΟΓΙΚΩΝ ΕΦΑΡΜΟΓΩΝ', 0, 36);
INSERT INTO department (id, department, school, version, institution_id) VALUES (710, 'Τεχνολογίας Πληροφορικής και Τηλεπικοινωνιών (Μετονομασία του Τμήματος Τηλεπληροφορικής και Διοίκηση', 'ΔΙΟΙΚΗΣΗΣ & ΟΙΚΟΝΟΜΙΑΣ', 0, 31);
INSERT INTO department (id, department, school, version, institution_id) VALUES (662, 'ΜΑΙΕΥΤΙΚΗΣ', '', 0, 30);
INSERT INTO department (id, department, school, version, institution_id) VALUES (723, 'ΤΕΧΝΟΛΟΓΙΑΣ ΠΛΗΡΟΦΟΡΙΚΗΣ & ΤΗΛΕΠΙΚΟΙΝΩΝΙΩΝ', 'ΤΕΧΝΟΛΟΓΙΑΣ ΕΦΑΡΜΟΓΩΝ', 0, 37);
INSERT INTO department (id, department, school, version, institution_id) VALUES (724, 'ΒΙΟΜΗΧΑΝΙΚΗΣ ΠΛΗΡΟΦΟΡΙΚΗΣ', 'ΤΕΧΝΟΛΟΓΙΚΩΝ ΕΦΑΡΜΟΓΩΝ', 0, 33);
INSERT INTO department (id, department, school, version, institution_id) VALUES (725, 'ΕΦΑΡΜΟΣΜΕΝΗΣ ΠΛΗΡΟΦΟΡΙΚΗΣ & ΠΟΛΥΜΕΣΩΝ', 'ΤΕΧΝΟΛΟΓΙΚΩΝ ΕΦΑΡΜΟΓΩΝ', 0, 35);
INSERT INTO department (id, department, school, version, institution_id) VALUES (727, 'ΠΛΗΡΟΦΟΡΙΚΗΣ & ΕΠΙΚΟΙΝΩΝΙΩΝ', 'ΤΕΧΝΟΛΟΓΙΚΩΝ ΕΦΑΡΜΟΓΩΝ', 0, 41);
INSERT INTO department (id, department, school, version, institution_id) VALUES (728, 'ΕΠΙΧΕΙΡΗΜΑΤΙΚΟΥ  ΣΧΕΔΙΑΣΜΟΥ & ΠΛΗΡΟΦΟΡΙΑΚΩΝ ΣΥΣΤΗΜΑΤΩΝ', 'ΔΙΟΙΚΗΣΗΣ & ΟΙΚΟΝΟΜΙΑΣ', 0, 39);
INSERT INTO department (id, department, school, version, institution_id) VALUES (729, 'ΕΦΑΡΜΟΓΩΝ ΠΛΗΡΟΦΟΡΙΚΗΣ ΣΤΗ ΔΙΟΙΚΗΣΗ & ΣΤΗΝ ΟΙΚΟΝΟΜΙΑ', 'ΔΙΟΙΚΗΣΗΣ & ΟΙΚΟΝΟΜΙΑΣ', 0, 38);
INSERT INTO department (id, department, school, version, institution_id) VALUES (731, 'ΧΡΗΜΑΤΟΟΙΚΟΝΟΜΙΚΗΣ ΚΑΙ ΕΛΕΓΚΤΙΚΗΣ', 'ΔΙΟΙΚΗΣΗΣ & ΟΙΚΟΝΟΜΙΑΣ', 0, 34);
INSERT INTO department (id, department, school, version, institution_id) VALUES (732, 'ΧΡΗΜΑΤΟΟΙΚΟΝΟΜΙΚΗΣ ΚΑΙ ΕΛΕΓΚΤΙΚΗΣ', 'ΔΙΟΙΚΗΣΗΣ & ΟΙΚΟΝΟΜΙΑΣ', 0, 31);
INSERT INTO department (id, department, school, version, institution_id) VALUES (733, 'ΕΦΑΡΜΟΓΩΝ ΠΛΗΡΟΦΟΡΙΚΗΣ ΣΤΗ ΔΙΟΙΚΗΣΗ ΚΑΙ ΣΤΗΝ ΟΙΚΟΝΟΜΙΑ', '', 0, 32);
INSERT INTO department (id, department, school, version, institution_id) VALUES (736, 'ΤΗΛΕΠΙΚΟΙΝΩΝΙΑΚΩΝ ΣΥΣΤΗΜΑΤΩΝ ΚΑΙ ΔΙΚΤΥΩΝ', '', 0, 38);
INSERT INTO department (id, department, school, version, institution_id) VALUES (737, 'ΤΕΧΝΟΛΟΓΙΑΣ ΑΕΡΟΣΚΑΦΩΝ', 'ΤΕΧΝΟΛΟΓΙΚΩΝ ΕΦΑΡΜΟΓΩΝ', 0, 42);
INSERT INTO department (id, department, school, version, institution_id) VALUES (738, 'ΑΝΑΚΑΙΝΙΣΗΣ ΚΑΙ ΑΠΟΚΑΤΑΣΤΑΣΗΣ ΚΤΙΡΙΩΝ', '', 0, 37);
INSERT INTO department (id, department, school, version, institution_id) VALUES (741, 'ΔΗΜΟΣΙΩΝ ΣΧΕΣΕΩΝ ΚΑΙ ΕΠΙΚΟΙΝΩΝΙΑΣ', '', 0, 32);
INSERT INTO department (id, department, school, version, institution_id) VALUES (742, 'ΟΠΤΙΚΗΣ ΚΑΙ ΟΠΤΟΜΕΤΡΙΑΣ', '', 0, 39);
INSERT INTO department (id, department, school, version, institution_id) VALUES (744, 'ΝΟΣΗΛΕΥΤΙΚΗΣ', '', 0, 33);
INSERT INTO department (id, department, school, version, institution_id) VALUES (745, 'ΕΜΠΟΡΙΑΣ ΚΑΙ ΔΙΑΦΗΜΙΣΗΣ', '', 0, 36);
INSERT INTO department (id, department, school, version, institution_id) VALUES (746, 'ΕΜΠΟΡΙΑΣ ΚΑΙ ΔΙΑΦΗΜΙΣΗΣ', '', 0, 39);
INSERT INTO department (id, department, school, version, institution_id) VALUES (748, 'ΠΡΟΣΤΑΣΙΑΣ ΚΑΙ ΣΥΝΤΗΡΗΣΗΣ ΠΟΛΙΤΙΣΜΙΚΗΣ ΚΛΗΡΟΝΟΜΙΑΣ', '', 0, 32);
INSERT INTO department (id, department, school, version, institution_id) VALUES (751, 'ΕΠΙΧΕΙΡΗΜ. ΣΧΕΔΙΑΣΜΟΥ ΚΑΙ ΠΛΗΡΟΦ. ΣΥΣΤΗΜΑΤΩΝ', '', 0, 35);
INSERT INTO department (id, department, school, version, institution_id) VALUES (752, 'ΟΙΝΟΛΟΓΙΑΣ & ΤΕΧΝΟΛΟΓΙΑΣ ΠΟΤΩΝ', '', 0, 33);
INSERT INTO department (id, department, school, version, institution_id) VALUES (7000, 'ΝΟΣΗΛΕΥΤΙΚΗΣ Β', 'ΕΠΑΓΓΕΛΜΑΤΩΝ ΥΓΕΙΑΣ & ΠΡΟΝΟΙΑΣ', 0, 29);
INSERT INTO department (id, department, school, version, institution_id) VALUES (9996, 'ΕΙΚΑΣΤΙΚΩΝ ΚΑΙ ΕΦΑΡΜΟΣΜΕΝΩΝ ΤΕΧΝΩΝ', '', 0, 18);
INSERT INTO department (id, department, school, version, institution_id) VALUES (9997, 'ΕΙΚΑΣΤΙΚΩΝ ΤΕΧΝΩΝ', '', 0, 6);
INSERT INTO department (id, department, school, version, institution_id) VALUES (9998, 'ΕΙΚΑΣΤΙΚΩΝ ΚΑΙ ΕΦΑΡΜΟΣΜΕΝΩΝ ΤΕΧΝΩΝ', 'ΚΑΛΩΝ ΤΕΧΝΩΝ', 0, 8);
INSERT INTO department (id, department, school, version, institution_id) VALUES (271, 'ΔΙΑΧΕΙΡΙΣΗΣ ΠΕΡΙΒΑΛΛΟΝΤΟΣ ΚΑΙ ΦΥΣΙΚΩΝ ΠΟΡΩΝ', 'ΔΙΑΧΕΙΡΙΣΗΣ ΦΥΣΙΚΩΝ ΠΟΡΩΝ ΚΑΙ ΕΠΙΧΕΙΡΗΣΕΩΝ', 0, 17);
INSERT INTO department (id, department, school, version, institution_id) VALUES (712, 'ΠΛΗΡΟΦΟΡΙΚΗΣ', 'ΤΕΧΝΟΛΟΓΙΚΩΝ ΕΦΑΡΜΟΓΩΝ', 0, 1);
INSERT INTO department (id, department, school, version, institution_id) VALUES (717, 'ΤΕΧΝΟΛΟΓΙΑΣ ΤΡΟΦΙΜΩΝ', 'ΤΕΧΝΟΛΟΓΙΑΣ ΤΡΟΦΙΜΩΝ ΚΑΙ ΔΙΑΤΡΟΦΗΣ', 0, 1);
INSERT INTO department (id, department, school, version, institution_id) VALUES (719, 'ΔΙΑΤΡΟΦΗΣ ΚΑΙ ΔΙΑΙΤΟΛΟΓΙΑΣ', 'ΤΕΧΝΟΛΟΓΙΑΣ ΤΡΟΦΙΜΩΝ ΚΑΙ ΔΙΑΤΡΟΦΗΣ', 0, 1);
INSERT INTO department (id, department, school, version, institution_id) VALUES (720, 'ΑΥΤΟΜΑΤΙΣΜΟΥ', 'ΤΕΧΝΟΛΟΓΙΚΩΝ ΕΦΑΡΜΟΓΩΝ', 0, 1);
INSERT INTO department (id, department, school, version, institution_id) VALUES (721, 'ΓΕΩΤΕΧΝΟΛΟΓΙΑΣ & ΠΕΡΙΒΑΛΛΟΝΤΟΣ', 'ΤΕΧΝΟΛΟΓΙΚΩΝ ΕΦΑΡΜΟΓΩΝ', 0, 30);
INSERT INTO department (id, department, school, version, institution_id) VALUES (726, 'ΕΜΠΟΡΙΑΣ & ΠΟΙΟΤΙΚΟΥ ΕΛΕΓΧΟΥ ΑΓΡΟΤΙΚΩΝ ΠΡΟΙΟΝΤΩΝ', 'ΤΕΧΝΟΛΟΓΙΑΣ - ΓΕΩΠΟΝΙΑΣ', 0, 30);
INSERT INTO department (id, department, school, version, institution_id) VALUES (730, 'ΔΗΜΟΣΙΩΝ ΣΧΕΣΕΩΝ & ΕΠΙΚΟΙΝΩΝΙΑΣ', '', 0, 30);
INSERT INTO department (id, department, school, version, institution_id) VALUES (734, 'ΕΦΑΡΜΟΓΩΝ ΠΛΗΡΟΦΟΡΙΚΗΣ ΣΤΗ ΔΙΟΙΚΗΣΗ ΚΑΙ ΣΤΗΝ ΟΙΚΟΝΟΜΙΑ', '', 0, 30);
INSERT INTO department (id, department, school, version, institution_id) VALUES (515, 'ΤΕΧΝΟΛΟΓΙΑΣ ΤΡΟΦΙΜΩΝ', 'ΤΕΧΝΟΛΟΓΙΑΣ ΓΕΩΠΟΝΙΑΣ', 0, 34);
INSERT INTO department (id, department, school, version, institution_id) VALUES (384, 'ΘΕΩΡΙΑΣ ΚΑΙ ΙΣΤΟΡΙΑΣ ΤΗΣ ΤΕΧΝΗΣ', '', 0, 6);
INSERT INTO department (id, department, school, version, institution_id) VALUES (753, 'ΑΥΤΟΜΑΤΙΣΜΟΥ', 'ΤΕΧΝΟΛΟΓΙΚΩΝ ΕΦΑΡΜΟΓΩΝ', 0, 38);
INSERT INTO department (id, department, school, version, institution_id) VALUES (115, 'ΦΙΛΟΛΟΓΙΑΣ', 'ΦΙΛΟΣΟΦΙΚΗ', 0, 21);
INSERT INTO department (id, department, school, version, institution_id) VALUES (116, 'ΙΣΤΟΡΙΑΣ ΚΑΙ ΑΡΧΑΙΟΛΟΓΙΑΣ', 'ΦΙΛΟΣΟΦΙΚΗ', 0, 21);
INSERT INTO department (id, department, school, version, institution_id) VALUES (132, 'ΠΑΙΔΑΓΩΓΙΚΟ ΔΗΜΟΤΙΚΗΣ ΕΚΠΑΙΔΕΥΣΗΣ', 'ΕΠΙΣΤΗΜΩΝ ΑΓΩΓΗΣ', 0, 21);
INSERT INTO department (id, department, school, version, institution_id) VALUES (138, 'ΦΙΛΟΣΟΦΙΚΩΝ ΚΑΙ ΚΟΙΝΩΝΙΚΩΝ ΣΠΟΥΔΩΝ', 'ΦΙΛΟΣΟΦΙΚΗ', 0, 21);
INSERT INTO department (id, department, school, version, institution_id) VALUES (149, 'ΚΟΙΝΩΝΙΟΛΟΓΙΑΣ', 'ΚΟΙΝΩΝΙΚΩΝ ΕΠΙΣΤΗΜΩΝ', 0, 21);
INSERT INTO department (id, department, school, version, institution_id) VALUES (151, 'ΨΥΧΟΛΟΓΙΑΣ', 'ΚΟΙΝΩΝΙΚΩΝ ΕΠΙΣΤΗΜΩΝ', 0, 21);
INSERT INTO department (id, department, school, version, institution_id) VALUES (158, 'ΠΑΙΔΑΓΩΓΙΚΟ ΠΡΟΣΧΟΛΙΚΗΣ ΕΚΠΑΙΔΕΥΣΗΣ', 'ΕΠΙΣΤΗΜΩΝ ΑΓΩΓΗΣ', 0, 21);
INSERT INTO department (id, department, school, version, institution_id) VALUES (200, 'ΕΠΙΣΤΗΜΗΣ ΚΑΙ ΤΕΧΝΟΛΟΓΙΑΣ ΥΛΙΚΩΝ', 'ΘΕΤΙΚΩΝ & ΤΕΧΝΟΛΟΓΙΚΩΝ ΕΠΙΣΤΗΜΩΝ', 0, 21);
INSERT INTO department (id, department, school, version, institution_id) VALUES (216, 'ΕΠΙΣΤΗΜΗΣ ΥΠΟΛΟΓΙΣΤΩΝ', 'ΘΕΤΙΚΩΝ & ΤΕΧΝΟΛΟΓΙΚΩΝ ΕΠΙΣΤΗΜΩΝ', 0, 21);
INSERT INTO department (id, department, school, version, institution_id) VALUES (248, 'ΕΦΑΡΜΟΣΜΕΝΩΝ ΜΑΘΗΜΑΤΙΚΩΝ', 'ΘΕΤΙΚΩΝ & ΤΕΧΝΟΛΟΓΙΚΩΝ ΕΠΙΣΤΗΜΩΝ', 0, 21);
INSERT INTO department (id, department, school, version, institution_id) VALUES (251, 'ΜΑΘΗΜΑΤΙΚΩΝ', 'ΘΕΤΙΚΩΝ & ΤΕΧΝΟΛΟΓΙΚΩΝ ΕΠΙΣΤΗΜΩΝ', 0, 21);
INSERT INTO department (id, department, school, version, institution_id) VALUES (261, 'ΦΥΣΙΚΗΣ', 'ΘΕΤΙΚΩΝ & ΤΕΧΝΟΛΟΓΙΚΩΝ ΕΠΙΣΤΗΜΩΝ', 0, 21);
INSERT INTO department (id, department, school, version, institution_id) VALUES (270, 'ΧΗΜΕΙΑΣ', 'ΘΕΤΙΚΩΝ & ΤΕΧΝΟΛΟΓΙΚΩΝ ΕΠΙΣΤΗΜΩΝ', 0, 21);
INSERT INTO department (id, department, school, version, institution_id) VALUES (282, 'ΒΙΟΛΟΓΙΑΣ', 'ΘΕΤΙΚΩΝ & ΤΕΧΝΟΛΟΓΙΚΩΝ ΕΠΙΣΤΗΜΩΝ', 0, 21);
INSERT INTO department (id, department, school, version, institution_id) VALUES (321, 'ΟΙΚΟΝΟΜΙΚΩΝ ΕΠΙΣΤΗΜΩΝ', 'ΚΟΙΝΩΝΙΚΩΝ ΕΠΙΣΤΗΜΩΝ', 0, 21);
INSERT INTO department (id, department, school, version, institution_id) VALUES (351, 'ΠΟΛΙΤΙΚΗΣ ΕΠΙΣΤΗΜΗΣ', 'ΚΟΙΝΩΝΙΚΩΝ ΕΠΙΣΤΗΜΩΝ', 0, 21);
INSERT INTO department (id, department, school, version, institution_id) VALUES (162, 'ΕΠΙΣΤΗΜΩΝ ΠΡΟΣΧΟΛΙΚΗΣ ΑΓΩΓΗΣ ΚΑΙ ΕΚΠΑΙΔΕΥΤΙΚΟΥ ΣΧΕΔΙΑΣΜΟΥ', 'ΑΝΘΡΩΠΙΣΤΙΚΩΝ ΕΠΙΣΤΗΜΩΝ', 0, 16);
INSERT INTO department (id, department, school, version, institution_id) VALUES (218, 'ΣΤΑΤΙΣΤΙΚΗΣ ΚΑΙ ΑΝΑΛΟΓΙΣΤΙΚΩΝ ΚΑΙ ΧΡΗΜΑΤΟΟΙΚΟΝΟΜΙΚΩΝ ΜΑΘΗΜΑΤΙΚΩΝ', 'ΘΕΤΙΚΩΝ ΕΠΙΣΤΗΜΩΝ', 0, 16);
INSERT INTO department (id, department, school, version, institution_id) VALUES (222, 'ΜΗΧΑΝΙΚΩΝ ΟΙΚΟΝΟΜΙΑΣ ΚΑΙ ΔΙΟΙΚΗΣΗΣ', 'ΕΠΙΣΤΗΜΩΝ ΔΙΟΙΚΗΣΗΣ', 0, 16);
INSERT INTO department (id, department, school, version, institution_id) VALUES (344, 'ΜΗΧΑΝΙΚΩΝ ΠΛΗΡΟΦΟΡΙΑΚΩΝ ΚΑΙ ΕΠΙΚΟΙΝΩΝΙΑΚΩΝ ΣΥΣΤΗΜΑΤΩΝ', 'ΘΕΤΙΚΩΝ ΕΠΙΣΤΗΜΩΝ', 0, 16);
INSERT INTO department (id, department, school, version, institution_id) VALUES (346, 'ΔΙΟΙΚΗΣΗΣ ΕΠΙΧΕΙΡΗΣΕΩΝ ΑΓΡΟΤΙΚΩΝ ΠΡΟΙΟΝΤΩΝ ΚΑΙ ΤΡΟΦΙΜΩΝ', 'ΔΙΑΧΕΙΡΙΣΗΣ ΦΥΣΙΚΩΝ ΠΟΡΩΝ ΚΑΙ ΕΠΙΧΕΙΡΗΣΕΩΝ', 0, 17);
INSERT INTO department (id, department, school, version, institution_id) VALUES (368, 'ΔΙΑΧΕΙΡΙΣΗΣ ΠΟΛΙΤΙΣΜΙΚΟΥ ΠΕΡΙΒΑΛΛΟΝΤΟΣ ΚΑΙ ΝΕΩΝ ΤΕΧΝΟΛΟΓΙΩΝ', 'ΔΙΑΧΕΙΡΙΣΗΣ ΦΥΣΙΚΩΝ ΠΟΡΩΝ ΚΑΙ ΕΠΙΧΕΙΡΗΣΕΩΝ', 0, 17);
INSERT INTO department (id, department, school, version, institution_id) VALUES (516, 'ΟΧΗΜΑΤΩΝ', 'ΤΕΧΝΟΛΟΓΙΚΩΝ ΕΦΑΡΜΟΓΩΝ', 0, 1);
INSERT INTO department (id, department, school, version, institution_id) VALUES (531, 'ΦΥΤΙΚΗΣ ΠΑΡΑΓΩΓΗΣ', 'ΤΕΧΝΟΛΟΓΙΑΣ ΓΕΩΠΟΝΙΑΣ', 0, 1);
INSERT INTO department (id, department, school, version, institution_id) VALUES (539, 'ΖΩΙΚΗΣ ΠΑΡΑΓΩΓΗΣ', 'ΤΕΧΝΟΛΟΓΙΑΣ ΓΕΩΠΟΝΙΑΣ', 0, 1);
INSERT INTO department (id, department, school, version, institution_id) VALUES (561, 'ΛΟΓΙΣΤΙΚΗΣ', 'ΔΙΟΙΚΗΣΗΣ & ΟΙΚΟΝΟΜΙΑΣ', 0, 1);
INSERT INTO department (id, department, school, version, institution_id) VALUES (583, 'ΕΜΠΟΡΙΑΣ & ΔΙΑΦΗΜΙΣΗΣ', 'ΔΙΟΙΚΗΣΗΣ & ΟΙΚΟΝΟΜΙΑΣ', 0, 1);
INSERT INTO department (id, department, school, version, institution_id) VALUES (601, 'ΒΙΒΛΙΟΘΗΚΟΝΟΜΙΑΣ ΚΑΙ ΣΥΣΤΗΜΑΤΩΝ ΠΛΗΡΟΦΟΡΗΣΗΣ', 'ΔΙΟΙΚΗΣΗΣ & ΟΙΚΟΝΟΜΙΑΣ', 0, 1);
INSERT INTO department (id, department, school, version, institution_id) VALUES (605, 'ΤΟΥΡΙΣΤΙΚΩΝ ΕΠΙΧΕΙΡΗΣΕΩΝ', 'ΔΙΟΙΚΗΣΗΣ & ΟΙΚΟΝΟΜΙΑΣ', 0, 1);
INSERT INTO department (id, department, school, version, institution_id) VALUES (617, 'ΦΥΣΙΚΟΘΕΡΑΠΕΙΑΣ', 'ΕΠΑΓΓΕΛΜΑΤΩΝ ΥΓΕΙΑΣ & ΠΡΟΝΟΙΑΣ', 0, 1);
INSERT INTO department (id, department, school, version, institution_id) VALUES (623, 'ΙΑΤΡΙΚΩΝ ΕΡΓΑΣΤΗΡΙΩΝ', 'ΕΠΑΓΓΕΛΜΑΤΩΝ ΥΓΕΙΑΣ & ΠΡΟΝΟΙΑΣ', 0, 1);
INSERT INTO department (id, department, school, version, institution_id) VALUES (639, 'ΑΙΣΘΗΤΙΚΗΣ ΚΑΙ ΚΟΣΜΗΤΟΛΟΓΙΑΣ', 'ΕΠΑΓΓΕΛΜΑΤΩΝ ΥΓΕΙΑΣ & ΠΡΟΝΟΙΑΣ', 0, 1);
INSERT INTO department (id, department, school, version, institution_id) VALUES (647, 'ΝΟΣΗΛΕΥΤΙΚΗΣ', 'ΕΠΑΓΓΕΛΜΑΤΩΝ ΥΓΕΙΑΣ & ΠΡΟΝΟΙΑΣ', 0, 1);
INSERT INTO department (id, department, school, version, institution_id) VALUES (657, 'ΜΑΙΕΥΤΙΚΗΣ', 'ΕΠΑΓΓΕΛΜΑΤΩΝ ΥΓΕΙΑΣ & ΠΡΟΝΟΙΑΣ', 0, 1);
INSERT INTO department (id, department, school, version, institution_id) VALUES (694, 'ΒΡΕΦΟΝΗΠΙΟΚΟΜΙΑΣ', 'ΕΠΑΓΓΕΛΜΑΤΩΝ ΥΓΕΙΑΣ & ΠΡΟΝΟΙΑΣ', 0, 1);
INSERT INTO department (id, department, school, version, institution_id) VALUES (703, 'ΣΧΕΔΙΑΣΜΟΥ & ΠΑΡΑΓΩΓΗΣ ΕΝΔΥΜΑΤΩΝ', '', 0, 1);
INSERT INTO department (id, department, school, version, institution_id) VALUES (530, 'ΕΠΙΧΕΙΡΗΣΙΑΚΗΣ ΠΛΗΡΟΦΟΡΙΚΗΣ', '', 0, 30);
INSERT INTO department (id, department, school, version, institution_id) VALUES (596, 'ΔΙΟΙΚΗΣΗΣ ΕΠΙΧΕΙΡΗΣΕΩΝ', 'ΔΙΟΙΚΗΣΗΣ ΟΙΚΟΝΟΜΙΑΣ', 0, 30);
INSERT INTO department (id, department, school, version, institution_id) VALUES (735, 'ΠΛΗΡΟΦΟΡΙΚΗΣ ΚΑΙ ΤΕΧΝΟΛΟΓΙΑΣ ΥΠΟΛΟΓΙΣΤΩΝ', '', 0, 30);
INSERT INTO department (id, department, school, version, institution_id) VALUES (749, 'ΔΙΟΙΚΗΣΗΣ ΣΥΣΤΗΜΑΤΩΝ ΕΦΟΔΙΑΣΜΟΥ', '', 0, 30);
INSERT INTO department (id, department, school, version, institution_id) VALUES (372, 'ΕΠΙΣΤΗΜΗΣ ΤΡΟΦΙΜΩΝ ΚΑΙ ΔΙΑΤΡΟΦΗΣ', '', 0, 16);
INSERT INTO department (id, department, school, version, institution_id) VALUES (549, 'ΤΥΠΟΠΟΙΗΣΗΣ ΚΑΙ ΔΙΑΚΙΝΗΣΗΣ ΠΡΟΙΟΝΤΩΝ', '', 1, 1);
INSERT INTO department (id, department, school, version, institution_id) VALUES (547, 'ΤΕΧΝΟΛ. ΑΛΙΕΙΑΣ & ΥΔΑΤΟΚΑΛΛΙΕΡΓΕΙΩΝ', '', 1, 1);
INSERT INTO department (id, department, school, version, institution_id) VALUES (290, 'ΜΟΡΙΑΚΗΣ ΒΙΟΛΟΓΙΑΣ ΚΑΙ ΓΕΝΕΤΙΚΗΣ', '', 0, 11);
INSERT INTO department (id, department, school, version, institution_id) VALUES (342, 'ΑΡΧΕΙΟΝΟΜΙΑΣ ΚΑΙ ΒΙΒΛΙΟΘΗΚΟΝΟΜΙΑΣ', '', 0, 14);
INSERT INTO department (id, department, school, version, institution_id) VALUES (240, 'ΔΙΟΙΚΗΤΙΚΗΣ ΕΠΙΣΤΗΜΗΣ ΚΑΙ ΤΕΧΝΟΛΟΓΙΑΣ', '', 0, 15);

INSERT INTO rank (id, category, name, version) VALUES (1, 'PROFESSOR', 'Καθηγητής', 0);
INSERT INTO rank (id, category, name, version) VALUES (2, 'PROFESSOR', 'Αναπληρωτής Καθηγητής', 0);
INSERT INTO rank (id, category, name, version) VALUES (3, 'RESEARCHER', 'Διευθυντής Ερευνών', 0);
INSERT INTO rank (id, category, name, version) VALUES (4, 'RESEARCHER', 'Κύριος Ερευνητής', 0);


INSERT INTO sector(id, area, category, version) VALUES (1,'ΛΟΓΙΚΗ', 'ΓΕΝΙΚΗ ΛΟΓΙΚΗ', 0);
INSERT INTO sector(id, area, category, version) VALUES (2,'ΛΟΓΙΚΗ', 'ΑΛΓΕΒΡΑ ΤΟΥ BOOLE', 0);
INSERT INTO sector(id, area, category, version) VALUES (3,'ΛΟΓΙΚΗ', 'MΑΘΗΜΑΤΙΚΗ ΛΟΓΙΚΗ', 0);
INSERT INTO sector(id, area, category, version) VALUES (4,'ΛΟΓΙΚΗ', 'ΕΠΑΓΩΓΙΚΗ ΛΟΓΙΚΗ', 0);
INSERT INTO sector(id, area, category, version) VALUES (5,'ΛΟΓΙΚΗ', 'ΑΛΛO', 0);
INSERT INTO sector(id, area, category, version) VALUES (6,'ΜΑΘΗΜΑΤΙΚΑ', 'ΑΛΓΕΒΡΑ', 0);
INSERT INTO sector(id, area, category, version) VALUES (7,'ΜΑΘΗΜΑΤΙΚΑ', 'ΑΝΑΛΥΣΗ KAI ΣΥΝΑΡΤΗΣΙΑΚΗ ΑΝΑΛΥΣΗ', 0);
INSERT INTO sector(id, area, category, version) VALUES (8,'ΜΑΘΗΜΑΤΙΚΑ', 'ΓΕΩΜΕΤΡΙΑ', 0);
INSERT INTO sector(id, area, category, version) VALUES (9,'ΜΑΘΗΜΑΤΙΚΑ', 'ΘΕΩΡΙΑ ΑΡΙΘΜΩΝ', 0);
INSERT INTO sector(id, area, category, version) VALUES (10,'ΜΑΘΗΜΑΤΙΚΑ', 'AΡΙΘΜΗΤΙΚΗ ΑΝΑΛΥΣΗ', 0);
INSERT INTO sector(id, area, category, version) VALUES (11,'ΜΑΘΗΜΑΤΙΚΑ', 'ΕΠΙΧΕΙΡΗΣΙΑΚΗ ΕΡΕΥΝΑ', 0);
INSERT INTO sector(id, area, category, version) VALUES (12,'ΜΑΘΗΜΑΤΙΚΑ', 'ΠΙΘΑΝΟΤΗΤΕΣ KAI ΣΤΑΤΙΣΤΙΚΗ', 0);
INSERT INTO sector(id, area, category, version) VALUES (13,'ΜΑΘΗΜΑΤΙΚΑ', 'ΤΟΠΟΛΟΓΙΑ', 0);
INSERT INTO sector(id, area, category, version) VALUES (14,'ΜΑΘΗΜΑΤΙΚΑ', 'ΑΛΛΕΣ ΜΑΘΗΜΑΤΙΚΕΣ ΕΙΔΙΚΟΤΗΤΕΣ', 0);
INSERT INTO sector(id, area, category, version) VALUES (15,'ΠΛΗΡΟΦΟΡΙΚΗ', 'ΛΟΓΙΣΜΙΚΟ', 0);
INSERT INTO sector(id, area, category, version) VALUES (16,'ΠΛΗΡΟΦΟΡΙΚΗ', 'ΥΛΙΚΟ', 0);
INSERT INTO sector(id, area, category, version) VALUES (17,'ΠΛΗΡΟΦΟΡΙΚΗ', 'ΣΥΣΤΗΜΑΤΑ', 0);
INSERT INTO sector(id, area, category, version) VALUES (18,'ΠΛΗΡΟΦΟΡΙΚΗ', 'ΤΕΧΝΗΤΗ ΝΟΗΜΟΣΥΝΗ', 0);
INSERT INTO sector(id, area, category, version) VALUES (19,'ΠΛΗΡΟΦΟΡΙΚΗ', 'ΑΛΛΕΣ ΕΙΔΙΚΟΤΗΤΕΣ ΤΗΣ ΠΛΗΡΟΦΟΡΙΚΗΣ', 0);
INSERT INTO sector(id, area, category, version) VALUES (20,'ΑΣΤΡΟΝΟΜΙΑ ΚΑΙ ΑΣΤΡΟΦΥΣΙΚΗ', 'ΚΟΣΜΟΛΟΓΙΑ ΚΑΙ ΚΟΣΜΟΓΕΝΕΣΗ', 0);
INSERT INTO sector(id, area, category, version) VALUES (21,'ΑΣΤΡΟΝΟΜΙΑ ΚΑΙ ΑΣΤΡΟΦΥΣΙΚΗ', 'MEΣΟΠΛΑΝΗΤΙΚΟΣ ΧΩΡΟΣ', 0);
INSERT INTO sector(id, area, category, version) VALUES (22,'ΑΣΤΡΟΝΟΜΙΑ ΚΑΙ ΑΣΤΡΟΦΥΣΙΚΗ', 'ΟΠΤΙΚΗ ΑΣΤΡΟΝΟΜΙΑ', 0);
INSERT INTO sector(id, area, category, version) VALUES (23,'ΑΣΤΡΟΝΟΜΙΑ ΚΑΙ ΑΣΤΡΟΦΥΣΙΚΗ', 'ΠΛΑΝΗΤΟΛΟΓΙΑ', 0);
INSERT INTO sector(id, area, category, version) VALUES (24,'ΑΣΤΡΟΝΟΜΙΑ ΚΑΙ ΑΣΤΡΟΦΥΣΙΚΗ', 'ΡΑΔΙΟ ΑΣΤΡΟΝΟΜΙΑ', 0);
INSERT INTO sector(id, area, category, version) VALUES (25,'ΑΣΤΡΟΝΟΜΙΑ ΚΑΙ ΑΣΤΡΟΦΥΣΙΚΗ', 'ΗΛΙΑΚΟ ΣΥΣΤΗΜΑ', 0);
INSERT INTO sector(id, area, category, version) VALUES (26,'ΑΣΤΡΟΝΟΜΙΑ ΚΑΙ ΑΣΤΡΟΦΥΣΙΚΗ', 'ΑΣΤΡΟΜΕΤΡΙΑ, ΟΥΡΑΝΙΑ ΜΗΧΑΝΙΚΗ', 0);
INSERT INTO sector(id, area, category, version) VALUES (27,'ΑΣΤΡΟΝΟΜΙΑ ΚΑΙ ΑΣΤΡΟΦΥΣΙΚΗ', 'ΑΣΤΡΟΝΟΜΙΑ ΠΕΡΑΝ ΤΟΥ ΓΑΛΑΞΙΑ ΜΑΣ', 0);
INSERT INTO sector(id, area, category, version) VALUES (28,'ΑΣΤΡΟΝΟΜΙΑ ΚΑΙ ΑΣΤΡΟΦΥΣΙΚΗ', 'ΓΑΛΑΞΙΑΚΗ ΔΥΝΑΜΙΚΗ', 0);
INSERT INTO sector(id, area, category, version) VALUES (29,'ΑΣΤΡΟΝΟΜΙΑ ΚΑΙ ΑΣΤΡΟΦΥΣΙΚΗ', 'ΣΧΗΜΑΤΙΣΜΟΣ ΚΑΙ ΕΞΕΛΙΞΗ ΑΣΤΕΡΩΝ', 0);
INSERT INTO sector(id, area, category, version) VALUES (30,'ΑΣΤΡΟΝΟΜΙΑ ΚΑΙ ΑΣΤΡΟΦΥΣΙΚΗ', 'ΑΛΛΕΣ ΑΣΤΡΟΝΟΜΙΚΕΣ ΕΙΔΙΚΟΤΗΤΕΣ', 0);
INSERT INTO sector(id, area, category, version) VALUES (31,'ΦΥΣΙΚΗ', 'AΚΟΥΣΤΙΚΗ', 0);
INSERT INTO sector(id, area, category, version) VALUES (32,'ΦΥΣΙΚΗ', 'HΛΕΚΤΡΟΜΑΓΝΗΤΙΣΜΟΣ', 0);
INSERT INTO sector(id, area, category, version) VALUES (33,'ΦΥΣΙΚΗ', 'ΗΛΕΚΤΡΟΝΙΚΗ', 0);
INSERT INTO sector(id, area, category, version) VALUES (34,'ΦΥΣΙΚΗ', 'ΦΥΣΙΚΗ ΤΩΝ  ΡΕΥΣΤΩΝ', 0);
INSERT INTO sector(id, area, category, version) VALUES (35,'ΦΥΣΙΚΗ', 'ΜΗΧΑΝΙΚΗ', 0);
INSERT INTO sector(id, area, category, version) VALUES (36,'ΦΥΣΙΚΗ', 'ΜΟΡΙΑΚΗ ΦΥΣΙΚΗ', 0);
INSERT INTO sector(id, area, category, version) VALUES (37,'ΦΥΣΙΚΗ', 'ΠΥΡΗΝΙΚΗ ΦΥΣΙΚΗ', 0);
INSERT INTO sector(id, area, category, version) VALUES (38,'ΦΥΣΙΚΗ', 'ΠΥΡΗΝΙΚΗ ΤΕΧΝΟΛΟΓΙΑ', 0);
INSERT INTO sector(id, area, category, version) VALUES (39,'ΦΥΣΙΚΗ', 'ΟΠΤΙΚΗ', 0);
INSERT INTO sector(id, area, category, version) VALUES (40,'ΦΥΣΙΚΗ', 'ΦΥΣΙΚΟΧΗΜΕΙΑ', 0);
INSERT INTO sector(id, area, category, version) VALUES (41,'ΦΥΣΙΚΗ', 'ΦΥΣΙΚΗ ΣΤΕΡΕΑΣ ΚΑΤΑΣΤΑΣΗΣ', 0);
INSERT INTO sector(id, area, category, version) VALUES (42,'ΦΥΣΙΚΗ', 'ΘΕΩΡΗΤΙΚΗ ΦΥΣΙΚΗ', 0);
INSERT INTO sector(id, area, category, version) VALUES (43,'ΦΥΣΙΚΗ', 'ΘΕΡΜΟΔΥΝΑΜΙΚΗ', 0);
INSERT INTO sector(id, area, category, version) VALUES (44,'ΦΥΣΙΚΗ', 'METΡΟΛΟΓΙΑ', 0);
INSERT INTO sector(id, area, category, version) VALUES (45,'ΦΥΣΙΚΗ', 'ΑΛΛΕΣ ΕΙΔΙΚΟΤΗΤΕΣ ΦΥΣΙΚΗΣ', 0);
INSERT INTO sector(id, area, category, version) VALUES (46,'ΧΗΜΕΙΑ', 'ΑΝΑΛΥΤΙΚΗ ΧΗΜΕΙΑ', 0);
INSERT INTO sector(id, area, category, version) VALUES (47,'ΧΗΜΕΙΑ', 'ΑΝΟΡΓΑΝΗ ΧΗΜΕΙΑ', 0);
INSERT INTO sector(id, area, category, version) VALUES (48,'ΧΗΜΕΙΑ', 'ΒΙΟΧΗΜΕΙΑ', 0);
INSERT INTO sector(id, area, category, version) VALUES (49,'ΧΗΜΕΙΑ', 'ΧΗΜΕΙΑ ΜΑΚΡΟΜΟΡΙΩΝ', 0);
INSERT INTO sector(id, area, category, version) VALUES (50,'ΧΗΜΕΙΑ', 'ΟΡΓΑΝΙΚΗ ΧΗΜΕΙΑ', 0);
INSERT INTO sector(id, area, category, version) VALUES (51,'ΧΗΜΕΙΑ', 'ΠΥΡΗΝΙΚΗ ΧΗΜΕΙΑ', 0);
INSERT INTO sector(id, area, category, version) VALUES (52,'ΧΗΜΕΙΑ', 'ΚΛΙΝΙΚΗ ΧΗΜΕΙΑ', 0);
INSERT INTO sector(id, area, category, version) VALUES (53,'ΧΗΜΕΙΑ', 'XHMEIA ΠΕΡΙΒΑΛΛΟΝΤΟΣ', 0);
INSERT INTO sector(id, area, category, version) VALUES (54,'ΧΗΜΕΙΑ', 'ΑΛΛΕΣ ΕΙΔΙΚΟΤΗΤΕΣ ΤΗΣ ΧΗΜΕΙΑΣ', 0);
INSERT INTO sector(id, area, category, version) VALUES (55,'ΕΠΙΣΤΗΜΕΣ THΣ ΖΩΗΣ', 'ΦΥΣΙΚΗ ΑΝΘΡΩΠΟΛΟΓΙΑ', 0);
INSERT INTO sector(id, area, category, version) VALUES (56,'ΕΠΙΣΤΗΜΕΣ THΣ ΖΩΗΣ', 'ΒΙΟΜΑΘΗΜΑΤΙΚΑ', 0);
INSERT INTO sector(id, area, category, version) VALUES (57,'ΕΠΙΣΤΗΜΕΣ THΣ ΖΩΗΣ', 'ΒΙΟΕΠΙΣΤΗΜΕΣ', 0);
INSERT INTO sector(id, area, category, version) VALUES (58,'ΕΠΙΣΤΗΜΕΣ THΣ ΖΩΗΣ', 'ΒΙΟΛΟΓΙΑ ΚΥΤΤΑΡΩΝ', 0);
INSERT INTO sector(id, area, category, version) VALUES (59,'ΕΠΙΣΤΗΜΕΣ THΣ ΖΩΗΣ', 'ΓΕΝΕΤΙΚΗ', 0);
INSERT INTO sector(id, area, category, version) VALUES (60,'ΕΠΙΣΤΗΜΕΣ THΣ ΖΩΗΣ', 'ΦΥΣΙΟΛΟΓΙΑ ΤΟΥ ΑΝΘΡΩΠΟΥ', 0);
INSERT INTO sector(id, area, category, version) VALUES (61,'ΕΠΙΣΤΗΜΕΣ THΣ ΖΩΗΣ', 'ΑΝΟΣΟΛΟΓΙΑ', 0);
INSERT INTO sector(id, area, category, version) VALUES (62,'ΕΠΙΣΤΗΜΕΣ THΣ ΖΩΗΣ', 'ΜΙΚΡΟΒΙΟΛΟΓΙΑ', 0);
INSERT INTO sector(id, area, category, version) VALUES (63,'ΕΠΙΣΤΗΜΕΣ THΣ ΖΩΗΣ', 'ΜΟΡΙΑΚΗ ΒΙΟΛΟΓΙΑ', 0);
INSERT INTO sector(id, area, category, version) VALUES (64,'ΕΠΙΣΤΗΜΕΣ THΣ ΖΩΗΣ', 'ΡΑΔΙΟΒΙΟΛΟΓΙΑ', 0);
INSERT INTO sector(id, area, category, version) VALUES (65,'ΕΠΙΣΤΗΜΕΣ THΣ ΖΩΗΣ', 'ΙΟΛΟΓΙΑ', 0);
INSERT INTO sector(id, area, category, version) VALUES (66,'ΕΠΙΣΤΗΜΕΣ THΣ ΖΩΗΣ', 'ΘΑΛΑΣΣΙΑ ΒΙΟΛΟΓΙΑ', 0);
INSERT INTO sector(id, area, category, version) VALUES (67,'ΕΠΙΣΤΗΜΕΣ THΣ ΖΩΗΣ', 'ΒΙΟΛΟΓΙΑ ΦΥΤΩΝ (ΒΟΤΑΝΙΚΗ)', 0);
INSERT INTO sector(id, area, category, version) VALUES (68,'ΕΠΙΣΤΗΜΕΣ THΣ ΖΩΗΣ', 'ΒΙΟΛΟΓΙΑ ΤΩΝ ΖΩΩΝ (ΖΩΟΛΟΓΙΑ)', 0);
INSERT INTO sector(id, area, category, version) VALUES (69,'ΕΠΙΣΤΗΜΕΣ THΣ ΖΩΗΣ', 'ΕΝΤΟΜΟΛΟΓΙΑ', 0);
INSERT INTO sector(id, area, category, version) VALUES (70,'ΕΠΙΣΤΗΜΕΣ THΣ ΖΩΗΣ', 'ΑΘΛΗΤΙΚΗ ΕΠΙΣΤΗΜΗ', 0);
INSERT INTO sector(id, area, category, version) VALUES (71,'ΕΠΙΣΤΗΜΕΣ THΣ ΖΩΗΣ', 'ΑΛΛΕΣ ΕΙΔΙΚΟΤΗΤΕΣ ΕΠΙΣΤΗΜΩΝ ΖΩΗΣ', 0);
INSERT INTO sector(id, area, category, version) VALUES (72,'ΕΠΙΣΤΗΜΕΣ ΤΗΣ ΓΗΣ ΚΑΙ TOY ΔΙΑΣΤΗΜΑΤΟΣ', 'ΕΠΙΣΤΗΜΕΣ ΤΗΣ ΑΤΜΟΣΦΑΙΡΑΣ', 0);
INSERT INTO sector(id, area, category, version) VALUES (73,'ΕΠΙΣΤΗΜΕΣ ΤΗΣ ΓΗΣ ΚΑΙ TOY ΔΙΑΣΤΗΜΑΤΟΣ', 'ΚΛΙΜΑΤΟΛΟΓΙΑ', 0);
INSERT INTO sector(id, area, category, version) VALUES (74,'ΕΠΙΣΤΗΜΕΣ ΤΗΣ ΓΗΣ ΚΑΙ TOY ΔΙΑΣΤΗΜΑΤΟΣ', 'ΓΕΩΧΗΜΕΙΑ', 0);
INSERT INTO sector(id, area, category, version) VALUES (75,'ΕΠΙΣΤΗΜΕΣ ΤΗΣ ΓΗΣ ΚΑΙ TOY ΔΙΑΣΤΗΜΑΤΟΣ', 'ΓΕΩΔΑΙΣΙΑ', 0);
INSERT INTO sector(id, area, category, version) VALUES (76,'ΕΠΙΣΤΗΜΕΣ ΤΗΣ ΓΗΣ ΚΑΙ TOY ΔΙΑΣΤΗΜΑΤΟΣ', 'ΓΕΩΓΡΑΦΙΑ', 0);
INSERT INTO sector(id, area, category, version) VALUES (77,'ΕΠΙΣΤΗΜΕΣ ΤΗΣ ΓΗΣ ΚΑΙ TOY ΔΙΑΣΤΗΜΑΤΟΣ', 'ΓΕΝΙΚΗ ΓΕΩΛΟΓΙΑ', 0);
INSERT INTO sector(id, area, category, version) VALUES (78,'ΕΠΙΣΤΗΜΕΣ ΤΗΣ ΓΗΣ ΚΑΙ TOY ΔΙΑΣΤΗΜΑΤΟΣ', 'ΠΑΛΑΙΟΝΤΟΛΟΓΙΑ', 0);
INSERT INTO sector(id, area, category, version) VALUES (79,'ΕΠΙΣΤΗΜΕΣ ΤΗΣ ΓΗΣ ΚΑΙ TOY ΔΙΑΣΤΗΜΑΤΟΣ', 'ΟΡΥΚΤΟΛΟΓΙΑ', 0);
INSERT INTO sector(id, area, category, version) VALUES (80,'ΕΠΙΣΤΗΜΕΣ ΤΗΣ ΓΗΣ ΚΑΙ TOY ΔΙΑΣΤΗΜΑΤΟΣ', 'ΤΕΚΤΟΝΙΚΗ ΓΕΩΛΟΓΙΑ', 0);
INSERT INTO sector(id, area, category, version) VALUES (81,'ΕΠΙΣΤΗΜΕΣ ΤΗΣ ΓΗΣ ΚΑΙ TOY ΔΙΑΣΤΗΜΑΤΟΣ', 'ΓΕΩΘΕΡΜΙΑ', 0);
INSERT INTO sector(id, area, category, version) VALUES (82,'ΕΠΙΣΤΗΜΕΣ ΤΗΣ ΓΗΣ ΚΑΙ TOY ΔΙΑΣΤΗΜΑΤΟΣ', 'ΓΕΩΦΥΣΙΚΗ', 0);
INSERT INTO sector(id, area, category, version) VALUES (83,'ΕΠΙΣΤΗΜΕΣ ΤΗΣ ΓΗΣ ΚΑΙ TOY ΔΙΑΣΤΗΜΑΤΟΣ', 'ΥΔΡΟΛΟΓΙΑ', 0);
INSERT INTO sector(id, area, category, version) VALUES (84,'ΕΠΙΣΤΗΜΕΣ ΤΗΣ ΓΗΣ ΚΑΙ TOY ΔΙΑΣΤΗΜΑΤΟΣ', 'ΜΕΤΕΩΡΟΛΟΓΙΑ', 0);
INSERT INTO sector(id, area, category, version) VALUES (85,'ΕΠΙΣΤΗΜΕΣ ΤΗΣ ΓΗΣ ΚΑΙ TOY ΔΙΑΣΤΗΜΑΤΟΣ', 'ΘΑΛΑΣΣΙΑ ΓΕΩΛΟΓΙΑ', 0);
INSERT INTO sector(id, area, category, version) VALUES (86,'ΕΠΙΣΤΗΜΕΣ ΤΗΣ ΓΗΣ ΚΑΙ TOY ΔΙΑΣΤΗΜΑΤΟΣ', 'ΩΚΕΑΝΟΓΡΑΦΙΑ', 0);
INSERT INTO sector(id, area, category, version) VALUES (87,'ΕΠΙΣΤΗΜΕΣ ΤΗΣ ΓΗΣ ΚΑΙ TOY ΔΙΑΣΤΗΜΑΤΟΣ', 'ΟΙΚΟΛΟΓΙΑ', 0);
INSERT INTO sector(id, area, category, version) VALUES (88,'ΕΠΙΣΤΗΜΕΣ ΤΗΣ ΓΗΣ ΚΑΙ TOY ΔΙΑΣΤΗΜΑΤΟΣ', 'ΑΛΛΕΣ ΕΠΙΣΤΗΜΕΣ ΤΗΣ  ΓΗΣ ΚΑΙ ΤΟΥ ΔΙΑΣΤΗΜΑΤΟΣ', 0);
INSERT INTO sector(id, area, category, version) VALUES (89,'ΓΕΩΠΟΝΙΚΕΣ ΕΠΙΣΤΗΜΕΣ', 'ΕΔΑΦΟΛΟΓΙΑ', 0);
INSERT INTO sector(id, area, category, version) VALUES (90,'ΓΕΩΠΟΝΙΚΕΣ ΕΠΙΣΤΗΜΕΣ', 'ΓΕΩΡΓΙΚΗ ΧΗΜΕΙΑ', 0);
INSERT INTO sector(id, area, category, version) VALUES (91,'ΓΕΩΠΟΝΙΚΕΣ ΕΠΙΣΤΗΜΕΣ', 'ΓΕΩΡΓΙΚΗ ΜΗΧΑΝΙΚΗ', 0);
INSERT INTO sector(id, area, category, version) VALUES (92,'ΓΕΩΠΟΝΙΚΕΣ ΕΠΙΣΤΗΜΕΣ', 'ΦΥΤΙΚΗ ΠΑΡΑΓΩΓΗ', 0);
INSERT INTO sector(id, area, category, version) VALUES (93,'ΓΕΩΠΟΝΙΚΕΣ ΕΠΙΣΤΗΜΕΣ', 'ΦΥΤΟΠΑΘΟΛΟΓΙΑ', 0);
INSERT INTO sector(id, area, category, version) VALUES (94,'ΓΕΩΠΟΝΙΚΕΣ ΕΠΙΣΤΗΜΕΣ', 'KTHNIATΡΙΚΗ ΕΠΙΣΤΗΜΗ', 0);
INSERT INTO sector(id, area, category, version) VALUES (95,'ΓΕΩΠΟΝΙΚΕΣ ΕΠΙΣΤΗΜΕΣ', 'ΖΩΟΤΕΧΝΙΑ', 0);
INSERT INTO sector(id, area, category, version) VALUES (96,'ΓΕΩΠΟΝΙΚΕΣ ΕΠΙΣΤΗΜΕΣ', 'ΙΧΘΥΟΛΟΓΙΑ', 0);
INSERT INTO sector(id, area, category, version) VALUES (97,'ΓΕΩΠΟΝΙΚΕΣ ΕΠΙΣΤΗΜΕΣ', 'ΑΓΡΟΤΙΚΗ ΟΙΚΟΝΟΜΙΑ', 0);
INSERT INTO sector(id, area, category, version) VALUES (98,'ΓΕΩΠΟΝΙΚΕΣ ΕΠΙΣΤΗΜΕΣ', 'ΔΑΣΟΠΟΝΙΑ', 0);
INSERT INTO sector(id, area, category, version) VALUES (99,'ΓΕΩΠΟΝΙΚΕΣ ΕΠΙΣΤΗΜΕΣ', 'ΔΙΑΧΕΙΡΙΣΗ ΟΡΕΙΝΩΝ ΥΔΑΤΩΝ', 0);
INSERT INTO sector(id, area, category, version) VALUES (100,'ΓΕΩΠΟΝΙΚΕΣ ΕΠΙΣΤΗΜΕΣ', 'ΛΙΒΑΔΟΠΟΝΙΑ', 0);
INSERT INTO sector(id, area, category, version) VALUES (101,'ΓΕΩΠΟΝΙΚΕΣ ΕΠΙΣΤΗΜΕΣ', 'ΑΛΛΕΣ ΓΕΩΠΟΝΙΚΕΣ ΕΙΔΙΚΟΤΗΤΕΣ', 0);
INSERT INTO sector(id, area, category, version) VALUES (102,'ΙΑΤΡΙΚΕΣ ΕΠΙΣΤΗΜΕΣ', 'ΚΛΙΝΙΚΗ ΙΑΤΡΙΚΗ', 0);
INSERT INTO sector(id, area, category, version) VALUES (103,'ΙΑΤΡΙΚΕΣ ΕΠΙΣΤΗΜΕΣ', 'ΕΠΙΔΗΜΙΟΛΟΓΙΑ', 0);
INSERT INTO sector(id, area, category, version) VALUES (104,'ΙΑΤΡΙΚΕΣ ΕΠΙΣΤΗΜΕΣ', 'ΕΡΓΑΣΙΑΚΗ ΙΑΤΡΙΚΗ', 0);
INSERT INTO sector(id, area, category, version) VALUES (105,'ΙΑΤΡΙΚΕΣ ΕΠΙΣΤΗΜΕΣ', 'ΠΥΡΗΝΙΚΗ ΙΑΤΡΙΚΗ', 0);
INSERT INTO sector(id, area, category, version) VALUES (106,'ΙΑΤΡΙΚΕΣ ΕΠΙΣΤΗΜΕΣ', 'ΕΣΩΤΕΡΙΚΗ (ΜΗ ΧΕΙΡΟΥΡΓΙΚΗ) ΙΑΤΡΙΚΗ', 0);
INSERT INTO sector(id, area, category, version) VALUES (107,'ΙΑΤΡΙΚΕΣ ΕΠΙΣΤΗΜΕΣ', 'ΔΙΑΙΤΗΤΙΚΗ (ΔΙΑΙΤΟΛΟΓΙΑ)', 0);
INSERT INTO sector(id, area, category, version) VALUES (108,'ΙΑΤΡΙΚΕΣ ΕΠΙΣΤΗΜΕΣ', 'ΠΑΘΟΛΟΓΙΑ', 0);
INSERT INTO sector(id, area, category, version) VALUES (109,'ΙΑΤΡΙΚΕΣ ΕΠΙΣΤΗΜΕΣ', 'ΔΥΝΑΜΙΚΗ ΤΩΝ ΦΑΡΜΑΚΩΝ', 0);
INSERT INTO sector(id, area, category, version) VALUES (110,'ΙΑΤΡΙΚΕΣ ΕΠΙΣΤΗΜΕΣ', 'ΦΑΡΜAΚΟΛΟΓΙΑ', 0);
INSERT INTO sector(id, area, category, version) VALUES (111,'ΙΑΤΡΙΚΕΣ ΕΠΙΣΤΗΜΕΣ', 'ΠΡΟΛΗΠΤΙΚΗ ΙΑΤΡΙΚΗ', 0);
INSERT INTO sector(id, area, category, version) VALUES (112,'ΙΑΤΡΙΚΕΣ ΕΠΙΣΤΗΜΕΣ', 'ΨΥΧΙΑΤΡΙΚΗ', 0);
INSERT INTO sector(id, area, category, version) VALUES (113,'ΙΑΤΡΙΚΕΣ ΕΠΙΣΤΗΜΕΣ', 'ΔΗΜΟΣΙΑ ΥΓΕΙΑ', 0);
INSERT INTO sector(id, area, category, version) VALUES (114,'ΙΑΤΡΙΚΕΣ ΕΠΙΣΤΗΜΕΣ', 'ΧΕΙΡΟΥΡΓΙΚΗ', 0);
INSERT INTO sector(id, area, category, version) VALUES (115,'ΙΑΤΡΙΚΕΣ ΕΠΙΣΤΗΜΕΣ', 'ΤΟΞΙΚΟΛΟΓΙΑ', 0);
INSERT INTO sector(id, area, category, version) VALUES (116,'ΙΑΤΡΙΚΕΣ ΕΠΙΣΤΗΜΕΣ', 'ΟΔΟΝΤΙΑΤΡΙΚΗ', 0);
INSERT INTO sector(id, area, category, version) VALUES (117,'ΙΑΤΡΙΚΕΣ ΕΠΙΣΤΗΜΕΣ', 'ΑΛΛΕΣ ΙΑΤΡΙΚΕΣ ΕΙΔΙΚΟΤΗΤΕΣ', 0);
INSERT INTO sector(id, area, category, version) VALUES (118,'ΤΕΧΝΟΛΟΓΙΑ', 'ΑΕΡΟΝΑΥΤΙΚΗ ΜΗΧΑΝΟΛΟΓΙΑ KAI ΤΕΧΝΟΛΟΓΙΑ', 0);
INSERT INTO sector(id, area, category, version) VALUES (119,'ΤΕΧΝΟΛΟΓΙΑ', 'ΒΙΟΧΗΜΙΚΗ ΤΕΧΝΟΛΟΓΙΑ-ΒΙΟΤΕΧΝΟΛΟΓΙΑ', 0);
INSERT INTO sector(id, area, category, version) VALUES (120,'ΤΕΧΝΟΛΟΓΙΑ', 'ΧΗΜΙΚΗ ΜΗΧΑΝΙΚΗ ΚΑΙ ΤΕΧΝΟΛΟΓΙΑ', 0);
INSERT INTO sector(id, area, category, version) VALUES (121,'ΤΕΧΝΟΛΟΓΙΑ', 'ΤΕΧΝΟΛΟΓΙΑ KΑΥΣΙΜΩΝ', 0);
INSERT INTO sector(id, area, category, version) VALUES (122,'ΤΕΧΝΟΛΟΓΙΑ', 'ΤΕΧΝΟΛΟΓΙΑ ΚΑΤΑΣΚΕΥΩΝ', 0);
INSERT INTO sector(id, area, category, version) VALUES (123,'ΤΕΧΝΟΛΟΓΙΑ', 'ΗΛΕΚΤΡΙΚΗ ΤΕΧΝΟΛΟΓΙΑ ΚΑΙ  ΜΗΧΑΝΙΚΗ', 0);
INSERT INTO sector(id, area, category, version) VALUES (124,'ΤΕΧΝΟΛΟΓΙΑ', 'ΗΛΕΚΤΡΟΝΙΚΗ ΤΕΧΝΟΛΟΓΙΑ', 0);
INSERT INTO sector(id, area, category, version) VALUES (125,'ΤΕΧΝΟΛΟΓΙΑ', 'TEΧΝΟΛΟΓΙΑ ΤΗΛΕΠΙΚΟΙΝΩΝΙΩΝ', 0);
INSERT INTO sector(id, area, category, version) VALUES (126,'ΤΕΧΝΟΛΟΓΙΑ', 'ΤΕΧΝΟΛΟΓΙΑ ΚΑΙ ΜΗΧΑΝΙΚΗ  ΠΕΡΙΒΑΛΛΟΝΤΟΣ', 0);
INSERT INTO sector(id, area, category, version) VALUES (127,'ΤΕΧΝΟΛΟΓΙΑ', 'ΤΕΧΝΟΛΟΓΙΑ ΤΡΟΦΙΜΩΝ', 0);
INSERT INTO sector(id, area, category, version) VALUES (128,'ΤΕΧΝΟΛΟΓΙΑ', 'ΒΙΟΜΗΧΑΝΙΚΗ ΤΕΧΝΟΛΟΓΙΑ', 0);
INSERT INTO sector(id, area, category, version) VALUES (129,'ΤΕΧΝΟΛΟΓΙΑ', 'TΕΧΝΟΛΟΓΙΑ ΟΡΓΑΝΩΝ ΜΕΤΡΗΣHΣ ΚΑΙ ΕΛΕΓΧΟΥ', 0);
INSERT INTO sector(id, area, category, version) VALUES (130,'ΤΕΧΝΟΛΟΓΙΑ', 'ΤΕΧΝΟΛΟΓΙΑ ΥΛΙΚΩΝ', 0);
INSERT INTO sector(id, area, category, version) VALUES (131,'ΤΕΧΝΟΛΟΓΙΑ', 'ΜΗΧΑΝΟΛΟΓΙΚΗ ΜΗΧΑΝΙΚΗ ΚΑΙ ΤΕΧΝΟΛΟΓΙΑ', 0);
INSERT INTO sector(id, area, category, version) VALUES (132,'ΤΕΧΝΟΛΟΓΙΑ', 'ΙΑΤΡΙΚΗ ΤΕΧΝΟΛΟΓΙΑ', 0);
INSERT INTO sector(id, area, category, version) VALUES (133,'ΤΕΧΝΟΛΟΓΙΑ', 'ΤΕΧΝΟΛΟΓΙΑ ΜΕΤΑΛΛΟΥΡΓΙΑΣ', 0);
INSERT INTO sector(id, area, category, version) VALUES (134,'ΤΕΧΝΟΛΟΓΙΑ', 'ΤΕΧΝΟΛΟΓΙΑ ΜΕΤΑΛΛΙΚΩΝ ΠΡΟΙΟΝΤΩΝ', 0);
INSERT INTO sector(id, area, category, version) VALUES (135,'ΤΕΧΝΟΛΟΓΙΑ', 'ΤΕΧΝΟΛΟΓΙΑ ΟΡΥΧΕΙΩΝ', 0);
INSERT INTO sector(id, area, category, version) VALUES (136,'ΤΕΧΝΟΛΟΓΙΑ', 'ΤΕΧΝΟΛΟΓΙΑ ΟΧΗΜΑΤΩΝ', 0);
INSERT INTO sector(id, area, category, version) VALUES (137,'ΤΕΧΝΟΛΟΓΙΑ', 'ΝΑΥΤΙΚΗ ΤΕΧΝΟΛΟΓΙΑ', 0);
INSERT INTO sector(id, area, category, version) VALUES (138,'ΤΕΧΝΟΛΟΓΙΑ', 'ΤΕΧΝΟΛΟΓΙΑ ΣΙΔΗΡΟΔΡΟΜΩΝ', 0);
INSERT INTO sector(id, area, category, version) VALUES (139,'ΤΕΧΝΟΛΟΓΙΑ', 'ΤΕΧΝΟΛΟΓΙΑ ΜΕΤΑΦΟΡΙΚΩΝ ΜΕΣΩΝ', 0);
INSERT INTO sector(id, area, category, version) VALUES (140,'ΤΕΧΝΟΛΟΓΙΑ', 'ΤΕΧΝΟΛΟΓΙΑ ΚΛΩΣΤΟΥΦΑΝΤΟΥΡΓΙΑΣ', 0);
INSERT INTO sector(id, area, category, version) VALUES (141,'ΤΕΧΝΟΛΟΓΙΑ', 'ΤΕΧΝΟΛΟΓΙΑ ΔΙΑΣΤΗΜΑΤΟΣ', 0);
INSERT INTO sector(id, area, category, version) VALUES (142,'ΤΕΧΝΟΛΟΓΙΑ', 'ΕΝΕΡΓΕΙΑΚΗ ΤΕΧΝΟΛΟΓΙΑ', 0);
INSERT INTO sector(id, area, category, version) VALUES (143,'ΤΕΧΝΟΛΟΓΙΑ', 'ΧΩΡΟΤΑΞΙΑ', 0);
INSERT INTO sector(id, area, category, version) VALUES (144,'ΤΕΧΝΟΛΟΓΙΑ', 'ΠΟΛΕΟΔΟΜΙΑ', 0);
INSERT INTO sector(id, area, category, version) VALUES (145,'ΤΕΧΝΟΛΟΓΙΑ', 'ΑΡΧΙΤΕΚΤΟΝΙΚΗ', 0);
INSERT INTO sector(id, area, category, version) VALUES (146,'ΤΕΧΝΟΛΟΓΙΑ', 'ΑΛΛΕΣ ΤΕΧΝΟΛΟΓΙΚΕΣ ΕΙΔΙΚΟΤΗΤΕΣ', 0);
INSERT INTO sector(id, area, category, version) VALUES (147,'ΑΝΘΡΩΠΟΛΟΓΙΑ (ΜΗ ΦΥΣΙΚΗ)', 'ΠΟΛΙΤΙΣΤΙΚΗ ΑΝΘΡΩΠΟΛΟΓΙΑ', 0);
INSERT INTO sector(id, area, category, version) VALUES (148,'ΑΝΘΡΩΠΟΛΟΓΙΑ (ΜΗ ΦΥΣΙΚΗ)', 'ΚΟΙΝΩΝΙΚΗ ΑΝΘΡΩΠΟΛΟΓΙΑ', 0);
INSERT INTO sector(id, area, category, version) VALUES (149,'ΑΝΘΡΩΠΟΛΟΓΙΑ (ΜΗ ΦΥΣΙΚΗ)', 'ΕΘΝΟΓΡΑΦΙΑ ΚΑΙ ΕΘΝΟΛΟΓΙΑ', 0);
INSERT INTO sector(id, area, category, version) VALUES (150,'ΑΝΘΡΩΠΟΛΟΓΙΑ (ΜΗ ΦΥΣΙΚΗ)', 'ΑΛΛΕΣ ΕΙΔΙΚΟΤΗΤΕΣ ΑΝΘΡΩΠΟΛΟΓΙΑΣ', 0);
INSERT INTO sector(id, area, category, version) VALUES (151,'ΔΗΜΟΓΡΑΦΙΑ', 'ΘΕΩΡΙΑ ΚΑΙ ΜΕΘΟΔΟΛΟΓΙΑ ΕΡΕΥΝΑΣ ΚΑΙ ΑΝΑΛΥΣΗΣ', 0);
INSERT INTO sector(id, area, category, version) VALUES (152,'ΔΗΜΟΓΡΑΦΙΑ', 'ΘΝΗΣΙΜΟΤΗΤΑ ΚΑΙ ΓΟΝΙΜΟΤΗΤΑ', 0);
INSERT INTO sector(id, area, category, version) VALUES (153,'ΔΗΜΟΓΡΑΦΙΑ', 'ΙΣΤΟΡΙΚΗ ΔΗΜΟΓΡΑΦΙΑ', 0);
INSERT INTO sector(id, area, category, version) VALUES (154,'ΔΗΜΟΓΡΑΦΙΑ', 'ΜΕΓΕΘΟΣ ΠΛΗΘΥΣΜΟΥ ΚΑΙ ΔΗΜΟΓΡΑΦΙΚΗ ΕΞΕΛΙΞΗ', 0);
INSERT INTO sector(id, area, category, version) VALUES (155,'ΔΗΜΟΓΡΑΦΙΑ', 'ΓΕΩΓΡΑΦΙΚΗ ΔΗΜΟΓΡΑΦΙΑ', 0);
INSERT INTO sector(id, area, category, version) VALUES (156,'ΔΗΜΟΓΡΑΦΙΑ', 'XAΡΑΚΤΗΡΙΣΤΙΚΑ ΠΛΗΘΥΣΜΟΥ', 0);
INSERT INTO sector(id, area, category, version) VALUES (157,'ΔΗΜΟΓΡΑΦΙΑ', 'ΑΛΛΕΣ ΔΗΜΟΓΡΑΦΙΚΕΣ ΕΙΔΙΚΟΤΗΤΕΣ', 0);
INSERT INTO sector(id, area, category, version) VALUES (158,'ΟΙΚΟΝΟΜΙΚΕΣ ΕΠΙΣΤΗΜΕΣ', 'ΔΗΜΟΣΙΟΝΟΜΙΚΑ', 0);
INSERT INTO sector(id, area, category, version) VALUES (159,'ΟΙΚΟΝΟΜΙΚΕΣ ΕΠΙΣΤΗΜΕΣ', 'ΟΙΚΟΝΟΜΕΤΡΙΑ', 0);
INSERT INTO sector(id, area, category, version) VALUES (160,'ΟΙΚΟΝΟΜΙΚΕΣ ΕΠΙΣΤΗΜΕΣ', 'ΟΙΚΟΝΟΜΙΚΗ ΔΡΑΣΤΗΡΙΟΤΗΤΑ', 0);
INSERT INTO sector(id, area, category, version) VALUES (161,'ΟΙΚΟΝΟΜΙΚΕΣ ΕΠΙΣΤΗΜΕΣ', 'ΟΙΚΟΝΟΜΙΚΑ ΤΕΧΝΟΛΟΓΙΚΩΝ ΑΛΛΑΓΩΝ', 0);
INSERT INTO sector(id, area, category, version) VALUES (162,'ΟΙΚΟΝΟΜΙΚΕΣ ΕΠΙΣΤΗΜΕΣ', 'ΟΙΚΟΝΟΜΙΚΗ ΘΕΩΡΙΑ', 0);
INSERT INTO sector(id, area, category, version) VALUES (163,'ΟΙΚΟΝΟΜΙΚΕΣ ΕΠΙΣΤΗΜΕΣ', 'ΓΕΝΙΚΗ ΟΙΚΟΝΟΜΙΑ', 0);
INSERT INTO sector(id, area, category, version) VALUES (164,'ΟΙΚΟΝΟΜΙΚΕΣ ΕΠΙΣΤΗΜΕΣ', 'ΒΙΟΜΗΧΑΝΙΚΗ ΟΡΓΑΝΩΣΗ ΚΑΙ ΔΗΜΟΣΙΑ ΠΟΛΙΤΙΚΗ', 0);
INSERT INTO sector(id, area, category, version) VALUES (165,'ΟΙΚΟΝΟΜΙΚΕΣ ΕΠΙΣΤΗΜΕΣ', 'ΔΙΕΘΝΗΣ ΟΙΚΟΝΟΜΙΑ', 0);
INSERT INTO sector(id, area, category, version) VALUES (166,'ΟΙΚΟΝΟΜΙΚΕΣ ΕΠΙΣΤΗΜΕΣ', 'ΟΡΓΑΝΩΣΗ ΚΑΙ ΔΙΟΙΚΗΣΗ ΕΠΙΧΕΙΡΗΣΕΩΝ', 0);
INSERT INTO sector(id, area, category, version) VALUES (167,'ΟΙΚΟΝΟΜΙΚΕΣ ΕΠΙΣΤΗΜΕΣ', 'ΟΙΚΟΝΟΜΙΑ ΤΟΥ ΠΕΡΙΒΑΛΛΟΝΤΟΣ', 0);
INSERT INTO sector(id, area, category, version) VALUES (168,'ΟΙΚΟΝΟΜΙΚΕΣ ΕΠΙΣΤΗΜΕΣ', 'ΑΛΛΕΣ ΕΙΔΙΚΟΤΗΤΕΣ ΟΙΚΟΝΟΜΙΚΩΝ ΕΠΙΣΤΗΜΩΝ', 0);
INSERT INTO sector(id, area, category, version) VALUES (169,'ΙΣΤΟΡΙΑ', 'ΓΕΝΙΚΗ ΙΣΤΟΡΙΑ, ΘΕΩΡΙΑ', 0);
INSERT INTO sector(id, area, category, version) VALUES (170,'ΙΣΤΟΡΙΑ', 'ΙΣΤΟΡΙΑ ΤΩΝ ΧΩΡΩΝ', 0);
INSERT INTO sector(id, area, category, version) VALUES (171,'ΙΣΤΟΡΙΑ', 'ΕΙΔΙΚΕΣ ΙΣΤΟΡΙΕΣ', 0);
INSERT INTO sector(id, area, category, version) VALUES (172,'ΙΣΤΟΡΙΑ', 'ΑΡΧΑΙΟΛΟΓΙΑ', 0);
INSERT INTO sector(id, area, category, version) VALUES (173,'ΙΣΤΟΡΙΑ', 'ΑΛΛΕΣ ΙΣΤΟΡΙΚΕΣ ΕΠΙΣΤΗΜΕΣ', 0);
INSERT INTO sector(id, area, category, version) VALUES (174,'ΝΟΜΙΚΕΣ ΕΠΙΣΤΗΜΕΣ', 'ΓΕΝΙΚΗ ΘΕΩΡΙΑ ΚΑΙ ΜΕΘΟΔΟΙ', 0);
INSERT INTO sector(id, area, category, version) VALUES (175,'ΝΟΜΙΚΕΣ ΕΠΙΣΤΗΜΕΣ', 'ΕΘΝΙΚΟ ΔΙΚΑΙΟ', 0);
INSERT INTO sector(id, area, category, version) VALUES (176,'ΝΟΜΙΚΕΣ ΕΠΙΣΤΗΜΕΣ', 'ΔΙΚΟΝΟΜΙΑ', 0);
INSERT INTO sector(id, area, category, version) VALUES (177,'ΝΟΜΙΚΕΣ ΕΠΙΣΤΗΜΕΣ', 'ΔΙΕΘΝΕΣ ΔΙΚΑΙΟ', 0);
INSERT INTO sector(id, area, category, version) VALUES (178,'ΝΟΜΙΚΕΣ ΕΠΙΣΤΗΜΕΣ', 'AΛΛΕΣ ΝΟΜΙΚΕΣ ΕΙΔΙΚΟΤΗΤΕΣ', 0);
INSERT INTO sector(id, area, category, version) VALUES (179,'ΓΛΩΣΣΟΛΟΓΙΑ', 'ΕΦΑΡΜΟΣΜΕΝΗ ΓΛΩΣΣΟΛΟΓΙΑ', 0);
INSERT INTO sector(id, area, category, version) VALUES (180,'ΓΛΩΣΣΟΛΟΓΙΑ', 'ΔΙΑΧΡΟΝΙΚΗ ΓΛΩΣΣΟΛΟΓΙΑ', 0);
INSERT INTO sector(id, area, category, version) VALUES (181,'ΓΛΩΣΣΟΛΟΓΙΑ', 'ΘΕΩΡΗΤΙΚΗ ΓΛΩΣΣΟΛΟΓΙΑ', 0);
INSERT INTO sector(id, area, category, version) VALUES (182,'ΓΛΩΣΣΟΛΟΓΙΑ', 'ΓΕΩΓΡΑΦΙΚΗ ΓΛΩΣΣΟΛΟΓΙΑ', 0);
INSERT INTO sector(id, area, category, version) VALUES (183,'ΓΛΩΣΣΟΛΟΓΙΑ', 'ΣΥΓΧΡΟΝΙΚΗ ΓΛΩΣΣΟΛΟΓΙΑ', 0);
INSERT INTO sector(id, area, category, version) VALUES (184,'ΓΛΩΣΣΟΛΟΓΙΑ', 'ΛΕΞΙΚΟΛΟΓΙΑ', 0);
INSERT INTO sector(id, area, category, version) VALUES (185,'ΓΛΩΣΣΟΛΟΓΙΑ', 'ΚΟΙΝΩΝΙΚΗ ΓΛΩΣΣΟΛΟΓΙΑ', 0);
INSERT INTO sector(id, area, category, version) VALUES (186,'ΓΛΩΣΣΟΛΟΓΙΑ', 'ΑΡΧΑΙΕΣ ΓΛΩΣΣΕΣ', 0);
INSERT INTO sector(id, area, category, version) VALUES (187,'ΓΛΩΣΣΟΛΟΓΙΑ', 'ΑΛΛΕΣ ΕΙΔΙΚΟΤΗΤΕΣ ΓΛΩΣΣΟΛΟΓΙΑΣ', 0);
INSERT INTO sector(id, area, category, version) VALUES (188,'ΠΑΙΔΑΓΩΓΙΚΗ', 'ΘΕΩΡΙΑ ΚΑΙ ΜΕΘΟΔΟΙ ΤΗΣ ΕΚΠΑΙΔΕΥΣΗΣ', 0);
INSERT INTO sector(id, area, category, version) VALUES (189,'ΠΑΙΔΑΓΩΓΙΚΗ', 'ΟΡΓΑΝΩΣΗ ΚΑΙ ΠΡΟΓΡΑΜΜΑΤΙΣΜΟΣ ΤΗΣ ΕΚΠΑΙΔΕΥΣΗΣ', 0);
INSERT INTO sector(id, area, category, version) VALUES (190,'ΠΑΙΔΑΓΩΓΙΚΗ', 'ΑΛΛΕΣ ΠΑΙΔΑΓΩΓΙΚΕΣ ΕΙΔΙΚΟΤΗΤΕΣ', 0);
INSERT INTO sector(id, area, category, version) VALUES (191,'ΠΟΛΙΤΙΚΕΣ ΕΠΙΣΤΗΜΕΣ', 'ΠΟΛΙΤΙΚΗ ΕΠΙΣΤΗΜΗ, ΓΕΝΙΚΑ', 0);
INSERT INTO sector(id, area, category, version) VALUES (192,'ΗΘΙΚΗ', 'ΚΛΑΣΣΙΚΗ ΗΘΙΚΗ', 0);
INSERT INTO sector(id, area, category, version) VALUES (193,'ΗΘΙΚΗ', 'ΗΘΙΚΗ ΤΩΝ ΑΤΟΜΩΝ', 0);
INSERT INTO sector(id, area, category, version) VALUES (194,'ΗΘΙΚΗ', 'ΗΘΙΚΗ ΤΩΝ ΚΟΙΝΩΝΙΚΩΝ ΟΜΑΔΩΝ', 0);
INSERT INTO sector(id, area, category, version) VALUES (195,'ΗΘΙΚΗ', 'ΗΘΙΚΗ ΤΩΝ ΕΠΙΣΤΗΜΩΝ', 0);
INSERT INTO sector(id, area, category, version) VALUES (196,'ΗΘΙΚΗ', 'ΗΘΙΚΗ ΤΗΣ ΙΑΤΡΙΚΗΣ', 0);
INSERT INTO sector(id, area, category, version) VALUES (197,'ΗΘΙΚΗ', 'AΛΛΕΣ ΕΙΔΙΚΟΤΗΤΕΣ ΣΧΕΤΙΚΕΣ MΕ ΤΗΝ ΗΘΙΚΗ', 0);
INSERT INTO sector(id, area, category, version) VALUES (198,'ΦΙΛΟΣΟΦΙΑ', 'ΦΙΛΟΣΟΦΙΑ ΤΗΣ ΓΝΩΣΗΣ ΚΑΙ ΕΠΙΣΤΗΜΟΛΟΓΙΑ', 0);
INSERT INTO sector(id, area, category, version) VALUES (199,'ΦΙΛΟΣΟΦΙΑ', 'ΦΙΛΟΣΟΦΙΚΗ ΑΝΘΡΩΠΟΛΟΓΙΑ', 0);
INSERT INTO sector(id, area, category, version) VALUES (200,'ΦΙΛΟΣΟΦΙΑ', 'ΓΕΝΙΚΗ ΦΙΛΟΣΟΦΙΑ', 0);
INSERT INTO sector(id, area, category, version) VALUES (201,'ΦΙΛΟΣΟΦΙΑ', 'ΦΙΛΟΣΟΦΙΚΑ ΣΥΣΤΗΜΑΤΑ', 0);
INSERT INTO sector(id, area, category, version) VALUES (202,'ΦΙΛΟΣΟΦΙΑ', 'ΦΙΛΟΣΟΦΙΑ ΤΗΣ ΕΠΙΣΤΗΜΗΣ', 0);
INSERT INTO sector(id, area, category, version) VALUES (203,'ΦΙΛΟΣΟΦΙΑ', 'ΦΙΛΟΣΟΦΙΑ ΤΗΣ ΦΥΣΗΣ', 0);
INSERT INTO sector(id, area, category, version) VALUES (204,'ΦΙΛΟΣΟΦΙΑ', 'ΦΙΛΟΣΟΦΙΑ ΤΗΣ ΚΟΙΝΩΝΙΑΣ', 0);
INSERT INTO sector(id, area, category, version) VALUES (205,'ΦΙΛΟΣΟΦΙΑ', 'ΦΙΛΟΣΟΦΙΚΑ ΣΥΣΤΗΜΑΤΑ', 0);
INSERT INTO sector(id, area, category, version) VALUES (206,'ΦΙΛΟΣΟΦΙΑ', 'ΙΣΤΟΡΙΑ ΤΗΣ ΦΙΛΟΣΟΦΙΑΣ', 0);
INSERT INTO sector(id, area, category, version) VALUES (207,'ΦΙΛΟΣΟΦΙΑ', 'ΦΑΙΝΟΜΕΝΟΛΟΓΙΑ', 0);
INSERT INTO sector(id, area, category, version) VALUES (208,'ΦΙΛΟΣΟΦΙΑ', 'ΦΙΛΟΣΟΦΙΚΗ ΛΟΓΙΚΗ', 0);
INSERT INTO sector(id, area, category, version) VALUES (209,'ΦΙΛΟΣΟΦΙΑ', 'ΑΙΣΘΗΤΙΚΗ', 0);
INSERT INTO sector(id, area, category, version) VALUES (210,'ΦΙΛΟΣΟΦΙΑ', 'ΑΛΛΕΣ ΕΙΔΙΚΟΤΗΤΕΣ ΤΗΣ ΦΙΛΟΣΟΦΙΑΣ', 0);
INSERT INTO sector(id, area, category, version) VALUES (211,'ΘΕΟΛΟΓΙΑ', 'ΓΕΝΙΚΗ ΘΕΟΛΟΓΙΑ', 0);
INSERT INTO sector(id, area, category, version) VALUES (212,'ΘΕΟΛΟΓΙΑ', 'ΣΥΣΤΗΜΑΤΙΚΗ ΘΕΟΛΟΓΙΑ', 0);
INSERT INTO sector(id, area, category, version) VALUES (213,'ΘΕΟΛΟΓΙΑ', 'ΒΙΒΛΟΣ', 0);
INSERT INTO sector(id, area, category, version) VALUES (214,'ΘΕΟΛΟΓΙΑ', 'ΑΛΛΕΣ ΘΕΟΛΟΓΙΚΕΣ ΕΙΔΙΚΟΤΗΤΕΣ', 0);
INSERT INTO sector(id, area, category, version) VALUES (215,'ΠΟΛΙΤΙΚΕΣ ΕΠΙΣΤΗΜΕΣ', 'ΠΟΛΙΤIΚH EΠΙΣΤΗΜΩΝ', 0);
INSERT INTO sector(id, area, category, version) VALUES (216,'ΠΟΛΙΤΙΚΕΣ ΕΠΙΣΤΗΜΕΣ', 'ΑΛΛΕΣ ΕΙΔΙΚΟΤΗΤΕΣ ΤΩΝ ΠΟΛΙΤΙΚΩΝ ΕΠΙΣΤΗΜΩΝ', 0);
INSERT INTO sector(id, area, category, version) VALUES (217,'ΨΥΧΟΛΟΓΙΑ', 'ΓΕΝΙΚΗ ΨΥΧΟΛΟΓΙΑ', 0);
INSERT INTO sector(id, area, category, version) VALUES (218,'ΨΥΧΟΛΟΓΙΑ', 'ΨΥΧΟΛΟΓΙΑ ΕΦΗΒΟΥ ΚΑΙ ΠΑΙΔΙΟΥ', 0);
INSERT INTO sector(id, area, category, version) VALUES (219,'ΨΥΧΟΛΟΓΙΑ', 'ΚΛΙΝΙΚΗ ΨΥΧΟΛΟΓΙΑ', 0);
INSERT INTO sector(id, area, category, version) VALUES (220,'ΨΥΧΟΛΟΓΙΑ', 'ΠΕΙΡΑΜΑΤΙΚΗ ΨΥΧΟΛΟΓΙΑ', 0);
INSERT INTO sector(id, area, category, version) VALUES (221,'ΨΥΧΟΛΟΓΙΑ', 'ΑΛΛΕΣ ΕΙΔΙΚΟΤΗΤΕΣ ΤΗΣ ΨΥΧΟΛΟΓΙΑΣ', 0);
INSERT INTO sector(id, area, category, version) VALUES (222,'ΕΠΙΣΤΗΜH ΤΕΧΝΩΝ ΚΑΙ ΓΡΑΜΜΑΤΩΝ', 'ΦΙΛΟΛΟΓΙΑ : ΘΕΩΡΙΑ, ΑΝΑΛΥΣΗ ΚΑΙ ΚΡΙΤΙΚΗ', 0);
INSERT INTO sector(id, area, category, version) VALUES (223,'ΕΠΙΣΤΗΜH ΤΕΧΝΩΝ ΚΑΙ ΓΡΑΜΜΑΤΩΝ', 'ΣΥΝΤΗΡΗΣΗ ΚΑΙ ΑΝΑΣΤΗΛΩΣΗ ΕΡΓΩΝ ΤΕΧΝΗΣ', 0);
INSERT INTO sector(id, area, category, version) VALUES (224,'ΕΠΙΣΤΗΜH ΤΕΧΝΩΝ ΚΑΙ ΓΡΑΜΜΑΤΩΝ', 'KAΛΕΣ ΤΕΧΝΕΣ : ΘΕΩΡΙΑ, ΑΝΑΛΥΣΗ ΚΑΙ ΚΡΙΤΙΚΗ', 0);
INSERT INTO sector(id, area, category, version) VALUES (225,'ΕΠΙΣΤΗΜH ΤΕΧΝΩΝ ΚΑΙ ΓΡΑΜΜΑΤΩΝ', 'ΚΙΝΗΜΑΤΟΓΡΑΦΙΑ, VIDEO', 0);
INSERT INTO sector(id, area, category, version) VALUES (226,'ΕΠΙΣΤΗΜH ΤΕΧΝΩΝ ΚΑΙ ΓΡΑΜΜΑΤΩΝ', 'BYZANTINH ΦΙΛΟΛΟΓΙΑ', 0);
INSERT INTO sector(id, area, category, version) VALUES (227,'ΕΠΙΣΤΗΜH ΤΕΧΝΩΝ ΚΑΙ ΓΡΑΜΜΑΤΩΝ', 'ΙΣΤΟΡΙΑ ΤΟΥ ΘΕΑΤΡΟΥ', 0);
INSERT INTO sector(id, area, category, version) VALUES (228,'ΕΠΙΣΤΗΜH ΤΕΧΝΩΝ ΚΑΙ ΓΡΑΜΜΑΤΩΝ', 'ΝΕΟΕΛΛΗΝΙΚΗ ΦΙΛΟΛΟΓΙΑ', 0);
INSERT INTO sector(id, area, category, version) VALUES (229,'ΕΠΙΣΤΗΜH ΤΕΧΝΩΝ ΚΑΙ ΓΡΑΜΜΑΤΩΝ', 'ΘΕΑΤΡΟΛΟΓΙΑ', 0);
INSERT INTO sector(id, area, category, version) VALUES (230,'ΕΠΙΣΤΗΜH ΤΕΧΝΩΝ ΚΑΙ ΓΡΑΜΜΑΤΩΝ', 'AΛΛΕΣ ΚΑΛΛΙΤΕΧΝΙΚΕΣ ΕΙΔΙΚΟΤΗΤΕΣ', 0);
INSERT INTO sector(id, area, category, version) VALUES (231,'ΚΟΙΝΩΝΙΟΛΟΓΙΑ', 'ΓΕΝΙΚH KOINΩΝΙΟΛΟΓΙΑ', 0);
INSERT INTO sector(id, area, category, version) VALUES (232,'ΚΟΙΝΩΝΙΟΛΟΓΙΑ', 'ΚΟΙΝΩΝΙΚΗ ΑΛΛΑΓΗ ΚΑΙ ΑΝΑΠΤΥΞΗ', 0);
INSERT INTO sector(id, area, category, version) VALUES (233,'ΚΟΙΝΩΝΙΟΛΟΓΙΑ', 'ΑΛΛΕΣ ΚΟΙΝΩΝΙΟΛΟΓΙΚΕΣ ΕΙΔΙΚΟΤΗΤΕΣ', 0);