
INSERT INTO users(
	id, authtoken, authenticationtype, basicinfo_fathername, basicinfo_firstname, 
	basicinfo_lastname, basicinfolatin_fathername, basicinfolatin_firstname, 
	basicinfolatin_lastname, contactinfo_email, contactinfo_mobile, 
	contactinfo_phone, creationdate, identification, password, passwordsalt, 
	permanentauthtoken, shibbolethinfo_affiliation, shibbolethinfo_givenname, 
	shibbolethinfo_remoteuser, shibbolethinfo_schachomeorganization, 
	shibbolethinfo_sn, status, statusdate, username, verificationnumber, version)
VALUES (1, '15jbeD4HO6xtI26631uELZ3jCDg=', 'USERNAME', 'Σωτήριος', 'Άγγελος',
	'Λένης', 'Sotirios', 'Angelos', 
	'Lenis', 'anglen@ebs.gr', '6951666072', 
	NULL, '2012-07-04 15:49:29.109', '', 'hNOCXEZfAxgjvRQMGlk7tuXfMk0=', 'QLYo0saNqlODWg==',
	NULL, NULL, NULL, 
	NULL, NULL, 
	NULL, 'ACTIVE', '2012-07-04 15:49:29.109', 'anglen', NULL, 1);

INSERT INTO roles (id, discriminator, status, statusdate, statusenddate, version, user_id) 
VALUES (1, 'ADMINISTRATOR', 'ACTIVE', '2012-09-05 13:29:18.221', NULL, 0, 1);

INSERT INTO administrator (id) 
VALUES (1);

INSERT INTO users(
	id, authtoken, authenticationtype, basicinfo_fathername, basicinfo_firstname, 
	basicinfo_lastname, basicinfolatin_fathername, basicinfolatin_firstname, 
	basicinfolatin_lastname, contactinfo_email, contactinfo_mobile, 
	contactinfo_phone, creationdate, identification, password, passwordsalt, 
	permanentauthtoken, shibbolethinfo_affiliation, shibbolethinfo_givenname, 
	shibbolethinfo_remoteuser, shibbolethinfo_schachomeorganization, 
	shibbolethinfo_sn, status, statusdate, username, verificationnumber, version)
VALUES (2, '25jbeD4HO6xtI26631uELZ3jCDg=', 'USERNAME', '-', 'ΚΩΝΣΤΑΝΤΙΝΟΣ',
	'ΓΡΑΜΜΑΤΙΚΟΣ', '-', 'KONSTANTINOS', 
	'GRAMMATIKOS', 'kgram@admin.grnet.gr', '6900000000', 
	NULL, '2012-07-04 15:49:29.109', '', 'hNOCXEZfAxgjvRQMGlk7tuXfMk0=', 'QLYo0saNqlODWg==',
	NULL, NULL, NULL, 
	NULL, NULL, 
	NULL, 'ACTIVE', '2012-07-04 15:49:29.109', 'kgram', NULL, 1);

INSERT INTO roles (id, discriminator, status, statusdate, statusenddate, version, user_id) 
VALUES (2, 'ADMINISTRATOR', 'ACTIVE', '2012-09-05 13:29:18.221', NULL, 0, 2);

INSERT INTO administrator (id) 
VALUES (2);

INSERT INTO users(
	id, authtoken, authenticationtype, basicinfo_fathername, basicinfo_firstname, 
	basicinfo_lastname, basicinfolatin_fathername, basicinfolatin_firstname, 
	basicinfolatin_lastname, contactinfo_email, contactinfo_mobile, 
	contactinfo_phone, creationdate, identification, password, passwordsalt, 
	permanentauthtoken, shibbolethinfo_affiliation, shibbolethinfo_givenname, 
	shibbolethinfo_remoteuser, shibbolethinfo_schachomeorganization, 
	shibbolethinfo_sn, status, statusdate, username, verificationnumber, version)
VALUES (3, '35jbeD4HO6xtI26631uELZ3jCDg=', 'USERNAME', '-', 'ΜΑΝΟΣ',
	'ΒΟΜΒΟΛΑΚΗΣ', '-', 'MANOS', 
	'VOMVOLAKIS', 'manosvomvolakis@gmail.com', '6900000000', 
	NULL, '2012-07-04 15:49:29.109', '', 'hNOCXEZfAxgjvRQMGlk7tuXfMk0=', 'QLYo0saNqlODWg==',
	NULL, NULL, NULL, 
	NULL, NULL, 
	NULL, 'ACTIVE', '2012-07-04 15:49:29.109', 'manosv', NULL, 1);

INSERT INTO roles (id, discriminator, status, statusdate, statusenddate, version, user_id) 
VALUES (3, 'ADMINISTRATOR', 'ACTIVE', '2012-09-05 13:29:18.221', NULL, 0, 3);

INSERT INTO administrator (id) 
VALUES (3);

INSERT INTO users(
	id, authtoken, authenticationtype, basicinfo_fathername, basicinfo_firstname, 
	basicinfo_lastname, basicinfolatin_fathername, basicinfolatin_firstname, 
	basicinfolatin_lastname, contactinfo_email, contactinfo_mobile, 
	contactinfo_phone, creationdate, identification, password, passwordsalt, 
	permanentauthtoken, shibbolethinfo_affiliation, shibbolethinfo_givenname, 
	shibbolethinfo_remoteuser, shibbolethinfo_schachomeorganization, 
	shibbolethinfo_sn, status, statusdate, username, verificationnumber, version)
VALUES (4, '45jbeD4HO6xtI26631uELZ3jCDg=', 'USERNAME', '-', 'ΝΤΟΡΑ',
	'ΜΟΡΦΗ', '-', 'NTORA', 
	'MORFI', 'nmorfi@grnet.gr', '6900000000', 
	NULL, '2012-07-04 15:49:29.109', '', 'hNOCXEZfAxgjvRQMGlk7tuXfMk0=', 'QLYo0saNqlODWg==',
	NULL, NULL, NULL, 
	NULL, NULL, 
	NULL, 'ACTIVE', '2012-07-04 15:49:29.109', 'nmorfi', NULL, 1);

INSERT INTO roles (id, discriminator, status, statusdate, statusenddate, version, user_id) 
VALUES (4, 'ADMINISTRATOR', 'ACTIVE', '2012-09-05 13:29:18.221', NULL, 0, 4);

INSERT INTO administrator (id) 
VALUES (4);

INSERT INTO users(
	id, authtoken, authenticationtype, basicinfo_fathername, basicinfo_firstname, 
	basicinfo_lastname, basicinfolatin_fathername, basicinfolatin_firstname, 
	basicinfolatin_lastname, contactinfo_email, contactinfo_mobile, 
	contactinfo_phone, creationdate, identification, password, passwordsalt, 
	permanentauthtoken, shibbolethinfo_affiliation, shibbolethinfo_givenname, 
	shibbolethinfo_remoteuser, shibbolethinfo_schachomeorganization, 
	shibbolethinfo_sn, status, statusdate, username, verificationnumber, version)
VALUES (5, '55jbeD4HO6xtI26631uELZ3jCDg=', 'USERNAME', '-', 'ΣΤΑΥΡΟΣ',
	'ΧΑΤΖΗΒΕΗΣ', '-', 'STAVROS', 
	'CHATZIVEIS', 'schatziveis@grnet.gr', '6900000000', 
	NULL, '2012-07-04 15:49:29.109', '', 'hNOCXEZfAxgjvRQMGlk7tuXfMk0=', 'QLYo0saNqlODWg==',
	NULL, NULL, NULL, 
	NULL, NULL, 
	NULL, 'ACTIVE', '2012-07-04 15:49:29.109', 'schatz', NULL, 1);

INSERT INTO roles (id, discriminator, status, statusdate, statusenddate, version, user_id) 
VALUES (5, 'ADMINISTRATOR', 'ACTIVE', '2012-09-05 13:29:18.221', NULL, 0, 5);

INSERT INTO administrator (id) 
VALUES (5);

INSERT INTO users(
	id, authtoken, authenticationtype, basicinfo_fathername, basicinfo_firstname, 
	basicinfo_lastname, basicinfolatin_fathername, basicinfolatin_firstname, 
	basicinfolatin_lastname, contactinfo_email, contactinfo_mobile, 
	contactinfo_phone, creationdate, identification, password, passwordsalt, 
	permanentauthtoken, shibbolethinfo_affiliation, shibbolethinfo_givenname, 
	shibbolethinfo_remoteuser, shibbolethinfo_schachomeorganization, 
	shibbolethinfo_sn, status, statusdate, username, verificationnumber, version)
VALUES (6, '65jbeD4HO6xtI26631uELZ3jCDg=', 'USERNAME', '-', 'ΣΟΛΩΝ',
	'ΖΑΝΝΟΣ', '-', 'SΟΛΟΝ', 
	'ZANNOS', 's.zannos@gmail.com', '6900000000', 
	NULL, '2012-07-04 15:49:29.109', '', 'hNOCXEZfAxgjvRQMGlk7tuXfMk0=', 'QLYo0saNqlODWg==',
	NULL, NULL, NULL, 
	NULL, NULL, 
	NULL, 'ACTIVE', '2012-07-04 15:49:29.109', 'szannos', NULL, 1);

INSERT INTO roles (id, discriminator, status, statusdate, statusenddate, version, user_id) 
VALUES (6, 'ADMINISTRATOR', 'ACTIVE', '2012-09-05 13:29:18.221', NULL, 0, 6);

INSERT INTO administrator (id) 
VALUES (6);

INSERT INTO users(
	id, authtoken, authenticationtype, basicinfo_fathername, basicinfo_firstname, 
	basicinfo_lastname, basicinfolatin_fathername, basicinfolatin_firstname, 
	basicinfolatin_lastname, contactinfo_email, contactinfo_mobile, 
	contactinfo_phone, creationdate, identification, password, passwordsalt, 
	permanentauthtoken, shibbolethinfo_affiliation, shibbolethinfo_givenname, 
	shibbolethinfo_remoteuser, shibbolethinfo_schachomeorganization, 
	shibbolethinfo_sn, status, statusdate, username, verificationnumber, version)
VALUES (7, '75jbeD4HO6xtI26631uELZ3jCDg=', 'USERNAME', '-', 'ΒΙΚΥ',
	'ΚΩΝΣΤΑΝΤΙΝΟΠΟΥΛΟΥ', '-', 'VICKY', 
	'KONSTANTINOPOULOU', 'vickyc90@gmail.com', '6900000000', 
	NULL, '2012-07-04 15:49:29.109', '', 'hNOCXEZfAxgjvRQMGlk7tuXfMk0=', 'QLYo0saNqlODWg==',
	NULL, NULL, NULL, 
	NULL, NULL, 
	NULL, 'ACTIVE', '2012-07-04 15:49:29.109', 'vickyk', NULL, 1);

INSERT INTO roles (id, discriminator, status, statusdate, statusenddate, version, user_id) 
VALUES (7, 'ADMINISTRATOR', 'ACTIVE', '2012-09-05 13:29:18.221', NULL, 0, 7);

INSERT INTO administrator (id) 
VALUES (7);

INSERT INTO users(
	id, authtoken, authenticationtype, basicinfo_fathername, basicinfo_firstname, 
	basicinfo_lastname, basicinfolatin_fathername, basicinfolatin_firstname, 
	basicinfolatin_lastname, contactinfo_email, contactinfo_mobile, 
	contactinfo_phone, creationdate, identification, password, passwordsalt, 
	permanentauthtoken, shibbolethinfo_affiliation, shibbolethinfo_givenname, 
	shibbolethinfo_remoteuser, shibbolethinfo_schachomeorganization, 
	shibbolethinfo_sn, status, statusdate, username, verificationnumber, version)
VALUES (8, '85jbeD4HO6xtI26631uELZ3jCDg=', 'USERNAME', '-', 'ΚΑΤΕΡΙΝΑ',
	'ΖΕΡΒΟΝΙΚΟΛΑΚΗ', '-', 'KATERINA', 
	'ZERVONIKOLAKI', 'zervkat@gmail.com', '6900000000', 
	NULL, '2012-07-04 15:49:29.109', '', 'hNOCXEZfAxgjvRQMGlk7tuXfMk0=', 'QLYo0saNqlODWg==',
	NULL, NULL, NULL, 
	NULL, NULL, 
	NULL, 'ACTIVE', '2012-07-04 15:49:29.109', 'zervkat', NULL, 1);

INSERT INTO roles (id, discriminator, status, statusdate, statusenddate, version, user_id) 
VALUES (8, 'ADMINISTRATOR', 'ACTIVE', '2012-09-05 13:29:18.221', NULL, 0, 8);

INSERT INTO administrator (id) 
VALUES (8);

INSERT INTO users(
	id, authtoken, authenticationtype, basicinfo_fathername, basicinfo_firstname, 
	basicinfo_lastname, basicinfolatin_fathername, basicinfolatin_firstname, 
	basicinfolatin_lastname, contactinfo_email, contactinfo_mobile, 
	contactinfo_phone, creationdate, identification, password, passwordsalt, 
	permanentauthtoken, shibbolethinfo_affiliation, shibbolethinfo_givenname, 
	shibbolethinfo_remoteuser, shibbolethinfo_schachomeorganization, 
	shibbolethinfo_sn, status, statusdate, username, verificationnumber, version)
VALUES (9, '85jbeD4HO6xtI26631uELZ3jCDg=', 'USERNAME', '-', 'ΓΙΩΡΓΟΣ',
	'ΨΑΡΡΟΣ', '-', 'GIORGOS', 
	'PSARROS', 'psarros.georgios@gmail.com', '6900000000', 
	NULL, '2012-07-04 15:49:29.109', '', 'hNOCXEZfAxgjvRQMGlk7tuXfMk0=', 'QLYo0saNqlODWg==',
	NULL, NULL, NULL, 
	NULL, NULL, 
	NULL, 'ACTIVE', '2012-07-04 15:49:29.109', 'gpsarros', NULL, 1);

INSERT INTO roles (id, discriminator, status, statusdate, statusenddate, version, user_id) 
VALUES (9, 'ADMINISTRATOR', 'ACTIVE', '2012-09-05 13:29:18.221', NULL, 0, 9);

INSERT INTO administrator (id) 
VALUES (9);

INSERT INTO users(
	id, authtoken, authenticationtype, basicinfo_fathername, basicinfo_firstname, 
	basicinfo_lastname, basicinfolatin_fathername, basicinfolatin_firstname, 
	basicinfolatin_lastname, contactinfo_email, contactinfo_mobile, 
	contactinfo_phone, creationdate, identification, password, passwordsalt, 
	permanentauthtoken, shibbolethinfo_affiliation, shibbolethinfo_givenname, 
	shibbolethinfo_remoteuser, shibbolethinfo_schachomeorganization, 
	shibbolethinfo_sn, status, statusdate, username, verificationnumber, 
	version)
VALUES (10, '95jbeD4HO6xtI26631uELZ3jCEg=', 'USERNAME', '-', 'Χρήστης',
	'Υπουργείου', '-', 'User', 
	'Ministry', 'lenis.angelos@gmail.com', '6951666072', 
	NULL, '2012-07-04 15:49:29.109', '', 'hNOCXEZfAxgjvRQMGlk7tuXfMk0=', 'QLYo0saNqlODWg==',
	NULL, NULL, NULL, 
	NULL, NULL, 
	NULL, 'ACTIVE', '2012-07-04 15:49:29.109', 'ministry', NULL, 
	1);
INSERT INTO roles (id, discriminator, status, statusdate, statusenddate, version, user_id) VALUES (10, 'MINISTRY_MANAGER', 'ACTIVE', '2012-11-06 13:23:12.182', NULL, 6, 10);
INSERT INTO ministrymanager (ministry, id) VALUES ('Παιδείας', 10);


INSERT INTO rank (id, category) VALUES (1, 'PROFESSOR');
INSERT INTO rank (id, category) VALUES (2, 'PROFESSOR');
INSERT INTO rank (id, category) VALUES (3, 'RESEARCHER');
INSERT INTO rank (id, category) VALUES (4, 'RESEARCHER');

INSERT INTO rank_name (rank_id, name, locale) VALUES (1, 'Καθηγητής', 'el');
INSERT INTO rank_name (rank_id, name, locale) VALUES (2, 'Αναπληρωτής Καθηγητής', 'el');
INSERT INTO rank_name (rank_id, name, locale) VALUES (3, 'Διευθυντής Ερευνών', 'el');
INSERT INTO rank_name (rank_id, name, locale) VALUES (4, 'Κύριος Ερευνητής', 'el');
INSERT INTO rank_name (rank_id, name, locale) VALUES (1, 'Professor', 'en');
INSERT INTO rank_name (rank_id, name, locale) VALUES (2, 'Associate Professor', 'en');
INSERT INTO rank_name (rank_id, name, locale) VALUES (3, 'Research Director', 'en');
INSERT INTO rank_name (rank_id, name, locale) VALUES (4, 'Principal Researcher', 'en');

--------------

INSERT INTO institution (id, category, schachomeorganization, authenticationtype) VALUES (101, 'RESEARCH_CENTER', 'academyofathens.gr', 'SHIBBOLETH');
INSERT INTO institution (id, category, schachomeorganization, authenticationtype) VALUES (102, 'RESEARCH_CENTER', NULL, 'SHIBBOLETH');
INSERT INTO institution (id, category, schachomeorganization, authenticationtype) VALUES (105, 'RESEARCH_CENTER', NULL, 'SHIBBOLETH');
INSERT INTO institution (id, category, schachomeorganization, authenticationtype) VALUES (107, 'RESEARCH_CENTER', NULL, 'SHIBBOLETH');
INSERT INTO institution (id, category, schachomeorganization, authenticationtype) VALUES (108, 'RESEARCH_CENTER', NULL, 'SHIBBOLETH');
INSERT INTO institution (id, category, schachomeorganization, authenticationtype) VALUES (109, 'RESEARCH_CENTER', NULL, 'SHIBBOLETH');
INSERT INTO institution (id, category, schachomeorganization, authenticationtype) VALUES (110, 'RESEARCH_CENTER', NULL, 'SHIBBOLETH');
INSERT INTO institution (id, category, schachomeorganization, authenticationtype) VALUES (111, 'RESEARCH_CENTER', NULL, 'SHIBBOLETH');
INSERT INTO institution (id, category, schachomeorganization, authenticationtype) VALUES (112, 'RESEARCH_CENTER', NULL, 'SHIBBOLETH');
INSERT INTO institution (id, category, schachomeorganization, authenticationtype) VALUES (113, 'RESEARCH_CENTER', NULL, 'SHIBBOLETH');
INSERT INTO institution (id, category, schachomeorganization, authenticationtype) VALUES (114, 'RESEARCH_CENTER', NULL, 'SHIBBOLETH');
INSERT INTO institution (id, category, schachomeorganization, authenticationtype) VALUES (115, 'RESEARCH_CENTER', NULL, 'SHIBBOLETH');
INSERT INTO institution (id, category, schachomeorganization, authenticationtype) VALUES (116, 'RESEARCH_CENTER', NULL, 'SHIBBOLETH');
INSERT INTO institution (id, category, schachomeorganization, authenticationtype) VALUES (117, 'RESEARCH_CENTER', NULL, 'SHIBBOLETH');
INSERT INTO institution (id, category, schachomeorganization, authenticationtype) VALUES (118, 'RESEARCH_CENTER', NULL, 'SHIBBOLETH');
INSERT INTO institution (id, category, schachomeorganization, authenticationtype) VALUES (119, 'RESEARCH_CENTER', NULL, 'SHIBBOLETH');
INSERT INTO institution (id, category, schachomeorganization, authenticationtype) VALUES (120, 'RESEARCH_CENTER', NULL, 'SHIBBOLETH');
INSERT INTO institution (id, category, schachomeorganization, authenticationtype) VALUES (121, 'RESEARCH_CENTER', NULL, 'SHIBBOLETH');
INSERT INTO institution (id, category, schachomeorganization, authenticationtype) VALUES (122, 'RESEARCH_CENTER', NULL, 'SHIBBOLETH');
INSERT INTO institution (id, category, schachomeorganization, authenticationtype) VALUES (104, 'RESEARCH_CENTER', 'demokritos.gr', 'SHIBBOLETH');
INSERT INTO institution (id, category, schachomeorganization, authenticationtype) VALUES (103, 'RESEARCH_CENTER', 'noa.gr', 'SHIBBOLETH');
INSERT INTO institution (id, category, schachomeorganization, authenticationtype) VALUES (106, 'RESEARCH_CENTER', 'hcmr.gr', 'SHIBBOLETH');
INSERT INTO institution (id, category, schachomeorganization, authenticationtype) VALUES (123, 'RESEARCH_CENTER', NULL, 'SHIBBOLETH');
INSERT INTO institution (id, category, schachomeorganization, authenticationtype) VALUES (124, 'RESEARCH_CENTER', NULL, 'SHIBBOLETH');
INSERT INTO institution (id, category, schachomeorganization, authenticationtype) VALUES (125, 'RESEARCH_CENTER', NULL, 'SHIBBOLETH');
INSERT INTO institution (id, category, schachomeorganization, authenticationtype) VALUES (1, 'INSTITUTION', 'teithe.gr', 'SHIBBOLETH');
INSERT INTO institution (id, category, schachomeorganization, authenticationtype) VALUES (126, 'RESEARCH_CENTER', NULL, 'SHIBBOLETH');
INSERT INTO institution (id, category, schachomeorganization, authenticationtype) VALUES (128, 'RESEARCH_CENTER', NULL, 'SHIBBOLETH');
INSERT INTO institution (id, category, schachomeorganization, authenticationtype) VALUES (129, 'RESEARCH_CENTER', NULL, 'SHIBBOLETH');
INSERT INTO institution (id, category, schachomeorganization, authenticationtype) VALUES (130, 'RESEARCH_CENTER', NULL, 'SHIBBOLETH');
INSERT INTO institution (id, category, schachomeorganization, authenticationtype) VALUES (131, 'RESEARCH_CENTER', NULL, 'SHIBBOLETH');
INSERT INTO institution (id, category, schachomeorganization, authenticationtype) VALUES (134, 'RESEARCH_CENTER', NULL, 'SHIBBOLETH');
INSERT INTO institution (id, category, schachomeorganization, authenticationtype) VALUES (136, 'RESEARCH_CENTER', NULL, 'SHIBBOLETH');
INSERT INTO institution (id, category, schachomeorganization, authenticationtype) VALUES (138, 'RESEARCH_CENTER', NULL, 'SHIBBOLETH');
INSERT INTO institution (id, category, schachomeorganization, authenticationtype) VALUES (139, 'RESEARCH_CENTER', NULL, 'SHIBBOLETH');
INSERT INTO institution (id, category, schachomeorganization, authenticationtype) VALUES (140, 'RESEARCH_CENTER', NULL, 'SHIBBOLETH');
INSERT INTO institution (id, category, schachomeorganization, authenticationtype) VALUES (141, 'RESEARCH_CENTER', NULL, 'SHIBBOLETH');
INSERT INTO institution (id, category, schachomeorganization, authenticationtype) VALUES (142, 'RESEARCH_CENTER', NULL, 'SHIBBOLETH');
INSERT INTO institution (id, category, schachomeorganization, authenticationtype) VALUES (143, 'RESEARCH_CENTER', NULL, 'SHIBBOLETH');
INSERT INTO institution (id, category, schachomeorganization, authenticationtype) VALUES (144, 'RESEARCH_CENTER', NULL, 'SHIBBOLETH');
INSERT INTO institution (id, category, schachomeorganization, authenticationtype) VALUES (6, 'INSTITUTION', 'asfa.gr', 'SHIBBOLETH');
INSERT INTO institution (id, category, schachomeorganization, authenticationtype) VALUES (8, 'INSTITUTION', 'auth.gr', 'SHIBBOLETH');
INSERT INTO institution (id, category, schachomeorganization, authenticationtype) VALUES (9, 'INSTITUTION', 'aspete.gr', 'SHIBBOLETH');
INSERT INTO institution (id, category, schachomeorganization, authenticationtype) VALUES (10, 'INSTITUTION', 'aua.gr', 'SHIBBOLETH');
INSERT INTO institution (id, category, schachomeorganization, authenticationtype) VALUES (11, 'INSTITUTION', 'duth.gr', 'SHIBBOLETH');
INSERT INTO institution (id, category, schachomeorganization, authenticationtype) VALUES (45, 'INSTITUTION', 'ihu.gr', 'SHIBBOLETH');
INSERT INTO institution (id, category, schachomeorganization, authenticationtype) VALUES (12, 'INSTITUTION', 'uoa.gr', 'SHIBBOLETH');
INSERT INTO institution (id, category, schachomeorganization, authenticationtype) VALUES (13, 'INSTITUTION', 'ntua.gr', 'SHIBBOLETH');
INSERT INTO institution (id, category, schachomeorganization, authenticationtype) VALUES (44, 'INSTITUTION', 'eap.gr', 'SHIBBOLETH');
INSERT INTO institution (id, category, schachomeorganization, authenticationtype) VALUES (14, 'INSTITUTION', 'ionio.gr', 'SHIBBOLETH');
INSERT INTO institution (id, category, schachomeorganization, authenticationtype) VALUES (15, 'INSTITUTION', 'aueb.gr', 'SHIBBOLETH');
INSERT INTO institution (id, category, schachomeorganization, authenticationtype) VALUES (16, 'INSTITUTION', 'aegean.gr', 'SHIBBOLETH');
INSERT INTO institution (id, category, schachomeorganization, authenticationtype) VALUES (18, 'INSTITUTION', 'uowm.gr', 'SHIBBOLETH');
INSERT INTO institution (id, category, schachomeorganization, authenticationtype) VALUES (19, 'INSTITUTION', 'uth.gr', 'SHIBBOLETH');
INSERT INTO institution (id, category, schachomeorganization, authenticationtype) VALUES (20, 'INSTITUTION', 'uoi.gr', 'SHIBBOLETH');
INSERT INTO institution (id, category, schachomeorganization, authenticationtype) VALUES (21, 'INSTITUTION', 'uoc.gr', 'SHIBBOLETH');
INSERT INTO institution (id, category, schachomeorganization, authenticationtype) VALUES (22, 'INSTITUTION', 'uom.gr', 'SHIBBOLETH');
INSERT INTO institution (id, category, schachomeorganization, authenticationtype) VALUES (23, 'INSTITUTION', 'upatras.gr', 'SHIBBOLETH');
INSERT INTO institution (id, category, schachomeorganization, authenticationtype) VALUES (24, 'INSTITUTION', 'unipi.gr', 'SHIBBOLETH');
INSERT INTO institution (id, category, schachomeorganization, authenticationtype) VALUES (25, 'INSTITUTION', 'uop.gr', 'SHIBBOLETH');
INSERT INTO institution (id, category, schachomeorganization, authenticationtype) VALUES (27, 'INSTITUTION', 'panteion.gr', 'SHIBBOLETH');
INSERT INTO institution (id, category, schachomeorganization, authenticationtype) VALUES (28, 'INSTITUTION', 'tuc.gr', 'SHIBBOLETH');
INSERT INTO institution (id, category, schachomeorganization, authenticationtype) VALUES (29, 'INSTITUTION', 'teiath.gr', 'SHIBBOLETH');
INSERT INTO institution (id, category, schachomeorganization, authenticationtype) VALUES (33, 'INSTITUTION', 'teikav.edu.gr', 'SHIBBOLETH');
INSERT INTO institution (id, category, schachomeorganization, authenticationtype) VALUES (39, 'INSTITUTION', 'teipat.gr', 'SHIBBOLETH');
INSERT INTO institution (id, category, schachomeorganization, authenticationtype) VALUES (30, 'INSTITUTION', 'teikoz.gr', 'SHIBBOLETH');
INSERT INTO institution (id, category, schachomeorganization, authenticationtype) VALUES (31, 'INSTITUTION', 'teiep.gr', 'SHIBBOLETH');
INSERT INTO institution (id, category, schachomeorganization, authenticationtype) VALUES (37, 'INSTITUTION', 'teilar.gr', 'SHIBBOLETH');
INSERT INTO institution (id, category, schachomeorganization, authenticationtype) VALUES (32, 'INSTITUTION', 'teiion.gr', 'SHIBBOLETH');
INSERT INTO institution (id, category, schachomeorganization, authenticationtype) VALUES (41, 'INSTITUTION', 'teiser.gr', 'SHIBBOLETH');
INSERT INTO institution (id, category, schachomeorganization, authenticationtype) VALUES (35, 'INSTITUTION', 'teicrete.gr', 'SHIBBOLETH');
INSERT INTO institution (id, category, schachomeorganization, authenticationtype) VALUES (40, 'INSTITUTION', 'teipir.gr', 'SHIBBOLETH');
INSERT INTO institution (id, category, schachomeorganization, authenticationtype) VALUES (34, 'INSTITUTION', 'teikal.gr', 'SHIBBOLETH');
INSERT INTO institution (id, category, schachomeorganization, authenticationtype) VALUES (36, 'INSTITUTION', 'teilam.gr', 'SHIBBOLETH');
INSERT INTO institution (id, category, schachomeorganization, authenticationtype) VALUES (43, 'INSTITUTION', 'hua.gr', 'SHIBBOLETH');
INSERT INTO institution (id, category, schachomeorganization, authenticationtype) VALUES (135, 'RESEARCH_CENTER', 'bioacademy.gr', 'SHIBBOLETH');
INSERT INTO institution (id, category, schachomeorganization, authenticationtype) VALUES (137, 'RESEARCH_CENTER', 'forth.gr', 'SHIBBOLETH');
INSERT INTO institution (id, category, schachomeorganization, authenticationtype) VALUES (133, 'RESEARCH_CENTER', 'athena-innovation.gr', 'SHIBBOLETH');
INSERT INTO institution (id, category, schachomeorganization, authenticationtype) VALUES (132, 'RESEARCH_CENTER', 'fleming.gr', 'SHIBBOLETH');
INSERT INTO institution (id, category, schachomeorganization, authenticationtype) VALUES (127, 'RESEARCH_CENTER', 'certh.gr', 'SHIBBOLETH');
INSERT INTO institution (id, category, schachomeorganization, authenticationtype) VALUES (146, 'RESEARCH_CENTER', 'ekt.gr', 'SHIBBOLETH');
INSERT INTO institution (id, category, schachomeorganization, authenticationtype) VALUES (147, 'RESEARCH_CENTER', 'cedefop.europa.eu', 'SHIBBOLETH');
INSERT INTO institution (id, category, schachomeorganization, authenticationtype) VALUES (148, 'RESEARCH_CENTER', 'cti.gr', 'SHIBBOLETH');

INSERT INTO institution_name (institution_id, name, locale) VALUES (1, 'ΑΛΕΞΑΝΔΡΕΙΟ ΤΕΙ ΘΕΣΣΑΛΟΝΙΚΗΣ', 'el');
INSERT INTO institution_name (institution_id, name, locale) VALUES (6, 'ΑΝΩΤΑΤΗ ΣΧΟΛΗ ΚΑΛΩΝ ΤΕΧΝΩΝ', 'el');
INSERT INTO institution_name (institution_id, name, locale) VALUES (8, 'ΑΡΙΣΤΟΤΕΛΕΙΟ ΠΑΝΕΠΙΣΤΗΜΙΟ ΘΕΣ/ΝΙΚΗΣ', 'el');
INSERT INTO institution_name (institution_id, name, locale) VALUES (9, 'ΑΣΠΑΙΤΕ', 'el');
INSERT INTO institution_name (institution_id, name, locale) VALUES (10, 'ΓΕΩΠΟΝΙΚΟ ΠΑΝΕΠΙΣΤΗΜΙΟ ΑΘΗΝΩΝ', 'el');
INSERT INTO institution_name (institution_id, name, locale) VALUES (11, 'ΔΗΜΟΚΡΙΤΕΙΟ ΠΑΝΕΠΙΣΤΗΜΙΟ ΘΡΑΚΗΣ', 'el');
INSERT INTO institution_name (institution_id, name, locale) VALUES (12, 'ΕΘΝΙΚΟ & ΚΑΠΟΔΙΣΤΡΙΑΚΟ ΠΑΝΕΠΙΣΤΗΜΙΟ ΑΘΗΝΩΝ', 'el');
INSERT INTO institution_name (institution_id, name, locale) VALUES (13, 'ΕΘΝΙΚΟ ΜΕΤΣΟΒΙΟ ΠΟΛΥΤΕΧΝΕΙΟ', 'el');
INSERT INTO institution_name (institution_id, name, locale) VALUES (14, 'ΙΟΝΙΟ ΠΑΝΕΠΙΣΤΗΜΙΟ', 'el');
INSERT INTO institution_name (institution_id, name, locale) VALUES (15, 'ΟΙΚΟΝΟΜΙΚΟ ΠΑΝΕΠΙΣΤΗΜΙΟ ΑΘΗΝΩΝ', 'el');
INSERT INTO institution_name (institution_id, name, locale) VALUES (16, 'ΠΑΝΕΠΙΣΤΗΜΙΟ ΑΙΓΑΙΟΥ', 'el');
INSERT INTO institution_name (institution_id, name, locale) VALUES (18, 'ΠΑΝΕΠΙΣΤΗΜΙΟ ΔΥΤΙΚΗΣ ΜΑΚΕΔΟΝΙΑΣ', 'el');
INSERT INTO institution_name (institution_id, name, locale) VALUES (19, 'ΠΑΝΕΠΙΣΤΗΜΙΟ ΘΕΣΣΑΛΙΑΣ', 'el');
INSERT INTO institution_name (institution_id, name, locale) VALUES (20, 'ΠΑΝΕΠΙΣΤΗΜΙΟ ΙΩΑΝΝΙΝΩΝ', 'el');
INSERT INTO institution_name (institution_id, name, locale) VALUES (21, 'ΠΑΝΕΠΙΣΤΗΜΙΟ ΚΡΗΤΗΣ', 'el');
INSERT INTO institution_name (institution_id, name, locale) VALUES (22, 'ΠΑΝΕΠΙΣΤΗΜΙΟ ΜΑΚΕΔΟΝΙΑΣ', 'el');
INSERT INTO institution_name (institution_id, name, locale) VALUES (23, 'ΠΑΝΕΠΙΣΤΗΜΙΟ ΠΑΤΡΩΝ', 'el');
INSERT INTO institution_name (institution_id, name, locale) VALUES (24, 'ΠΑΝΕΠΙΣΤΗΜΙΟ ΠΕΙΡΑΙΩΣ', 'el');
INSERT INTO institution_name (institution_id, name, locale) VALUES (25, 'ΠΑΝΕΠΙΣΤΗΜΙΟ ΠΕΛΟΠΟΝΝΗΣΟΥ', 'el');
INSERT INTO institution_name (institution_id, name, locale) VALUES (27, 'ΠΑΝΤΕΙΟ ΠΑΝΕΠΙΣΤΗΜΙΟ ΚΟΙΝΩΝΙΚΩΝ & ΠΟΛΙΤΙΚΩΝ ΕΠΙΣΤΗΜΩΝ', 'el');
INSERT INTO institution_name (institution_id, name, locale) VALUES (28, 'ΠΟΛΥΤΕΧΝΕΙΟ ΚΡΗΤΗΣ', 'el');
INSERT INTO institution_name (institution_id, name, locale) VALUES (29, 'ΤΕΙ ΑΘΗΝΑΣ', 'el');
INSERT INTO institution_name (institution_id, name, locale) VALUES (30, 'ΤΕΙ ΔΥΤΙΚΗΣ ΜΑΚΕΔΟΝΙΑΣ', 'el');
INSERT INTO institution_name (institution_id, name, locale) VALUES (31, 'ΤΕΙ ΗΠΕΙΡΟΥ', 'el');
INSERT INTO institution_name (institution_id, name, locale) VALUES (32, 'ΤΕΙ ΙΟΝΙΩΝ ΝΗΣΩΝ', 'el');
INSERT INTO institution_name (institution_id, name, locale) VALUES (33, 'ΤΕΙ ΑΝΑΤΟΛΙΚΗΣ ΜΑΚΕΔΟΝΙΑΣ ΚΑΙ ΘΡΑΚΗΣ', 'el');
INSERT INTO institution_name (institution_id, name, locale) VALUES (34, 'ΤΕΙ ΠΕΛΟΠΟΝΝΗΣΟΥ', 'el');
INSERT INTO institution_name (institution_id, name, locale) VALUES (35, 'ΤΕΙ ΚΡΗΤΗΣ', 'el');
INSERT INTO institution_name (institution_id, name, locale) VALUES (36, 'ΤΕΙ ΣΤΕΡΕΑΣ ΕΛΛΑΔΑΣ', 'el');
INSERT INTO institution_name (institution_id, name, locale) VALUES (37, 'ΤΕΙ ΘΕΣΣΑΛΙΑΣ', 'el');
INSERT INTO institution_name (institution_id, name, locale) VALUES (39, 'ΤΕΙ ΔΥΤΙΚΗΣ ΕΛΛΑΔΑΣ', 'el');
INSERT INTO institution_name (institution_id, name, locale) VALUES (40, 'ΤΕΙ ΠΕΙΡΑΙΑ', 'el');
INSERT INTO institution_name (institution_id, name, locale) VALUES (41, 'ΤΕΙ ΚΕΝΤΡΙΚΗΣ ΜΑΚΕΔΟΝΙΑΣ', 'el');
INSERT INTO institution_name (institution_id, name, locale) VALUES (43, 'ΧΑΡΟΚΟΠΕΙΟ ΠΑΝΕΠΙΣΤΗΜΙΟ', 'el');
INSERT INTO institution_name (institution_id, name, locale) VALUES (44, 'ΕΛΛΗΝΙΚΟ ΑΝΟΙΚΤΟ ΠΑΝΕΠΙΣΤΗΜΙΟ', 'el');
INSERT INTO institution_name (institution_id, name, locale) VALUES (45, 'ΔΙΕΘΝΕΣ ΠΑΝΕΠΙΣΤΗΜΙΟ ΤΗΣ ΕΛΛΑΔΟΣ', 'el');
INSERT INTO institution_name (institution_id, name, locale) VALUES (101, 'ΑΚΑΔΗΜΙΑ ΑΘΗΝΩΝ', 'el');
INSERT INTO institution_name (institution_id, name, locale) VALUES (102, 'ΕΘΝΙΚΟ ΚΕΝΤΡΟ ΔΗΜΟΣΙΑΣ ΔΙΟΙΚΗΣΗΣ & ΑΥΤΟΔΙΟΙΚΗΣΗΣ', 'el');
INSERT INTO institution_name (institution_id, name, locale) VALUES (103, 'ΕΘΝΙΚΟ ΑΣΤΕΡΟΣΚΟΠΕΙΟ ΑΘΗΝΩΝ - ΕΑΑ ', 'el');
INSERT INTO institution_name (institution_id, name, locale) VALUES (104, 'ΕΘΝΙΚΟ ΚΕΝΤΡΟ ΕΡΕΥΝΑΣ ΦΥΣΙΚΩΝ ΕΠΙΣΤΗΜΩΝ "ΔΗΜΟΚΡΙΤΟΣ"', 'el');
INSERT INTO institution_name (institution_id, name, locale) VALUES (105, 'ΕΘΝΙΚΟ ΚΕΝΤΡΟ ΚΟΙΝΩΝΙΚΩΝ ΕΡΕΥΝΩΝ - ΕΚΚΕ', 'el');
INSERT INTO institution_name (institution_id, name, locale) VALUES (106, 'ΕΛΛΗΝΙΚΟ ΚΕΝΤΡΟ ΘΑΛΑΣΣΙΩΝ ΕΡΕΥΝΩΝ - ΕΛΚΕΘΕ ', 'el');
INSERT INTO institution_name (institution_id, name, locale) VALUES (107, 'ΙΝΣΤΙΤΟΥΤΟ ΤΕΧΝΙΚΗΣ ΣΕΙΣΜΟΛΟΓΙΑΣ & ΑΝΤΙΣΕΙΣΜΙΚΩΝ ΚΑΤΑΣΚΕΥΩΝ – ΙΤΣΑΚ ', 'el');
INSERT INTO institution_name (institution_id, name, locale) VALUES (108, 'ΓΕΩΡΓΙΚΗ ΚΑΙ ΒΙΟΤΕΧΝΙΚΗ ΣΧΟΛΗ ', 'el');
INSERT INTO institution_name (institution_id, name, locale) VALUES (109, 'Ε.Π.Ι. " ΝΕΥΡΟΧΕΙΡΟΥΡΓΙΚΟ "  - ΠΑΝΕΠΙΣΤΗΜΙΟ ΙΩΑΝΝΙΝΩΝ', 'el');
INSERT INTO institution_name (institution_id, name, locale) VALUES (110, 'Ε.Π.Ι. ΑΣΤΙΚΟΥ ΠΕΡΙΒΑΛΛΟΝΤΟΣ ΚΑΙ ΑΝΘΡΩΠΙΝΟΥ ΔΥΝΑΜΙΚΟΥ - ΠΑΝΤΕΙΟ ΠΑΝΕΠΙΣΤΗΜΙΟ', 'el');
INSERT INTO institution_name (institution_id, name, locale) VALUES (111, 'Ε.Π.Ι. ΔΙΕΘΝΩΝ ΣΧΕΣΕΩΝ  -  ΠΑΝΤΕΙΟ ΠΑΝΕΠΙΣΤΗΜΙΟ', 'el');
INSERT INTO institution_name (institution_id, name, locale) VALUES (112, 'Ε.Π.Ι. ΔΙΚΟΝΟΜΙΚΩΝ ΜΕΛΕΤΩΝ  - ΕΚΠΑ', 'el');
INSERT INTO institution_name (institution_id, name, locale) VALUES (113, 'Ε.Π.Ι. ΕΠΙΤΑΧΥΝΤΙΚΩΝ ΣΥΣΤΗΜΑΤΩΝ ΚΑΙ ΕΦΑΡΜΟΓΩΝ ΕΚΠΑ', 'el');
INSERT INTO institution_name (institution_id, name, locale) VALUES (114, 'Ε.Π.Ι. ΕΦΗΡΜΟΣΜΕΝΗΣ ΕΠΙΚΟΙΝΩΝΙΑΣ - ΕΚΠΑ', 'el');
INSERT INTO institution_name (institution_id, name, locale) VALUES (115, 'Ε.Π.Ι. ΜΕΛΕΤΗΣ ΚΑΙ ΑΝΤΙΜΕΤΩΠΙΣΗΣ ΓΕΝΕΤΙΚΩΝ ΚΑΚΟΗΘΩΝ ΝΟΣΗΜΑΤΩΝ ΤΗΣ ΠΑΙΔΙΚΗΣ ΗΛΙΚΙΑΣ-ΕΚΠΑ', 'el');
INSERT INTO institution_name (institution_id, name, locale) VALUES (116, 'Ε.Π.Ι. ΟΙΚΟΝΟΜΙΚΩΝ ΚΑΙ ΚΟΙΝΩΝΙΚΩΝ ΕΠΙΣΤΗΜΩΝ ΠΑΝΕΠΙΣΤΗΜΙΟ ΜΑΚΕΔΟΝΙΑΣ', 'el');
INSERT INTO institution_name (institution_id, name, locale) VALUES (117, 'Ε.Π.Ι. ΠΕΡΙΦΕΡΕΙΑΚΗΣ ΑΝΑΠΤΥΞΗΣ  -  ΠΑΝΤΕΙΟ ΠΑΝΕΠΙΣΤΗΜΙΟ', 'el');
INSERT INTO institution_name (institution_id, name, locale) VALUES (118, 'Ε.Π.Ι. ΣΤΑΤΙΣΤΙΚΗΣ ΤΕΚΜΗΡΙΩΣΗΣ, ΑΝΑΛΥΣΗΣ & ΕΡΕΥΝΑΣ', 'el');
INSERT INTO institution_name (institution_id, name, locale) VALUES (119, 'Ε.Π.Ι. ΣΥΝΤΑΓΜΑΤΙΚΩΝ ΕΡΕΥΝΩΝ  (Ι.Σ.Ε) -  ΕΚΠΑ', 'el');
INSERT INTO institution_name (institution_id, name, locale) VALUES (120, 'Ε.Π.Ι. ΣΥΣΤΗΜΑΤΩΝ ΕΠΙΚΟΙΝΩΝΙΑΣ ΚΑΙ ΥΠΟΛΟΓΙΣΤΩΝ (Ε.Μ.Π.)', 'el');
INSERT INTO institution_name (institution_id, name, locale) VALUES (121, 'Ε.Π.Ι. ΤΗΛΕΠΙΚΟΙΝΩΝΙΩΝ ΚΡΗΤΗΣ - ΠΟΛΥΤΕΧΝΕΙΟ ΚΡΗΤΗΣ', 'el');
INSERT INTO institution_name (institution_id, name, locale) VALUES (122, 'Ε.Π.Ι. ΦΥΣΙΚΗΣ ΠΛΑΣΜΑΤΟΣ - ΠΑΝΕΠΙΣΤΗΜΙΟ ΚΡΗΤΗΣ', 'el');
INSERT INTO institution_name (institution_id, name, locale) VALUES (123, 'Ε.Π.Ι. ΦΥΣΙΚΗΣ ΤΟΥ ΣΤΕΡΕΟΥ ΦΛΟΙΟΥ ΤΗΣ ΓΗΣ - ΕΚΠΑ', 'el');
INSERT INTO institution_name (institution_id, name, locale) VALUES (124, 'Ε.Π.Ι. ΨΥΧΙΚΗΣ ΥΓΙΕΙΝΗΣ - ΕΚΠΑ', 'el');
INSERT INTO institution_name (institution_id, name, locale) VALUES (125, 'ΕΘΝΙΚΟ ΚΕΝΤΡΟ ΕΡΕΥΝΑΣ, ΠΡΟΛΗΨΗΣ ΚΑΙ ΘΕΡΑΠΕΙΑΣ ΤΟΥ ΣΑΚΧΑΡΩΔΗ ΔΙΑΒΗΤΗ ΚΑΙ ΤΩΝ ΕΠΙΠΛΟΚΩΝ ΤΟΥ (Ε.ΚΕ.ΔΙ.)', 'el');
INSERT INTO institution_name (institution_id, name, locale) VALUES (126, 'ΕΘΝΙΚΟ ΙΔΡΥΜΑ ΕΡΕΥΝΩΝ ', 'el');
INSERT INTO institution_name (institution_id, name, locale) VALUES (127, 'ΕΘΝΙΚΟ ΚΕΝΤΡΟ ΕΡΕΥΝΑΣ & ΤΕΧΝΟΛΟΓΙΚΗΣ ΑΝΑΠΤΥΞΗΣ – ΕΚΕΤΑ', 'el');
INSERT INTO institution_name (institution_id, name, locale) VALUES (128, 'ΕΛΛΗΝΙΚΟ ΙΝΣΤΙΤΟΥΤΟ ΠΑΣΤΕΡ - ΕΙΠ ', 'el');
INSERT INTO institution_name (institution_id, name, locale) VALUES (129, 'ΕΛΛΗΝΙΚΟ ΙΝΣΤΙΤΟΥΤΟ ΥΓΙΕΙΝΗΣ & ΑΣΦΑΛΕΙΑΣ ΤΗΣ ΕΡΓΑΣΙΑΣ ', 'el');
INSERT INTO institution_name (institution_id, name, locale) VALUES (130, 'ΕΛΛΗΝΙΚΟΣ ΟΡΓΑΝΙΣΜΟΣ ΤΥΠΟΠΟΙΗΣΗΣ ', 'el');
INSERT INTO institution_name (institution_id, name, locale) VALUES (132, 'ΕΡΕΥΝΗΤΙΚΟ ΚΕΝΤΡΟ ΒΙΟΙΑΤΡΙΚΩΝ ΕΠΙΣΤΗΜΩΝ - ΕΚEΒΕ "ΑΛΕΞΑΝΔΡΟΣ ΦΛΕΜΙΓΚ"', 'el');
INSERT INTO institution_name (institution_id, name, locale) VALUES (133, 'ΕΡΕΥΝΗΤΙΚΟ ΚΕΝΤΡΟ ΚΑΙΝΟΤΟΜΙΑΣ ΣΤΙΣ ΤΕΧΝΟΛΟΓΙΕΣ ΤΗΣ ΠΛΗΡΟΦΟΡΙΑΣ, ΤΩΝ ΕΠΙΚΟΙΝΩΝΙΩΝ & ΤΗΣ ΓΝΩΣΗΣ - "ΑΘΗΝΑ" ', 'el');
INSERT INTO institution_name (institution_id, name, locale) VALUES (134, 'ΙΔΡΥΜΑ ΕΥΓΕΝΙΔΟΥ', 'el');
INSERT INTO institution_name (institution_id, name, locale) VALUES (135, 'ΙΔΡΥΜΑ ΙΑΤΡΟΒΙΟΛΟΓΙΚΗΣ ΕΡΕΥΝΑΣ ΑΚΑΔΗΜΙΑΣ ΑΘΗΝΩΝ', 'el');
INSERT INTO institution_name (institution_id, name, locale) VALUES (136, 'ΙΔΡΥΜΑ ΜΕΙΖΟΝΟΣ ΕΛΛΗΝΙΣΜΟΥ', 'el');
INSERT INTO institution_name (institution_id, name, locale) VALUES (137, 'ΙΔΡΥΜΑ ΤΕΧΝΟΛΟΓΙΑΣ & ΕΡΕΥΝΑΣ - ΙΤΕ ', 'el');
INSERT INTO institution_name (institution_id, name, locale) VALUES (138, 'ΙΝΣΤΙΤΟΥΤΟ  ΕΡΕΥΝΑΣ ΜΟΥΣΙΚΗΣ ΚΑΙ ΑΚΟΥΣΤΙΚΗΣ ', 'el');
INSERT INTO institution_name (institution_id, name, locale) VALUES (144, 'RESEARCH CENTER FOR GENDER EQUALITY', 'en');
INSERT INTO institution_name (institution_id, name, locale) VALUES (139, 'ΙΝΣΤΙΤΟΥΤΟ ΓΕΩΛΟΓΙΚΩΝ & ΜΕΤΑΛΛΕΥΤΙΚΩΝ ΕΡΕΥΝΩΝ ', 'el');
INSERT INTO institution_name (institution_id, name, locale) VALUES (140, 'ΙΝΣΤΙΤΟΥΤΟ ΕΛΙΑΣ ΚΑΙ ΥΠΟΤΡΟΠΙΚΩΝ ΦΥΤΩΝ ΧΑΝΙΩΝ ', 'el');
INSERT INTO institution_name (institution_id, name, locale) VALUES (141, 'ΚΕΝΤΡΟ ΑΝΑΝΕΩΣΙΜΩΝ ΠΗΓΩΝ ΚΑΙ ΕΞΟΙΚΟΝΟΜΗΣΗΣ ΕΝΕΡΓΕΙΑΣ - ΚΑΠΕ', 'el');
INSERT INTO institution_name (institution_id, name, locale) VALUES (142, 'ΙΝΣΤΙΤΟΥΤΟ ΕΚΠΑΙΔΕΥΤΙΚΗΣ ΠΟΛΙΤΙΚΗΣ (Ι.Ε.Π.)', 'el');
INSERT INTO institution_name (institution_id, name, locale) VALUES (143, 'ΚΕΝΤΡΟ ΕΛΛΗΝΙΚΗΣ ΓΛΩΣΣΑΣ', 'el');
INSERT INTO institution_name (institution_id, name, locale) VALUES (144, 'ΚΕΝΤΡΟ ΕΡΕΥΝΑΣ ΓΙΑ ΘΕΜΑΤΑ ΙΣΟΤΗΤΑΣ ', 'el');
INSERT INTO institution_name (institution_id, name, locale) VALUES (146, 'ΕΘΝΙΚΟ ΚΕΝΤΡΟ ΤΕΚΜΗΡΙΩΣΗΣ (ΕΚΤ)', 'el');
INSERT INTO institution_name (institution_id, name, locale) VALUES (147, 'ΕΥΡΩΠΑΪΚΟ ΚΕΝΤΡΟ ΓΙΑ ΤΗΝ ΑΝΑΠΤΥΞΗ ΤΗΣ ΕΠΑΓΓΕΛΜΑΤΙΚΗΣ ΚΑΤΑΡΤΙΣΗΣ', 'el');
INSERT INTO institution_name (institution_id, name, locale) VALUES (148, 'ΙΝΣΤΙΤΟΥΤΟ ΤΕΧΝΟΛΟΓΙΑΣ ΥΠΟΛΟΓΙΣΤΩΝ & ΕΚΔΟΣΕΩΝ (ΙΤΥΕ "ΔΙΟΦΑΝΤΟΣ")', 'el');
INSERT INTO institution_name (institution_id, name, locale) VALUES (1, 'TECHNOLOGICAL EDUCATIONAL INSTITUTE OF THESSALONIKI', 'en');
INSERT INTO institution_name (institution_id, name, locale) VALUES (6, 'ATHENS SCHOOL OF FINE ARTS', 'en');
INSERT INTO institution_name (institution_id, name, locale) VALUES (8, 'ARISTOTLE UNIVERSITY OF THESSALONIKI', 'en');
INSERT INTO institution_name (institution_id, name, locale) VALUES (9, 'SCHOOL OF PEDAGOGICAL AND TECHNOLOGICAL EDUCATION', 'en');
INSERT INTO institution_name (institution_id, name, locale) VALUES (10, 'AGRICULTURAL UNIVERSITY OF ATHENS', 'en');
INSERT INTO institution_name (institution_id, name, locale) VALUES (11, 'DEMOCRITUS UNIVERSITY OF THRACE', 'en');
INSERT INTO institution_name (institution_id, name, locale) VALUES (12, 'NATIONAL AND KAPODISTRIAN UNIVERSITY OF ATHENS', 'en');
INSERT INTO institution_name (institution_id, name, locale) VALUES (13, 'NATIONAL TECHNICAL UNIVERSITY OF ATHENS', 'en');
INSERT INTO institution_name (institution_id, name, locale) VALUES (14, 'IONIAN UNIVERSITY', 'en');
INSERT INTO institution_name (institution_id, name, locale) VALUES (15, 'ATHENS UNIVERSITY OF ECONOMICS AND BUSINESS', 'en');
INSERT INTO institution_name (institution_id, name, locale) VALUES (16, 'UNIVERSITY OF THE AEGEAN', 'en');
INSERT INTO institution_name (institution_id, name, locale) VALUES (18, 'UNIVERSITY OF WESTERN MACEDONIA', 'en');
INSERT INTO institution_name (institution_id, name, locale) VALUES (19, 'UNIVERSITY OF THESSALY', 'en');
INSERT INTO institution_name (institution_id, name, locale) VALUES (20, 'UNIVERSITY OF IOANNINA', 'en');
INSERT INTO institution_name (institution_id, name, locale) VALUES (21, 'UNIVERSITY OF CRETE', 'en');
INSERT INTO institution_name (institution_id, name, locale) VALUES (22, 'UNIVERSITY OF MACEDONIA', 'en');
INSERT INTO institution_name (institution_id, name, locale) VALUES (23, 'UNIVERSITY OF PATRAS', 'en');
INSERT INTO institution_name (institution_id, name, locale) VALUES (24, 'UNIVERSITY OF PIRAEUS', 'en');
INSERT INTO institution_name (institution_id, name, locale) VALUES (25, 'UNIVERSITY OF PELOPONNESE', 'en');
INSERT INTO institution_name (institution_id, name, locale) VALUES (27, 'PANTEIO UNIVERSITY OF SOCIAL AND POLITICAL SCIENCES', 'en');
INSERT INTO institution_name (institution_id, name, locale) VALUES (28, 'TECHNICAL UNIVERSITY OF CRETE', 'en');
INSERT INTO institution_name (institution_id, name, locale) VALUES (29, 'TECHNOLOGICAL EDUCATIONAL INSTITUTE OF ATHENS', 'en');
INSERT INTO institution_name (institution_id, name, locale) VALUES (30, 'TECHNOLOGICAL EDUCATIONAL INSTITUTE OF WESTERN MACEDONIA', 'en');
INSERT INTO institution_name (institution_id, name, locale) VALUES (31, 'TECHNOLOGICAL EDUCATIONAL INSTITUTION OF EPIRUS', 'en');
INSERT INTO institution_name (institution_id, name, locale) VALUES (32, 'TECHNOLOGICAL EDUCATIONAL INSTITUTION OF IONIAN ISLANDS', 'en');
INSERT INTO institution_name (institution_id, name, locale) VALUES (33, 'EASTERN MACEDONIA & THRACE INSTITUTE OF TECHNOLOGY', 'en');
INSERT INTO institution_name (institution_id, name, locale) VALUES (34, 'TECHNOLOGICAL EDUCATIONAL INSTITUTE OF PELOPONNESE', 'en');
INSERT INTO institution_name (institution_id, name, locale) VALUES (35, 'TECHNOLOGICAL EDUCATIONAL INSTITUTE OF CRETE', 'en');
INSERT INTO institution_name (institution_id, name, locale) VALUES (36, 'TECHNOLOGICAL EDUCATIONAL INSTITUTE OF CENTRAL GREECE', 'en');
INSERT INTO institution_name (institution_id, name, locale) VALUES (37, 'TECHNOLOGICAL EDUCATIONAL INSTITUTE OF THESSALY', 'en');
INSERT INTO institution_name (institution_id, name, locale) VALUES (39, 'TECHNOLOGICAL EDUCATIONAL INSTITUTE OF WESTERN GREECE', 'en');
INSERT INTO institution_name (institution_id, name, locale) VALUES (40, 'TECHNOLOGICAL EDUCATION INSTITUTE OF PIRAEUS', 'en');
INSERT INTO institution_name (institution_id, name, locale) VALUES (41, 'TECHNOLOGICAL EDUCATIONAL INSTITUTE OF CENTRAL MACEDONIA', 'en');
INSERT INTO institution_name (institution_id, name, locale) VALUES (43, 'HAROKOPIO UNIVERSITY', 'en');
INSERT INTO institution_name (institution_id, name, locale) VALUES (44, 'HELLENIC OPEN UNIVERSITY', 'en');
INSERT INTO institution_name (institution_id, name, locale) VALUES (45, 'INTERNATIONAL HELLENIC UNIVERSITY', 'en');
INSERT INTO institution_name (institution_id, name, locale) VALUES (101, 'ACADEMY OF ATHENS', 'en');
INSERT INTO institution_name (institution_id, name, locale) VALUES (102, 'NATIONAL SCHOOL OF PUBLIC ADMINISTRATION AND LOCAL GOVERNMENT', 'en');
INSERT INTO institution_name (institution_id, name, locale) VALUES (103, 'NATIONAL OBSERVATORY OF ATHENS - NOA', 'en');
INSERT INTO institution_name (institution_id, name, locale) VALUES (104, 'NATIONAL CENTRE OF SCIENTIFIC RESEARCH "DEMOKRITOS"', 'en');
INSERT INTO institution_name (institution_id, name, locale) VALUES (105, 'NATIONAL CENTRE FOR SOCIAL RESEARCH (EKKE)', 'en');
INSERT INTO institution_name (institution_id, name, locale) VALUES (106, 'HELLENIC CENTRE FOR MARINE RESEARCH - HCMR', 'en');
INSERT INTO institution_name (institution_id, name, locale) VALUES (107, 'INSTITUTE OF ENGINEERING SEISMOLOGY & EARTHQUAKE ENGINEERING (ITSAK)', 'en');
INSERT INTO institution_name (institution_id, name, locale) VALUES (108, 'AMERICAN FARM SCHOOL', 'en');
INSERT INTO institution_name (institution_id, name, locale) VALUES (109, 'NEUROSURGICAL INSTITUTE - UNIVERSITY OF IOANNINA', 'en');
INSERT INTO institution_name (institution_id, name, locale) VALUES (110, 'RESEARCH INSTITUTE OF URBAN ENVIRONMENT AND HUMAN RESOURCES - PANTEION UNIVERSITY OF ATHENS', 'en');
INSERT INTO institution_name (institution_id, name, locale) VALUES (111, 'INSTITUTE OF INTERNATIONAL RELATIONS OF PANTEION UNIVERSITY', 'en');
INSERT INTO institution_name (institution_id, name, locale) VALUES (112, 'RESEARCH INSTITUTE OF PROCEDURAL STUDIES - UOA', 'en');
INSERT INTO institution_name (institution_id, name, locale) VALUES (113, 'INSTITUTE OF ACCELERATING SYSTEMS AND APPLICATIONS, ATHENS, GREECE', 'en');
INSERT INTO institution_name (institution_id, name, locale) VALUES (114, 'UNIVERSITY RESEARCH INSTITUTE OF APPLIED COMMUNICATION - UOA', 'en');
INSERT INTO institution_name (institution_id, name, locale) VALUES (115, 'RESEARCH INSTITUTE FOR THE STUDY OF GENETIC AND MALIGNANT DISORDERS IN CHILDHOOD, UNIVERSITY OF ATHENS, GREECE', 'en');
INSERT INTO institution_name (institution_id, name, locale) VALUES (116, 'S, INSTITUTE OF APPLIED ECONOMIC AND SOCIAL SCIENCES, UNIVERSITY OF MACEDONIA', 'en');
INSERT INTO institution_name (institution_id, name, locale) VALUES (117, 'REGIONAL DEVELOPMENT INSTITUTE OF PANTEION UNIVERSITY', 'en');
INSERT INTO institution_name (institution_id, name, locale) VALUES (118, 'INSTITUTE OF STATISTICAL DOCUMENTATION RESEARCH AND ANALYSIS', 'en');
INSERT INTO institution_name (institution_id, name, locale) VALUES (119, 'CONSTITUTIONAL RESEARCH INSTITUTE (UOA)', 'en');
INSERT INTO institution_name (institution_id, name, locale) VALUES (120, 'INSTITUTE OF COMMUNICATION AND COMPUTER SYSTEMS (NTUA)', 'en');
INSERT INTO institution_name (institution_id, name, locale) VALUES (121, 'TELECOMMUNICATION SYSTEMS RESEARCH INSTITUTE (T.S.I.)', 'en');
INSERT INTO institution_name (institution_id, name, locale) VALUES (122, 'INSTITUTE OF PLASMA PHYSICS (UOC)', 'en');
INSERT INTO institution_name (institution_id, name, locale) VALUES (123, 'SOLID EARTH PHYSICS INSTITUTE (UOA)', 'en');
INSERT INTO institution_name (institution_id, name, locale) VALUES (124, 'UNIVERSITY MENTAL HEALTH RESEARCH INSTITUTE, ATHENS, GREECE', 'en');
INSERT INTO institution_name (institution_id, name, locale) VALUES (125, 'HELLENIC NATIONAL CENTER FOR THE RESEARCH, PREVENTION AND TREATMENT OF DIABETES MELLITUS AND ITS COMPLICATIONS (H.N.D.C.)', 'en');
INSERT INTO institution_name (institution_id, name, locale) VALUES (126, 'NATIONAL HELLENIC RESEARCH FOUNDATION (NHRF)', 'en');
INSERT INTO institution_name (institution_id, name, locale) VALUES (127, 'CENTRE FOR RESEARCH & TECHNOLOGY HELLAS', 'en');
INSERT INTO institution_name (institution_id, name, locale) VALUES (128, 'HELLENIC PASTEUR INSTITUTE (HPI)', 'en');
INSERT INTO institution_name (institution_id, name, locale) VALUES (129, 'HELLENIC INSTITUTE FOR OCCUPATIONAL HEALTH AND SAFETY ', 'en');
INSERT INTO institution_name (institution_id, name, locale) VALUES (130, 'HELLENIC ORGANIZATION FOR STANDARDIZATION (ELOT)', 'en');
INSERT INTO institution_name (institution_id, name, locale) VALUES (132, 'BIOMEDICAL SCIENCES RESEARCH CENTER "ALEXANDER FLEMING"', 'en');
INSERT INTO institution_name (institution_id, name, locale) VALUES (133, 'ATHENA RESEARCH AND INNOVATION CENTER IN INFORMATION, COMMUNICATION AND KNOWLEDGE TECHNOLOGIES', 'en');
INSERT INTO institution_name (institution_id, name, locale) VALUES (134, 'EUGENIDES FOUNDATION', 'en');
INSERT INTO institution_name (institution_id, name, locale) VALUES (135, 'BIOMEDICAL RESEARCH FOUNDATION OF THE ACADEMY OF ATHENS (BRFAA)', 'en');
INSERT INTO institution_name (institution_id, name, locale) VALUES (136, 'FOUNDATION OF THE HELLENIC WORLD', 'en');
INSERT INTO institution_name (institution_id, name, locale) VALUES (137, 'FOUNDATION FOR RESEARCH AND TECHNOLOGY-HELLAS (FORTH)', 'en');
INSERT INTO institution_name (institution_id, name, locale) VALUES (138, 'INSTITUTE FOR RESEARCH ON MUSIC AND ACOUSTICS', 'en');
INSERT INTO institution_name (institution_id, name, locale) VALUES (139, 'INSTITUTE OF GEOLOGY & MINERAL EXPLORATION', 'en');
INSERT INTO institution_name (institution_id, name, locale) VALUES (140, 'INSTITUTE FOR OLIVE TREE AND SUBTROPICAL PLANTS', 'en');
INSERT INTO institution_name (institution_id, name, locale) VALUES (141, 'CENTRE FOR RENEWABLE ENERGY SOURCES AND SAVING (CRES)', 'en');
INSERT INTO institution_name (institution_id, name, locale) VALUES (142, 'INSTITUTE OF EDUCATIONAL POLICY (IEP)', 'en');
INSERT INTO institution_name (institution_id, name, locale) VALUES (143, 'CENTRE FOR THE GREEK LANGUAGE', 'en');
INSERT INTO institution_name (institution_id, name, locale) VALUES (146, 'NATIONAL DOCUMENTATION CENTRE', 'en');
INSERT INTO institution_name (institution_id, name, locale) VALUES (147, 'EUROPEAN CENTRE FOR THE DEVELOPMENT OF VOCATIONAL TRAINING', 'en');
INSERT INTO institution_name (institution_id, name, locale) VALUES (148, 'COMPUTER TECHNOLOGY INSTITUTE AND PRESS "DIOPHANTUS"', 'en');


INSERT INTO school (id, institution_id) VALUES (1, 1);
INSERT INTO school (id, institution_id) VALUES (2, 1);
INSERT INTO school (id, institution_id) VALUES (3, 1);
INSERT INTO school (id, institution_id) VALUES (4, 1);
INSERT INTO school (id, institution_id) VALUES (5, 1);
INSERT INTO school (id, institution_id) VALUES (6, 6);
INSERT INTO school (id, institution_id) VALUES (7, 8);
INSERT INTO school (id, institution_id) VALUES (8, 8);
INSERT INTO school (id, institution_id) VALUES (9, 8);
INSERT INTO school (id, institution_id) VALUES (10, 8);
INSERT INTO school (id, institution_id) VALUES (11, 8);
INSERT INTO school (id, institution_id) VALUES (12, 8);
INSERT INTO school (id, institution_id) VALUES (13, 8);
INSERT INTO school (id, institution_id) VALUES (14, 8);
INSERT INTO school (id, institution_id) VALUES (15, 8);
INSERT INTO school (id, institution_id) VALUES (16, 8);
INSERT INTO school (id, institution_id) VALUES (17, 8);
INSERT INTO school (id, institution_id) VALUES (18, 9);
INSERT INTO school (id, institution_id) VALUES (19, 10);
INSERT INTO school (id, institution_id) VALUES (20, 10);
INSERT INTO school (id, institution_id) VALUES (21, 11);
INSERT INTO school (id, institution_id) VALUES (22, 11);
INSERT INTO school (id, institution_id) VALUES (23, 11);
INSERT INTO school (id, institution_id) VALUES (24, 11);
INSERT INTO school (id, institution_id) VALUES (25, 11);
INSERT INTO school (id, institution_id) VALUES (26, 11);
INSERT INTO school (id, institution_id) VALUES (27, 11);
INSERT INTO school (id, institution_id) VALUES (28, 11);
INSERT INTO school (id, institution_id) VALUES (29, 45);
INSERT INTO school (id, institution_id) VALUES (30, 45);
INSERT INTO school (id, institution_id) VALUES (31, 45);
INSERT INTO school (id, institution_id) VALUES (32, 12);
INSERT INTO school (id, institution_id) VALUES (33, 12);
INSERT INTO school (id, institution_id) VALUES (34, 12);
INSERT INTO school (id, institution_id) VALUES (35, 12);
INSERT INTO school (id, institution_id) VALUES (36, 12);
INSERT INTO school (id, institution_id) VALUES (37, 12);
INSERT INTO school (id, institution_id) VALUES (38, 12);
INSERT INTO school (id, institution_id) VALUES (39, 12);
INSERT INTO school (id, institution_id) VALUES (40, 13);
INSERT INTO school (id, institution_id) VALUES (41, 13);
INSERT INTO school (id, institution_id) VALUES (42, 13);
INSERT INTO school (id, institution_id) VALUES (43, 13);
INSERT INTO school (id, institution_id) VALUES (44, 13);
INSERT INTO school (id, institution_id) VALUES (45, 13);
INSERT INTO school (id, institution_id) VALUES (46, 13);
INSERT INTO school (id, institution_id) VALUES (47, 13);
INSERT INTO school (id, institution_id) VALUES (48, 13);
INSERT INTO school (id, institution_id) VALUES (49, 44);
INSERT INTO school (id, institution_id) VALUES (50, 44);
INSERT INTO school (id, institution_id) VALUES (51, 44);
INSERT INTO school (id, institution_id) VALUES (52, 44);
INSERT INTO school (id, institution_id) VALUES (53, 14);
INSERT INTO school (id, institution_id) VALUES (54, 14);
INSERT INTO school (id, institution_id) VALUES (55, 14);
INSERT INTO school (id, institution_id) VALUES (56, 15);
INSERT INTO school (id, institution_id) VALUES (57, 15);
INSERT INTO school (id, institution_id) VALUES (58, 15);
INSERT INTO school (id, institution_id) VALUES (59, 16);
INSERT INTO school (id, institution_id) VALUES (60, 16);
INSERT INTO school (id, institution_id) VALUES (61, 16);
INSERT INTO school (id, institution_id) VALUES (62, 16);
INSERT INTO school (id, institution_id) VALUES (63, 16);
INSERT INTO school (id, institution_id) VALUES (64, 18);
INSERT INTO school (id, institution_id) VALUES (65, 18);
INSERT INTO school (id, institution_id) VALUES (66, 18);
INSERT INTO school (id, institution_id) VALUES (67, 19);
INSERT INTO school (id, institution_id) VALUES (68, 19);
INSERT INTO school (id, institution_id) VALUES (69, 19);
INSERT INTO school (id, institution_id) VALUES (70, 19);
INSERT INTO school (id, institution_id) VALUES (71, 19);
INSERT INTO school (id, institution_id) VALUES (72, 20);
INSERT INTO school (id, institution_id) VALUES (73, 20);
INSERT INTO school (id, institution_id) VALUES (74, 20);
INSERT INTO school (id, institution_id) VALUES (75, 20);
INSERT INTO school (id, institution_id) VALUES (76, 20);
INSERT INTO school (id, institution_id) VALUES (77, 20);
INSERT INTO school (id, institution_id) VALUES (78, 21);
INSERT INTO school (id, institution_id) VALUES (79, 21);
INSERT INTO school (id, institution_id) VALUES (80, 21);
INSERT INTO school (id, institution_id) VALUES (81, 21);
INSERT INTO school (id, institution_id) VALUES (82, 21);
INSERT INTO school (id, institution_id) VALUES (83, 22);
INSERT INTO school (id, institution_id) VALUES (84, 22);
INSERT INTO school (id, institution_id) VALUES (85, 22);
INSERT INTO school (id, institution_id) VALUES (86, 22);
INSERT INTO school (id, institution_id) VALUES (87, 23);
INSERT INTO school (id, institution_id) VALUES (88, 23);
INSERT INTO school (id, institution_id) VALUES (89, 23);
INSERT INTO school (id, institution_id) VALUES (90, 23);
INSERT INTO school (id, institution_id) VALUES (91, 23);
INSERT INTO school (id, institution_id) VALUES (92, 24);
INSERT INTO school (id, institution_id) VALUES (93, 24);
INSERT INTO school (id, institution_id) VALUES (94, 24);
INSERT INTO school (id, institution_id) VALUES (95, 24);
INSERT INTO school (id, institution_id) VALUES (96, 25);
INSERT INTO school (id, institution_id) VALUES (97, 25);
INSERT INTO school (id, institution_id) VALUES (98, 25);
INSERT INTO school (id, institution_id) VALUES (99, 25);
INSERT INTO school (id, institution_id) VALUES (100, 25);
INSERT INTO school (id, institution_id) VALUES (101, 27);
INSERT INTO school (id, institution_id) VALUES (102, 27);
INSERT INTO school (id, institution_id) VALUES (103, 27);
INSERT INTO school (id, institution_id) VALUES (104, 27);
INSERT INTO school (id, institution_id) VALUES (105, 28);
INSERT INTO school (id, institution_id) VALUES (106, 28);
INSERT INTO school (id, institution_id) VALUES (107, 28);
INSERT INTO school (id, institution_id) VALUES (108, 28);
INSERT INTO school (id, institution_id) VALUES (109, 28);
INSERT INTO school (id, institution_id) VALUES (110, 29);
INSERT INTO school (id, institution_id) VALUES (111, 29);
INSERT INTO school (id, institution_id) VALUES (112, 29);
INSERT INTO school (id, institution_id) VALUES (113, 29);
INSERT INTO school (id, institution_id) VALUES (114, 29);
INSERT INTO school (id, institution_id) VALUES (115, 33);
INSERT INTO school (id, institution_id) VALUES (116, 33);
INSERT INTO school (id, institution_id) VALUES (117, 33);
INSERT INTO school (id, institution_id) VALUES (118, 33);
INSERT INTO school (id, institution_id) VALUES (119, 33);
INSERT INTO school (id, institution_id) VALUES (120, 39);
INSERT INTO school (id, institution_id) VALUES (121, 39);
INSERT INTO school (id, institution_id) VALUES (122, 39);
INSERT INTO school (id, institution_id) VALUES (123, 39);
INSERT INTO school (id, institution_id) VALUES (124, 39);
INSERT INTO school (id, institution_id) VALUES (125, 39);
INSERT INTO school (id, institution_id) VALUES (126, 39);
INSERT INTO school (id, institution_id) VALUES (127, 39);
INSERT INTO school (id, institution_id) VALUES (128, 30);
INSERT INTO school (id, institution_id) VALUES (129, 30);
INSERT INTO school (id, institution_id) VALUES (130, 30);
INSERT INTO school (id, institution_id) VALUES (131, 30);
INSERT INTO school (id, institution_id) VALUES (132, 30);
INSERT INTO school (id, institution_id) VALUES (133, 30);
INSERT INTO school (id, institution_id) VALUES (134, 31);
INSERT INTO school (id, institution_id) VALUES (135, 31);
INSERT INTO school (id, institution_id) VALUES (136, 31);
INSERT INTO school (id, institution_id) VALUES (137, 31);
INSERT INTO school (id, institution_id) VALUES (138, 31);
INSERT INTO school (id, institution_id) VALUES (139, 37);
INSERT INTO school (id, institution_id) VALUES (140, 37);
INSERT INTO school (id, institution_id) VALUES (141, 37);
INSERT INTO school (id, institution_id) VALUES (142, 37);
INSERT INTO school (id, institution_id) VALUES (143, 37);
INSERT INTO school (id, institution_id) VALUES (144, 37);
INSERT INTO school (id, institution_id) VALUES (145, 32);
INSERT INTO school (id, institution_id) VALUES (146, 32);
INSERT INTO school (id, institution_id) VALUES (147, 32);
INSERT INTO school (id, institution_id) VALUES (148, 32);
INSERT INTO school (id, institution_id) VALUES (149, 32);
INSERT INTO school (id, institution_id) VALUES (150, 41);
INSERT INTO school (id, institution_id) VALUES (151, 41);
INSERT INTO school (id, institution_id) VALUES (152, 41);
INSERT INTO school (id, institution_id) VALUES (153, 35);
INSERT INTO school (id, institution_id) VALUES (154, 35);
INSERT INTO school (id, institution_id) VALUES (155, 35);
INSERT INTO school (id, institution_id) VALUES (156, 35);
INSERT INTO school (id, institution_id) VALUES (157, 35);
INSERT INTO school (id, institution_id) VALUES (158, 35);
INSERT INTO school (id, institution_id) VALUES (159, 40);
INSERT INTO school (id, institution_id) VALUES (160, 40);
INSERT INTO school (id, institution_id) VALUES (161, 34);
INSERT INTO school (id, institution_id) VALUES (162, 34);
INSERT INTO school (id, institution_id) VALUES (163, 34);
INSERT INTO school (id, institution_id) VALUES (164, 34);
INSERT INTO school (id, institution_id) VALUES (165, 34);
INSERT INTO school (id, institution_id) VALUES (166, 36);
INSERT INTO school (id, institution_id) VALUES (167, 36);
INSERT INTO school (id, institution_id) VALUES (168, 36);
INSERT INTO school (id, institution_id) VALUES (169, 36);
INSERT INTO school (id, institution_id) VALUES (170, 36);
INSERT INTO school (id, institution_id) VALUES (171, 43);
INSERT INTO school (id, institution_id) VALUES (172, 43);
INSERT INTO school (id, institution_id) VALUES (173, 43);
INSERT INTO school (id, institution_id) VALUES (1174, 101);
INSERT INTO school (id, institution_id) VALUES (1175, 102);
INSERT INTO school (id, institution_id) VALUES (1176, 103);
INSERT INTO school (id, institution_id) VALUES (1177, 104);
INSERT INTO school (id, institution_id) VALUES (1178, 105);
INSERT INTO school (id, institution_id) VALUES (1179, 106);
INSERT INTO school (id, institution_id) VALUES (1180, 107);
INSERT INTO school (id, institution_id) VALUES (1181, 108);
INSERT INTO school (id, institution_id) VALUES (1182, 109);
INSERT INTO school (id, institution_id) VALUES (1183, 110);
INSERT INTO school (id, institution_id) VALUES (1184, 111);
INSERT INTO school (id, institution_id) VALUES (1185, 112);
INSERT INTO school (id, institution_id) VALUES (1186, 113);
INSERT INTO school (id, institution_id) VALUES (1187, 114);
INSERT INTO school (id, institution_id) VALUES (1188, 115);
INSERT INTO school (id, institution_id) VALUES (1189, 116);
INSERT INTO school (id, institution_id) VALUES (1190, 117);
INSERT INTO school (id, institution_id) VALUES (1191, 118);
INSERT INTO school (id, institution_id) VALUES (1192, 119);
INSERT INTO school (id, institution_id) VALUES (1193, 120);
INSERT INTO school (id, institution_id) VALUES (1194, 121);
INSERT INTO school (id, institution_id) VALUES (1195, 122);
INSERT INTO school (id, institution_id) VALUES (1196, 123);
INSERT INTO school (id, institution_id) VALUES (1197, 124);
INSERT INTO school (id, institution_id) VALUES (1198, 125);
INSERT INTO school (id, institution_id) VALUES (1199, 126);
INSERT INTO school (id, institution_id) VALUES (1200, 127);
INSERT INTO school (id, institution_id) VALUES (1201, 128);
INSERT INTO school (id, institution_id) VALUES (1202, 129);
INSERT INTO school (id, institution_id) VALUES (1203, 130);
INSERT INTO school (id, institution_id) VALUES (1204, 131);
INSERT INTO school (id, institution_id) VALUES (1205, 132);
INSERT INTO school (id, institution_id) VALUES (1206, 133);
INSERT INTO school (id, institution_id) VALUES (1207, 134);
INSERT INTO school (id, institution_id) VALUES (1208, 135);
INSERT INTO school (id, institution_id) VALUES (1209, 136);
INSERT INTO school (id, institution_id) VALUES (1210, 137);
INSERT INTO school (id, institution_id) VALUES (1211, 138);
INSERT INTO school (id, institution_id) VALUES (1212, 139);
INSERT INTO school (id, institution_id) VALUES (1213, 140);
INSERT INTO school (id, institution_id) VALUES (1214, 141);
INSERT INTO school (id, institution_id) VALUES (1215, 142);
INSERT INTO school (id, institution_id) VALUES (1216, 143);
INSERT INTO school (id, institution_id) VALUES (1217, 144);
INSERT INTO school (id, institution_id) VALUES (1219, 146);
INSERT INTO school (id, institution_id) VALUES (1220, 147);
INSERT INTO school (id, institution_id) VALUES (1221, 148);


--
-- TOC entry 2446 (class 0 OID 135461)
-- Dependencies: 235
-- Data for Name: school_name; Type: TABLE DATA; Schema: public; Owner: apella
--

INSERT INTO school_name (school_id, name, locale) VALUES (1, '-', 'el');
INSERT INTO school_name (school_id, name, locale) VALUES (2, 'ΔΙΟΙΚΗΣΗΣ & ΟΙΚΟΝΟΜΙΑΣ', 'el');
INSERT INTO school_name (school_id, name, locale) VALUES (3, 'ΕΠΑΓΓΕΛΜΑΤΩΝ ΥΓΕΙΑΣ & ΠΡΟΝΟΙΑΣ', 'el');
INSERT INTO school_name (school_id, name, locale) VALUES (4, 'ΤΕΧΝΟΛΟΓΙΑΣ ΓΕΩΠΟΝΙΑΣ ΚΑΙ ΤΕΧΝΟΛΟΓΙΑΣ ΤΡΟΦΙΜΩΝ ΚΑΙ ΔΙΑΤΡΟΦΗΣ', 'el');
INSERT INTO school_name (school_id, name, locale) VALUES (5, 'ΤΕΧΝΟΛΟΓΙΚΩΝ ΕΦΑΡΜΟΓΩΝ', 'el');
INSERT INTO school_name (school_id, name, locale) VALUES (6, 'ΚΑΛΩΝ ΤΕΧΝΩΝ', 'el');
INSERT INTO school_name (school_id, name, locale) VALUES (7, 'ΓΕΩΠΟΝΙΑΣ, ΔΑΣΟΛΟΓΙΑΣ ΚΑΙ ΦΥΣΙΚΟΥ ΠΕΡΙΒΑΛΛΟΝΤΟΣ', 'el');
INSERT INTO school_name (school_id, name, locale) VALUES (8, 'ΕΠΙΣΤΗΜΗΣ ΦΥΣΙΚΗΣ ΑΓΩΓΗΣ ΚΑΙ ΑΘΛΗΤΙΣΜΟΥ', 'el');
INSERT INTO school_name (school_id, name, locale) VALUES (9, 'ΕΠΙΣΤΗΜΩΝ ΥΓΕΙΑΣ', 'el');
INSERT INTO school_name (school_id, name, locale) VALUES (10, 'ΘΕΟΛΟΓΙΚΗ', 'el');
INSERT INTO school_name (school_id, name, locale) VALUES (11, 'ΘΕΤΙΚΩΝ ΕΠΙΣΤΗΜΩΝ', 'el');
INSERT INTO school_name (school_id, name, locale) VALUES (12, 'ΚΑΛΩΝ ΤΕΧΝΩΝ', 'el');
INSERT INTO school_name (school_id, name, locale) VALUES (13, 'ΝΟΜΙΚΗ', 'el');
INSERT INTO school_name (school_id, name, locale) VALUES (14, 'ΟΙΚΟΝΟΜΙΚΩΝ ΚΑΙ ΠΟΛΙΤΙΚΩΝ ΕΠΙΣΤΗΜΩΝ', 'el');
INSERT INTO school_name (school_id, name, locale) VALUES (15, 'ΠΑΙΔΑΓΩΓΙΚΗ', 'el');
INSERT INTO school_name (school_id, name, locale) VALUES (16, 'ΠΟΛΥΤΕΧΝΙΚΗ', 'el');
INSERT INTO school_name (school_id, name, locale) VALUES (17, 'ΦΙΛΟΣΟΦΙΚΗ', 'el');
INSERT INTO school_name (school_id, name, locale) VALUES (18, 'ΠΑΙΔΑΓΩΓΙΚΗΣ ΚΑΙ ΤΕΧΝΟΛΟΓΙΑΣ', 'el');
INSERT INTO school_name (school_id, name, locale) VALUES (19, 'ΑΓΡΟΤΙΚΗΣ ΠΑΡΑΓΩΓΗΣ ΥΠΟΔΟΜΩΝ ΚΑΙ ΠΕΡΙΒΑΛΛΟΝΤΟΣ', 'el');
INSERT INTO school_name (school_id, name, locale) VALUES (20, 'ΤΡΟΦΙΜΩΝ ΒΙΟΤΕΧΝΟΛΟΓΙΑΣ ΚΑΙ ΑΝΑΠΤΥΞΗΣ', 'el');
INSERT INTO school_name (school_id, name, locale) VALUES (21, 'ΕΠΙΣΤΗΜΗΣ ΦΥΣΙΚΗΣ ΑΓΩΓΗΣ ΚΑΙ ΑΘΛΗΤΙΣΜΟΥ', 'el');
INSERT INTO school_name (school_id, name, locale) VALUES (22, 'ΕΠΙΣΤΗΜΩΝ ΑΓΩΓΗΣ', 'el');
INSERT INTO school_name (school_id, name, locale) VALUES (23, 'ΕΠΙΣΤΗΜΩΝ ΓΕΩΠΟΝΙΑΣ ΚΑΙ ΔΑΣΟΛΟΓΙΑΣ', 'el');
INSERT INTO school_name (school_id, name, locale) VALUES (24, 'ΕΠΙΣΤΗΜΩΝ ΥΓΕΙΑΣ', 'el');
INSERT INTO school_name (school_id, name, locale) VALUES (25, 'ΚΛΑΣΣΙΚΩΝ ΚΑΙ ΑΝΘΡΩΠΙΣΤΙΚΩΝ ΣΠΟΥΔΩΝ', 'el');
INSERT INTO school_name (school_id, name, locale) VALUES (26, 'ΚΟΙΝΩΝΙΚΩΝ ΠΟΛΙΤΙΚΩΝ ΚΑΙ ΟΙΚΟΝΟΜΙΚΩΝ ΕΠΙΣΤΗΜΩΝ', 'el');
INSERT INTO school_name (school_id, name, locale) VALUES (27, 'ΝΟΜΙΚΗ', 'el');
INSERT INTO school_name (school_id, name, locale) VALUES (28, 'ΠΟΛΥΤΕΧΝΙΚΗ', 'el');
INSERT INTO school_name (school_id, name, locale) VALUES (29, 'ΑΝΘΡΩΠΙΣΤΙΚΩΝ ΕΠΙΣΤΗΜΩΝ', 'el');
INSERT INTO school_name (school_id, name, locale) VALUES (30, 'ΕΠΙΣΤΗΜΩΝ ΤΕΧΝΟΛΟΓΙΑΣ', 'el');
INSERT INTO school_name (school_id, name, locale) VALUES (31, 'ΟΙΚΟΝΟΜΙΑΣ ΚΑΙ ΔΙΟΙΚΗΣΗΣ ΕΠΙΧΕΙΡΗΣΕΩΝ', 'el');
INSERT INTO school_name (school_id, name, locale) VALUES (32, 'ΕΠΙΣΤΗΜΗΣ ΦΥΣΙΚΗΣ ΑΓΩΓΗΣ ΚΑΙ ΑΘΛΗΤΙΣΜΟΥ', 'el');
INSERT INTO school_name (school_id, name, locale) VALUES (33, 'ΕΠΙΣΤΗΜΩΝ ΤΗΣ ΑΓΩΓΗΣ', 'el');
INSERT INTO school_name (school_id, name, locale) VALUES (34, 'ΕΠΙΣΤΗΜΩΝ ΥΓΕΙΑΣ', 'el');
INSERT INTO school_name (school_id, name, locale) VALUES (35, 'ΘΕΟΛΟΓΙΚΗ', 'el');
INSERT INTO school_name (school_id, name, locale) VALUES (36, 'ΘΕΤΙΚΩΝ ΕΠΙΣΤΗΜΩΝ', 'el');
INSERT INTO school_name (school_id, name, locale) VALUES (37, 'ΝΟΜΙΚΗ', 'el');
INSERT INTO school_name (school_id, name, locale) VALUES (38, 'ΟΙΚΟΝΟΜΙΚΩΝ ΚΑΙ ΠΟΛΙΤΙΚΩΝ ΕΠΙΣΤΗΜΩΝ', 'el');
INSERT INTO school_name (school_id, name, locale) VALUES (39, 'ΦΙΛΟΣΟΦΙΚΗ', 'el');
INSERT INTO school_name (school_id, name, locale) VALUES (40, 'ΑΓΡΟΝΟΜΩΝ ΚΑΙ ΤΟΠΟΓΡΑΦΩΝ ΜΗΧΑΝΙΚΩΝ', 'el');
INSERT INTO school_name (school_id, name, locale) VALUES (41, 'ΑΡΧΙΤΕΚΤΟΝΩΝ ΜΗΧΑΝΙΚΩΝ', 'el');
INSERT INTO school_name (school_id, name, locale) VALUES (42, 'ΕΦΑΡΜΟΣΜΕΝΩΝ ΜΑΘΗΜΑΤΙΚΩΝ ΚΑΙ ΦΥΣΙΚΩΝ ΕΠΙΣΤΗΜΩΝ', 'el');
INSERT INTO school_name (school_id, name, locale) VALUES (43, 'ΗΛΕΚΤΡΟΛΟΓΩΝ ΜΗΧΑΝΙΚΩΝ ΚΑΙ ΜΗΧΑΝΙΚΩΝ ΥΠΟΛΟΓΙΣΤΩΝ', 'el');
INSERT INTO school_name (school_id, name, locale) VALUES (44, 'ΜΗΧΑΝΙΚΩΝ ΜΕΤΑΛΛΕΙΩΝ ΜΕΤΑΛΛΟΥΡΓΩΝ', 'el');
INSERT INTO school_name (school_id, name, locale) VALUES (45, 'ΜΗΧΑΝΟΛΟΓΩΝ ΜΗΧΑΝΙΚΩΝ', 'el');
INSERT INTO school_name (school_id, name, locale) VALUES (46, 'ΝΑΥΠΗΓΩΝ ΜΗΧΑΝΟΛΟΓΩΝ ΜΗΧΑΝΙΚΩΝ', 'el');
INSERT INTO school_name (school_id, name, locale) VALUES (47, 'ΠΟΛΙΤΙΚΩΝ ΜΗΧΑΝΙΚΩΝ', 'el');
INSERT INTO school_name (school_id, name, locale) VALUES (48, 'ΧΗΜΙΚΩΝ ΜΗΧΑΝΙΚΩΝ', 'el');
INSERT INTO school_name (school_id, name, locale) VALUES (49, 'ΑΝΘΡΩΠΙΣΤΙΚΩΝ ΣΠΟΥΔΩΝ', 'el');
INSERT INTO school_name (school_id, name, locale) VALUES (50, 'ΕΦΑΡΜΟΣΜΕΝΩΝ ΤΕΧΝΩΝ', 'el');
INSERT INTO school_name (school_id, name, locale) VALUES (51, 'ΘΕΤΙΚΩΝ ΕΠΙΣΤΗΜΩΝ ΚΑΙ ΤΕΧΝΟΛΟΓΙΑΣ', 'el');
INSERT INTO school_name (school_id, name, locale) VALUES (52, 'ΚΟΙΝΩΝΙΚΩΝ ΕΠΙΣΤΗΜΩΝ', 'el');
INSERT INTO school_name (school_id, name, locale) VALUES (53, 'ΕΠΙΣΤΗΜΗΣ ΤΗΣ ΠΛΗΡΟΦΟΡΙΑΣ ΚΑΙ ΠΛΗΡΟΦΟΡΙΚΗΣ', 'el');
INSERT INTO school_name (school_id, name, locale) VALUES (54, 'ΙΣΤΟΡΙΑΣ ΚΑΙ ΜΕΤΑΦΡΑΣΗΣ-ΔΙΕΡΜΗΝΕΙΑΣ', 'el');
INSERT INTO school_name (school_id, name, locale) VALUES (55, 'ΜΟΥΣΙΚΗΣ ΚΑΙ ΟΠΤΙΚΟΑΚΟΥΣΤΙΚΩΝ ΤΕΧΝΩΝ', 'el');
INSERT INTO school_name (school_id, name, locale) VALUES (56, 'ΔΙΟΙΚΗΣΗΣ ΕΠΙΧΕΙΡΗΣΕΩΝ', 'el');
INSERT INTO school_name (school_id, name, locale) VALUES (57, 'ΕΠΙΣΤΗΜΩΝ ΚΑΙ ΤΕΧΝΟΛΟΓΙΑΣ ΤΗΣ ΠΛΗΡΟΦΟΡΙΑΣ', 'el');
INSERT INTO school_name (school_id, name, locale) VALUES (58, 'ΟΙΚΟΝΟΜΙΚΩΝ ΕΠΙΣΤΗΜΩΝ', 'el');
INSERT INTO school_name (school_id, name, locale) VALUES (59, 'ΑΝΘΡΩΠΙΣΤΙΚΩΝ ΕΠΙΣΤΗΜΩΝ', 'el');
INSERT INTO school_name (school_id, name, locale) VALUES (60, 'ΕΠΙΣΤΗΜΩΝ ΔΙΟΙΚΗΣΗΣ', 'el');
INSERT INTO school_name (school_id, name, locale) VALUES (61, 'ΘΕΤΙΚΩΝ ΕΠΙΣΤΗΜΩΝ', 'el');
INSERT INTO school_name (school_id, name, locale) VALUES (62, 'ΚΟΙΝΩΝΙΚΩΝ ΕΠΙΣΤΗΜΩΝ', 'el');
INSERT INTO school_name (school_id, name, locale) VALUES (63, 'ΠΕΡΙΒΑΛΛΟΝΤΟΣ', 'el');
INSERT INTO school_name (school_id, name, locale) VALUES (64, 'ΚΑΛΩΝ ΤΕΧΝΩΝ', 'el');
INSERT INTO school_name (school_id, name, locale) VALUES (65, 'ΠΑΙΔΑΓΩΓΙΚΗ', 'el');
INSERT INTO school_name (school_id, name, locale) VALUES (66, 'ΠΟΛΥΤΕΧΝΙΚΗ', 'el');
INSERT INTO school_name (school_id, name, locale) VALUES (67, 'ΑΝΘΡΩΠΙΣΤΙΚΩΝ ΚΑΙ ΚΟΙΝΩΝΙΚΩΝ ΕΠΙΣΤΗΜΩΝ', 'el');
INSERT INTO school_name (school_id, name, locale) VALUES (68, 'ΓΕΩΠΟΝΙΚΩΝ ΕΠΙΣΤΗΜΩΝ', 'el');
INSERT INTO school_name (school_id, name, locale) VALUES (69, 'ΕΠΙΣΤΗΜΩΝ ΥΓΕΙΑΣ', 'el');
INSERT INTO school_name (school_id, name, locale) VALUES (70, 'ΘΕΤΙΚΩΝ ΕΠΙΣΤΗΜΩΝ', 'el');
INSERT INTO school_name (school_id, name, locale) VALUES (71, 'ΠΟΛΥΤΕΧΝΙΚΗ', 'el');
INSERT INTO school_name (school_id, name, locale) VALUES (72, 'ΕΠΙΣΤΗΜΩΝ ΑΓΩΓΗΣ', 'el');
INSERT INTO school_name (school_id, name, locale) VALUES (73, 'ΕΠΙΣΤΗΜΩΝ ΥΓΕΙΑΣ', 'el');
INSERT INTO school_name (school_id, name, locale) VALUES (74, 'ΘΕΤΙΚΩΝ ΕΠΙΣΤΗΜΩΝ', 'el');
INSERT INTO school_name (school_id, name, locale) VALUES (75, 'ΚΑΛΩΝ ΤΕΧΝΩΝ', 'el');
INSERT INTO school_name (school_id, name, locale) VALUES (76, 'ΟΙΚΟΝΟΜΙΚΩΝ ΚΑΙ ΚΟΙΝΩΝΙΚΩΝ ΕΠΙΣΤΗΜΩΝ', 'el');
INSERT INTO school_name (school_id, name, locale) VALUES (77, 'ΦΙΛΟΣΟΦΙΚΗ', 'el');
INSERT INTO school_name (school_id, name, locale) VALUES (78, 'ΕΠΙΣΤΗΜΩΝ ΑΓΩΓΗΣ', 'el');
INSERT INTO school_name (school_id, name, locale) VALUES (79, 'ΕΠΙΣΤΗΜΩΝ ΥΓΕΙΑΣ', 'el');
INSERT INTO school_name (school_id, name, locale) VALUES (80, 'ΘΕΤΙΚΩΝ & ΤΕΧΝΟΛΟΓΙΚΩΝ ΕΠΙΣΤΗΜΩΝ', 'el');
INSERT INTO school_name (school_id, name, locale) VALUES (81, 'ΚΟΙΝΩΝΙΚΩΝ, ΟΙΚΟΝΟΜΙΚΩΝ ΚΑΙ ΠΟΛΙΤΙΚΩΝ ΕΠΙΣΤΗΜΩΝ', 'el');
INSERT INTO school_name (school_id, name, locale) VALUES (82, 'ΦΙΛΟΣΟΦΙΚΗ', 'el');
INSERT INTO school_name (school_id, name, locale) VALUES (83, 'ΕΠΙΣΤΗΜΩΝ ΔΙΟΙΚΗΣΗΣ ΕΠΙΧΕΙΡΗΣΕΩΝ', 'el');
INSERT INTO school_name (school_id, name, locale) VALUES (84, 'ΕΠΙΣΤΗΜΩΝ ΠΛΗΡΟΦΟΡΙΑΣ', 'el');
INSERT INTO school_name (school_id, name, locale) VALUES (85, 'ΚΟΙΝΩΝΙΚΩΝ, ΑΝΘΡΩΠΙΣΤΙΚΩΝ ΕΠΙΣΤΗΜΩΝ ΚΑΙ ΤΕΧΝΩΝ', 'el');
INSERT INTO school_name (school_id, name, locale) VALUES (86, 'ΟΙΚΟΝΟΜΙΚΩΝ ΚΑΙ ΠΕΡΙΦΕΡΕΙΑΚΩΝ ΣΠΟΥΔΩΝ', 'el');
INSERT INTO school_name (school_id, name, locale) VALUES (87, 'ΑΝΘΡΩΠΙΣΤΙΚΩΝ ΚΑΙ ΚΟΙΝΩΝΙΚΩΝ ΕΠΙΣΤΗΜΩΝ', 'el');
INSERT INTO school_name (school_id, name, locale) VALUES (88, 'ΕΠΙΣΤΗΜΩΝ ΥΓΕΙΑΣ', 'el');
INSERT INTO school_name (school_id, name, locale) VALUES (89, 'ΘΕΤΙΚΩΝ ΕΠΙΣΤΗΜΩΝ', 'el');
INSERT INTO school_name (school_id, name, locale) VALUES (90, 'ΟΡΓΑΝΩΣΗΣ ΚΑΙ ΔΙΟΙΚΗΣΗΣ ΕΠΙΧΕΙΡΗΣΕΩΝ', 'el');
INSERT INTO school_name (school_id, name, locale) VALUES (91, 'ΠΟΛΥΤΕΧΝΙΚΗ', 'el');
INSERT INTO school_name (school_id, name, locale) VALUES (92, 'ΝΑΥΤΙΛΙΑΣ ΚΑΙ ΒΙΟΜΗΧΑΝΙΑΣ', 'el');
INSERT INTO school_name (school_id, name, locale) VALUES (93, 'ΟΙΚΟΝΟΜΙΚΩΝ, ΕΠΙΧΕΙΡΗΜΑΤΙΚΩΝ ΚΑΙ ΔΙΕΘΝΩΝ ΣΠΟΥΔΩΝ', 'el');
INSERT INTO school_name (school_id, name, locale) VALUES (94, 'ΤΕΧΝΟΛΟΓΙΩΝ ΠΛΗΡΟΦΟΡΙΚΗΣ ΚΑΙ ΕΠΙΚΟΙΝΩΝΙΩΝ', 'el');
INSERT INTO school_name (school_id, name, locale) VALUES (95, 'ΧΡΗΜΑΤΟΟΙΚΟΝΟΜΙΚΗΣ ΚΑΙ ΣΤΑΤΙΣΤΙΚΗΣ', 'el');
INSERT INTO school_name (school_id, name, locale) VALUES (96, 'ΑΝΘΡΩΠΙΣΤΙΚΩΝ ΕΠΙΣΤΗΜΩΝ ΚΑΙ ΠΟΛΙΤΙΣΜΙΚΩΝ ΣΠΟΥΔΩΝ', 'el');
INSERT INTO school_name (school_id, name, locale) VALUES (97, 'ΕΠΙΣΤΗΜΩΝ ΑΝΘΡΩΠΙΝΗΣ ΚΙΝΗΣΗΣ ΚΑΙ ΠΟΙΟΤΗΤΑΣ ΤΗΣ ΖΩΗΣ', 'el');
INSERT INTO school_name (school_id, name, locale) VALUES (98, 'ΚΑΛΩΝ ΤΕΧΝΩΝ', 'el');
INSERT INTO school_name (school_id, name, locale) VALUES (99, 'ΚΟΙΝΩΝΙΚΩΝ ΚΑΙ ΠΟΛΙΤΙΚΩΝ ΕΠΙΣΤΗΜΩΝ', 'el');
INSERT INTO school_name (school_id, name, locale) VALUES (100, 'ΟΙΚΟΝΟΜΙΑΣ, ΔΙΟΙΚΗΣΗΣ ΚΑΙ ΠΛΗΡΟΦΟΡΙΚΗΣ', 'el');
INSERT INTO school_name (school_id, name, locale) VALUES (101, 'ΔΙΕΘΝΩΝ ΣΠΟΥΔΩΝ ΕΠΙΚΟΙΝΩΝΙΑΣ ΚΑΙ ΠΟΛΙΤΙΣΜΟΥ', 'el');
INSERT INTO school_name (school_id, name, locale) VALUES (102, 'ΕΠΙΣΤΗΜΩΝ ΟΙΚΟΝΟΜΙΑΣ ΚΑΙ ΔΗΜΟΣΙΑΣ ΔΙΟΙΚΗΣΗΣ', 'el');
INSERT INTO school_name (school_id, name, locale) VALUES (103, 'ΚΟΙΝΩΝΙΚΩΝ ΕΠΙΣΤΗΜΩΝ ΚΑΙ ΨΥΧΟΛΟΓΙΑΣ', 'el');
INSERT INTO school_name (school_id, name, locale) VALUES (104, 'ΠΟΛΙΤΙΚΩΝ ΕΠΙΣΤΗΜΩΝ', 'el');
INSERT INTO school_name (school_id, name, locale) VALUES (105, 'ΑΡΧΙΤΕΚΤΟΝΩΝ ΜΗΧΑΝΙΚΩΝ', 'el');
INSERT INTO school_name (school_id, name, locale) VALUES (106, 'ΗΛΕΚΤΡΟΝΙΚΩΝ ΜΗΧΑΝΙΚΩΝ ΚΑΙ ΜΗΧΑΝΙΚΩΝ ΥΠΟΛΟΓΙΣΤΩΝ', 'el');
INSERT INTO school_name (school_id, name, locale) VALUES (107, 'ΜΗΧΑΝΙΚΩΝ ΟΡΥΚΤΩΝ ΠΟΡΩΝ', 'el');
INSERT INTO school_name (school_id, name, locale) VALUES (108, 'ΜΗΧΑΝΙΚΩΝ ΠΑΡΑΓΩΓΗΣ ΚΑΙ ΔΙΟΙΚΗΣΗΣ', 'el');
INSERT INTO school_name (school_id, name, locale) VALUES (109, 'ΜΗΧΑΝΙΚΩΝ ΠΕΡΙΒΑΛΛΟΝΤΟΣ', 'el');
INSERT INTO school_name (school_id, name, locale) VALUES (110, 'ΔΙΟΙΚΗΣΗΣ & ΟΙΚΟΝΟΜΙΑΣ', 'el');
INSERT INTO school_name (school_id, name, locale) VALUES (111, 'ΕΠΑΓΓΕΛΜΑΤΩΝ ΥΓΕΙΑΣ & ΠΡΟΝΟΙΑΣ', 'el');
INSERT INTO school_name (school_id, name, locale) VALUES (112, 'ΚΑΛΛΙΤΕΧΝΙΚΩΝ ΣΠΟΥΔΩΝ', 'el');
INSERT INTO school_name (school_id, name, locale) VALUES (113, 'ΤΕΧΝΟΛ. ΤΡΟΦΙΜΩΝ & ΔΙΑΤΡΟΦΗΣ', 'el');
INSERT INTO school_name (school_id, name, locale) VALUES (114, 'ΤΕΧΝΟΛΟΓΙΚΩΝ ΕΦΑΡΜΟΓΩΝ', 'el');
INSERT INTO school_name (school_id, name, locale) VALUES (115, 'ΔΙΟΙΚΗΣΗΣ & ΟΙΚΟΝΟΜΙΑΣ', 'el');
INSERT INTO school_name (school_id, name, locale) VALUES (116, 'ΕΠΑΓΓΕΛΜΑΤΩΝ ΥΓΕΙΑΣ & ΠΡΟΝΟΙΑΣ', 'el');
INSERT INTO school_name (school_id, name, locale) VALUES (117, 'ΤΕΧΝΟΛΟΓΙΑΣ ΓΕΩΠΟΝΙΑΣ', 'el');
INSERT INTO school_name (school_id, name, locale) VALUES (118, 'ΤΕΧΝΟΛΟΓΙΑΣ ΓΕΩΠΟΝΙΑΣ ΚΑΙ ΤΕΧΝΟΛΟΓΙΑΣ ΤΡΟΦΙΜΩΝ ΚΑΙ ΔΙΑΤΡΟΦΗΣ', 'el');
INSERT INTO school_name (school_id, name, locale) VALUES (119, 'ΤΕΧΝΟΛΟΓΙΚΩΝ ΕΦΑΡΜΟΓΩΝ', 'el');
INSERT INTO school_name (school_id, name, locale) VALUES (120, '-', 'el');
INSERT INTO school_name (school_id, name, locale) VALUES (122, 'ΔΙΟΙΚΗΣΗΣ & ΟΙΚΟΝΟΜΙΑΣ', 'el');
INSERT INTO school_name (school_id, name, locale) VALUES (124, 'ΕΠΑΓΓΕΛΜΑΤΩΝ ΥΓΕΙΑΣ & ΠΡΟΝΟΙΑΣ', 'el');
INSERT INTO school_name (school_id, name, locale) VALUES (125, 'ΤΕΧΝΟΛΟΓΙΑΣ ΓΕΩΠΟΝΙΑΣ', 'el');
INSERT INTO school_name (school_id, name, locale) VALUES (126, 'ΤΕΧΝΟΛΟΓΙΑΣ ΓΕΩΠΟΝΙΑΣ ΚΑΙ ΤΕΧΝΟΛΟΓΙΑΣ ΤΡΟΦΙΜΩΝ ΚΑΙ ΔΙΑΤΡΟΦΗΣ', 'el');
INSERT INTO school_name (school_id, name, locale) VALUES (127, 'ΤΕΧΝΟΛΟΓΙΚΩΝ ΕΦΑΡΜΟΓΩΝ', 'el');
INSERT INTO school_name (school_id, name, locale) VALUES (128, '-', 'el');
INSERT INTO school_name (school_id, name, locale) VALUES (129, 'ΔΙΟΙΚΗΣΗΣ & ΟΙΚΟΝΟΜΙΑΣ', 'el');
INSERT INTO school_name (school_id, name, locale) VALUES (130, 'ΔΙΟΙΚΗΣΗΣ ΟΙΚΟΝΟΜΙΑΣ', 'el');
INSERT INTO school_name (school_id, name, locale) VALUES (131, 'ΕΠΑΓΓΕΛΜΑΤΩΝ ΥΓΕΙΑΣ & ΠΡΟΝΟΙΑΣ', 'el');
INSERT INTO school_name (school_id, name, locale) VALUES (132, 'ΤΕΧΝΟΛΟΓΙΑΣ ΓΕΩΠΟΝΙΑΣ ΚΑΙ ΤΕΧΝΟΛΟΓΙΑΣ ΤΡΟΦΙΜΩΝ ΚΑΙ ΔΙΑΤΡΟΦΗΣ', 'el');
INSERT INTO school_name (school_id, name, locale) VALUES (133, 'ΤΕΧΝΟΛΟΓΙΚΩΝ ΕΦΑΡΜΟΓΩΝ', 'el');
INSERT INTO school_name (school_id, name, locale) VALUES (134, 'ΔΙΟΙΚΗΣΗΣ & ΟΙΚΟΝΟΜΙΑΣ', 'el');
INSERT INTO school_name (school_id, name, locale) VALUES (135, 'ΕΠΑΓΓΕΛΜΑΤΩΝ ΥΓΕΙΑΣ & ΠΡΟΝΟΙΑΣ', 'el');
INSERT INTO school_name (school_id, name, locale) VALUES (136, 'ΤΕΧΝΟΛΟΓΙΑΣ ΓΕΩΠΟΝΙΑΣ ΚΑΙ ΤΕΧΝΟΛΟΓΙΑΣ ΤΡΟΦΙΜΩΝ ΚΑΙ ΔΙΑΤΡΟΦΗΣ', 'el');
INSERT INTO school_name (school_id, name, locale) VALUES (137, 'ΤΕΧΝΟΛΟΓΙΑΣ ΗΧΟΥ ΚΑΙ ΜΟΥΣΙΚΩΝ ΟΡΓΑΝΩΝ', 'el');
INSERT INTO school_name (school_id, name, locale) VALUES (138, 'ΤΕΧΝΟΛΟΓΙΚΩΝ ΕΦΑΡΜΟΓΩΝ', 'el');
INSERT INTO school_name (school_id, name, locale) VALUES (139, 'ΔΙΟΙΚΗΣΗΣ & ΟΙΚΟΝΟΜΙΑΣ', 'el');
INSERT INTO school_name (school_id, name, locale) VALUES (140, 'ΕΠΑΓΓΕΛΜΑΤΩΝ ΥΓΕΙΑΣ & ΠΡΟΝΟΙΑΣ', 'el');
INSERT INTO school_name (school_id, name, locale) VALUES (141, 'ΠΑΡΑΡΤΗΜΑ ΚΑΡΔΙΤΣΑΣ', 'el');
INSERT INTO school_name (school_id, name, locale) VALUES (142, 'ΤΕΧΝΟΛΟΓΙΑΣ ΓΕΩΠΟΝΙΑΣ', 'el');
INSERT INTO school_name (school_id, name, locale) VALUES (143, 'ΤΕΧΝΟΛΟΓΙΑΣ ΓΕΩΠΟΝΙΑΣ ΚΑΙ ΤΕΧΝΟΛΟΓΙΑΣ ΤΡΟΦΙΜΩΝ ΚΑΙ ΔΙΑΤΡΟΦΗΣ', 'el');
INSERT INTO school_name (school_id, name, locale) VALUES (144, 'ΤΕΧΝΟΛΟΓΙΚΩΝ ΕΦΑΡΜΟΓΩΝ', 'el');
INSERT INTO school_name (school_id, name, locale) VALUES (145, '-', 'el');
INSERT INTO school_name (school_id, name, locale) VALUES (146, 'ΔΙΟΙΚΗΣΗΣ ΚΑΙ ΟΙΚΟΝΟΜΙΑΣ', 'el');
INSERT INTO school_name (school_id, name, locale) VALUES (147, 'ΜΟΥΣΙΚΗΣ ΤΕΧΝΟΛΟΓΙΑΣ', 'el');
INSERT INTO school_name (school_id, name, locale) VALUES (148, 'ΤΕΧΝΟΛΟΓΙΑΣ ΓΕΩΠΟΝΙΑΣ ΚΑΙ ΤΕΧΝΟΛΟΓΙΑΣ ΤΡΟΦΙΜΩΝ ΚΑΙ ΔΙΑΤΡΟΦΗΣ', 'el');
INSERT INTO school_name (school_id, name, locale) VALUES (149, 'ΤΕΧΝΟΛΟΓΙΚΩΝ ΕΦΑΡΜΟΓΩΝ', 'el');
INSERT INTO school_name (school_id, name, locale) VALUES (150, 'ΔΙΟΙΚΗΣΗΣ & ΟΙΚΟΝΟΜΙΑΣ', 'el');
INSERT INTO school_name (school_id, name, locale) VALUES (151, 'ΣΧΟΛΗ ΓΡΑΦΙΚΩΝ ΤΕΧΝΩΝ & ΚΑΛΛΙΤΕΧΝΙΚΩΝ ΣΠΟΥΔΩΝ', 'el');
INSERT INTO school_name (school_id, name, locale) VALUES (152, 'ΤΕΧΝΟΛΟΓΙΚΩΝ ΕΦΑΡΜΟΓΩΝ', 'el');
INSERT INTO school_name (school_id, name, locale) VALUES (153, '-', 'el');
INSERT INTO school_name (school_id, name, locale) VALUES (154, 'ΔΙΟΙΚΗΣΗΣ & ΟΙΚΟΝΟΜΙΑΣ', 'el');
INSERT INTO school_name (school_id, name, locale) VALUES (155, 'ΕΠΑΓΓΕΛΜΑΤΩΝ ΥΓΕΙΑΣ & ΠΡΟΝΟΙΑΣ', 'el');
INSERT INTO school_name (school_id, name, locale) VALUES (156, 'ΕΦΑΡΜΟΣΜΕΝΩΝ ΕΠΙΣΤΗΜΩΝ', 'el');
INSERT INTO school_name (school_id, name, locale) VALUES (157, 'ΤΕΧΝΟΛΟΓΙΑΣ ΓΕΩΠΟΝΙΑΣ ΚΑΙ ΤΕΧΝΟΛΟΓΙΑΣ ΤΡΟΦΙΜΩΝ', 'el');
INSERT INTO school_name (school_id, name, locale) VALUES (158, 'ΤΕΧΝΟΛΟΓΙΚΩΝ ΕΦΑΡΜΟΓΩΝ', 'el');
INSERT INTO school_name (school_id, name, locale) VALUES (159, 'ΔΙΟΙΚΗΣΗΣ & ΟΙΚΟΝΟΜΙΑΣ', 'el');
INSERT INTO school_name (school_id, name, locale) VALUES (160, 'ΤΕΧΝΟΛΟΓΙΚΩΝ ΕΦΑΡΜΟΓΩΝ', 'el');
INSERT INTO school_name (school_id, name, locale) VALUES (161, '-', 'el');
INSERT INTO school_name (school_id, name, locale) VALUES (162, 'ΔΙΟΙΚΗΣΗΣ & ΟΙΚΟΝΟΜΙΑΣ', 'el');
INSERT INTO school_name (school_id, name, locale) VALUES (164, 'ΤΕΧΝΟΛΟΓΙΑΣ ΓΕΩΠΟΝΙΑΣ ΚΑΙ ΤΕΧΝΟΛΟΓΙΑΣ ΤΡΟΦΙΜΩΝ ΚΑΙ ΔΙΑΤΡΟΦΗΣ', 'el');
INSERT INTO school_name (school_id, name, locale) VALUES (165, 'ΤΕΧΝΟΛΟΓΙΚΩΝ ΕΦΑΡΜΟΓΩΝ', 'el');
INSERT INTO school_name (school_id, name, locale) VALUES (166, '-', 'el');
INSERT INTO school_name (school_id, name, locale) VALUES (167, 'ΔΙΟΙΚΗΣΗΣ & ΟΙΚΟΝΟΜΙΑΣ', 'el');
INSERT INTO school_name (school_id, name, locale) VALUES (168, 'ΕΠΑΓΓΕΛΜΑΤΩΝ ΥΓΕΙΑΣ & ΠΡΟΝΟΙΑΣ', 'el');
INSERT INTO school_name (school_id, name, locale) VALUES (169, 'ΤΕΧΝΟΛΟΓΙΑΣ ΓΕΩΠΟΝΙΑΣ ΚΑΙ ΤΕΧΝΟΛΟΓΙΑΣ ΤΡΟΦΙΜΩΝ ΚΑΙ ΔΙΑΤΡΟΦΗΣ', 'el');
INSERT INTO school_name (school_id, name, locale) VALUES (170, 'ΤΕΧΝΟΛΟΓΙΚΩΝ ΕΦΑΡΜΟΓΩΝ', 'el');
INSERT INTO school_name (school_id, name, locale) VALUES (171, 'ΕΠΙΣΤΗΜΩΝ ΥΓΕΙΑΣ ΚΑΙ ΑΓΩΓΗΣ', 'el');
INSERT INTO school_name (school_id, name, locale) VALUES (172, 'ΠΕΡΙΒΑΛΛΟΝΤΟΣ ΓΕΩΓΡΑΦΙΑΣ ΚΑΙ ΕΦΑΡΜΟΣΜΕΝΩΝ ΟΙΚΟΝΟΜΙΚΩΝ', 'el');
INSERT INTO school_name (school_id, name, locale) VALUES (173, 'ΨΗΦΙΑΚΗΣ ΤΕΧΝΟΛΟΓΙΑΣ', 'el');
INSERT INTO school_name (school_id, name, locale) VALUES (1174, '-', 'el');
INSERT INTO school_name (school_id, name, locale) VALUES (1175, '-', 'el');
INSERT INTO school_name (school_id, name, locale) VALUES (1176, '-', 'el');
INSERT INTO school_name (school_id, name, locale) VALUES (1177, '-', 'el');
INSERT INTO school_name (school_id, name, locale) VALUES (1178, '-', 'el');
INSERT INTO school_name (school_id, name, locale) VALUES (1179, '-', 'el');
INSERT INTO school_name (school_id, name, locale) VALUES (1180, '-', 'el');
INSERT INTO school_name (school_id, name, locale) VALUES (1181, '-', 'el');
INSERT INTO school_name (school_id, name, locale) VALUES (1182, '-', 'el');
INSERT INTO school_name (school_id, name, locale) VALUES (1183, '-', 'el');
INSERT INTO school_name (school_id, name, locale) VALUES (1184, '-', 'el');
INSERT INTO school_name (school_id, name, locale) VALUES (1185, '-', 'el');
INSERT INTO school_name (school_id, name, locale) VALUES (1186, '-', 'el');
INSERT INTO school_name (school_id, name, locale) VALUES (1187, '-', 'el');
INSERT INTO school_name (school_id, name, locale) VALUES (1188, '-', 'el');
INSERT INTO school_name (school_id, name, locale) VALUES (1189, '-', 'el');
INSERT INTO school_name (school_id, name, locale) VALUES (1190, '-', 'el');
INSERT INTO school_name (school_id, name, locale) VALUES (1191, '-', 'el');
INSERT INTO school_name (school_id, name, locale) VALUES (1192, '-', 'el');
INSERT INTO school_name (school_id, name, locale) VALUES (1193, '-', 'el');
INSERT INTO school_name (school_id, name, locale) VALUES (1194, '-', 'el');
INSERT INTO school_name (school_id, name, locale) VALUES (1195, '-', 'el');
INSERT INTO school_name (school_id, name, locale) VALUES (1196, '-', 'el');
INSERT INTO school_name (school_id, name, locale) VALUES (1197, '-', 'el');
INSERT INTO school_name (school_id, name, locale) VALUES (1198, '-', 'el');
INSERT INTO school_name (school_id, name, locale) VALUES (1199, '-', 'el');
INSERT INTO school_name (school_id, name, locale) VALUES (1200, '-', 'el');
INSERT INTO school_name (school_id, name, locale) VALUES (1201, '-', 'el');
INSERT INTO school_name (school_id, name, locale) VALUES (1202, '-', 'el');
INSERT INTO school_name (school_id, name, locale) VALUES (1203, '-', 'el');
INSERT INTO school_name (school_id, name, locale) VALUES (1205, '-', 'el');
INSERT INTO school_name (school_id, name, locale) VALUES (1206, '-', 'el');
INSERT INTO school_name (school_id, name, locale) VALUES (1207, '-', 'el');
INSERT INTO school_name (school_id, name, locale) VALUES (1208, '-', 'el');
INSERT INTO school_name (school_id, name, locale) VALUES (1209, '-', 'el');
INSERT INTO school_name (school_id, name, locale) VALUES (1210, '-', 'el');
INSERT INTO school_name (school_id, name, locale) VALUES (1211, '-', 'el');
INSERT INTO school_name (school_id, name, locale) VALUES (1212, '-', 'el');
INSERT INTO school_name (school_id, name, locale) VALUES (1213, '-', 'el');
INSERT INTO school_name (school_id, name, locale) VALUES (1214, '-', 'el');
INSERT INTO school_name (school_id, name, locale) VALUES (1215, '-', 'el');
INSERT INTO school_name (school_id, name, locale) VALUES (1216, '-', 'el');
INSERT INTO school_name (school_id, name, locale) VALUES (1217, '-', 'el');
INSERT INTO school_name (school_id, name, locale) VALUES (1219, '-', 'el');
INSERT INTO school_name (school_id, name, locale) VALUES (1220, '-', 'el');
INSERT INTO school_name (school_id, name, locale) VALUES (1221, '-', 'el');
INSERT INTO school_name (school_id, name, locale) VALUES (1, '-', 'en');
INSERT INTO school_name (school_id, name, locale) VALUES (2, 'BUSINESS ADMINISTRATION AND ECONOMICS', 'en');
INSERT INTO school_name (school_id, name, locale) VALUES (3, 'HEALTH AND MEDICAL CARE', 'en');
INSERT INTO school_name (school_id, name, locale) VALUES (4, 'FOOD TECHNOLOGY AND NUTRITION', 'en');
INSERT INTO school_name (school_id, name, locale) VALUES (5, 'TECHNOLOGICAL APPLICATIONS', 'en');
INSERT INTO school_name (school_id, name, locale) VALUES (6, 'FINE ARTS', 'en');
INSERT INTO school_name (school_id, name, locale) VALUES (7, 'AGRICULTURE, FORESTRY AND NATURAL ENVIRONMENT', 'en');
INSERT INTO school_name (school_id, name, locale) VALUES (8, 'PHYSICAL EDUCATION AND SPORT SCIENCES', 'en');
INSERT INTO school_name (school_id, name, locale) VALUES (9, 'HEALTH SCIENCES', 'en');
INSERT INTO school_name (school_id, name, locale) VALUES (10, 'THEOLOGY', 'en');
INSERT INTO school_name (school_id, name, locale) VALUES (11, 'SCIENCE AND TECHNOLOGY  OF INFORMATION', 'en');
INSERT INTO school_name (school_id, name, locale) VALUES (12, 'FINE ARTS', 'en');
INSERT INTO school_name (school_id, name, locale) VALUES (13, 'LAW', 'en');
INSERT INTO school_name (school_id, name, locale) VALUES (14, 'ECONOMIC AND POLITICAL SCIENCES', 'en');
INSERT INTO school_name (school_id, name, locale) VALUES (15, 'EDUCATION', 'en');
INSERT INTO school_name (school_id, name, locale) VALUES (16, 'ENGINEERING', 'en');
INSERT INTO school_name (school_id, name, locale) VALUES (17, 'PHILOSOPHY', 'en');
INSERT INTO school_name (school_id, name, locale) VALUES (18, 'PEDAGOGICAL AND TECHNOLOGICAL EDUCATION', 'en');
INSERT INTO school_name (school_id, name, locale) VALUES (19, 'AGRICULTURAL PRODUCTION, INFRASTUCTURES AND ENVIRONMENT', 'en');
INSERT INTO school_name (school_id, name, locale) VALUES (20, 'FOOD, BIOTECHNOLOGY AND DEVELOPMENT', 'en');
INSERT INTO school_name (school_id, name, locale) VALUES (21, 'HUMANITIES', 'en');
INSERT INTO school_name (school_id, name, locale) VALUES (22, 'HEALTH SCIENCES', 'en');
INSERT INTO school_name (school_id, name, locale) VALUES (23, 'AGRICULTURAL SCIENCES AND FORESTRY', 'en');
INSERT INTO school_name (school_id, name, locale) VALUES (24, 'HEALTH SCIENCES', 'en');
INSERT INTO school_name (school_id, name, locale) VALUES (25, 'CLASSICS & HUMANITIES STUDIES', 'en');
INSERT INTO school_name (school_id, name, locale) VALUES (26, 'SOCIAL, POLITICAL AND ECONOMIC SCIENCES', 'en');
INSERT INTO school_name (school_id, name, locale) VALUES (27, 'LAW', 'en');
INSERT INTO school_name (school_id, name, locale) VALUES (28, 'ENGINEERING', 'en');
INSERT INTO school_name (school_id, name, locale) VALUES (29, 'ECONOMICS, BUSINESS ADMINISTRATION & LEGAL STUDIES', 'en');
INSERT INTO school_name (school_id, name, locale) VALUES (30, 'SCIENCE AND TECHNOLOGY', 'en');
INSERT INTO school_name (school_id, name, locale) VALUES (31, 'HUMANITIES', 'en');
INSERT INTO school_name (school_id, name, locale) VALUES (32, 'PHYSICAL EDUCATION AND SPORT SCIENCES', 'en');
INSERT INTO school_name (school_id, name, locale) VALUES (33, 'EDUCATIONAL SCIENCE', 'en');
INSERT INTO school_name (school_id, name, locale) VALUES (34, 'HEALTH SCIENCES', 'en');
INSERT INTO school_name (school_id, name, locale) VALUES (35, 'THEOLOGY', 'en');
INSERT INTO school_name (school_id, name, locale) VALUES (36, 'SCIENCES', 'en');
INSERT INTO school_name (school_id, name, locale) VALUES (37, 'LAW', 'en');
INSERT INTO school_name (school_id, name, locale) VALUES (38, 'LAW, ECONOMICS & POLITICAL SCIENCES', 'en');
INSERT INTO school_name (school_id, name, locale) VALUES (39, 'PHILOSOPHY', 'en');
INSERT INTO school_name (school_id, name, locale) VALUES (40, 'RURAL AND SURVEYING ENGINEERING', 'en');
INSERT INTO school_name (school_id, name, locale) VALUES (41, 'ARCHITECTURE', 'en');
INSERT INTO school_name (school_id, name, locale) VALUES (42, 'APPLIED MATHEMATICAL AND PHYSICAL SCIENCE', 'en');
INSERT INTO school_name (school_id, name, locale) VALUES (43, 'ELECTRICAL AND COMPUTER ENGINEERING', 'en');
INSERT INTO school_name (school_id, name, locale) VALUES (44, 'MINING ENGINEERING AND METALLURGY', 'en');
INSERT INTO school_name (school_id, name, locale) VALUES (45, 'MECHANICAL ENGINEERING', 'en');
INSERT INTO school_name (school_id, name, locale) VALUES (46, 'NAVAL ARCHITECTURE AND MARINE ENGINEERING', 'en');
INSERT INTO school_name (school_id, name, locale) VALUES (47, 'CIVIL ENGINEERING', 'en');
INSERT INTO school_name (school_id, name, locale) VALUES (48, 'CHEMICAL ENGINEERING', 'en');
INSERT INTO school_name (school_id, name, locale) VALUES (49, 'HUMANITIES', 'en');
INSERT INTO school_name (school_id, name, locale) VALUES (50, 'APPLIED ARTS', 'en');
INSERT INTO school_name (school_id, name, locale) VALUES (51, 'SCIENCE AND TECHNOLOGY', 'en');
INSERT INTO school_name (school_id, name, locale) VALUES (52, 'SOCIAL SCIENCIES', 'en');
INSERT INTO school_name (school_id, name, locale) VALUES (53, 'INFORMATION SCIENCE  AND INFORMATICS', 'en');
INSERT INTO school_name (school_id, name, locale) VALUES (54, 'HISTORY AND TRANSLATION-INTERPRETATION', 'en');
INSERT INTO school_name (school_id, name, locale) VALUES (55, 'MUSIC AND AUDIOVISUAL ARTS', 'en');
INSERT INTO school_name (school_id, name, locale) VALUES (56, 'BUSINESS ADMINISTRATION', 'en');
INSERT INTO school_name (school_id, name, locale) VALUES (57, 'SCIENCE AND TECHNOLOGY  OF INFORMATION', 'en');
INSERT INTO school_name (school_id, name, locale) VALUES (58, 'ECONOMICS', 'en');
INSERT INTO school_name (school_id, name, locale) VALUES (59, 'HUMANITIES', 'en');
INSERT INTO school_name (school_id, name, locale) VALUES (60, 'BUSINESS', 'en');
INSERT INTO school_name (school_id, name, locale) VALUES (61, 'SCIENCES', 'en');
INSERT INTO school_name (school_id, name, locale) VALUES (62, 'SOCIAL SCIENCES', 'en');
INSERT INTO school_name (school_id, name, locale) VALUES (63, 'THE ENVIRONMENT', 'en');
INSERT INTO school_name (school_id, name, locale) VALUES (64, 'FINE ARTS', 'en');
INSERT INTO school_name (school_id, name, locale) VALUES (65, 'EDUCATION', 'en');
INSERT INTO school_name (school_id, name, locale) VALUES (66, 'ENGINEERING', 'en');
INSERT INTO school_name (school_id, name, locale) VALUES (67, 'HUMANITIES AND SOCIAL SCIENCES', 'en');
INSERT INTO school_name (school_id, name, locale) VALUES (68, 'AGRICULTURAL SCIENCES', 'en');
INSERT INTO school_name (school_id, name, locale) VALUES (69, 'HEALTH SCIENCES', 'en');
INSERT INTO school_name (school_id, name, locale) VALUES (70, 'SCIENCES', 'en');
INSERT INTO school_name (school_id, name, locale) VALUES (71, 'ENGINEERING', 'en');
INSERT INTO school_name (school_id, name, locale) VALUES (72, 'EDUCATION', 'en');
INSERT INTO school_name (school_id, name, locale) VALUES (73, 'HEALTH SCIENCES', 'en');
INSERT INTO school_name (school_id, name, locale) VALUES (74, 'SCIENCES', 'en');
INSERT INTO school_name (school_id, name, locale) VALUES (75, 'FINE ARTS', 'en');
INSERT INTO school_name (school_id, name, locale) VALUES (76, 'ECONOMICS & SOCIAL SCIENCES', 'en');
INSERT INTO school_name (school_id, name, locale) VALUES (77, 'PHILOSOPHY', 'en');
INSERT INTO school_name (school_id, name, locale) VALUES (78, 'EDUCATION', 'en');
INSERT INTO school_name (school_id, name, locale) VALUES (79, 'HEALTH SCIENCES', 'en');
INSERT INTO school_name (school_id, name, locale) VALUES (80, 'SCIENCES & ENGINEERING', 'en');
INSERT INTO school_name (school_id, name, locale) VALUES (81, 'SOCIAL SCIENCES', 'en');
INSERT INTO school_name (school_id, name, locale) VALUES (82, 'PHILOSOPHY', 'en');
INSERT INTO school_name (school_id, name, locale) VALUES (83, 'BUSINESS ADMINISTRATION', 'en');
INSERT INTO school_name (school_id, name, locale) VALUES (84, 'INFORMATION SCIENCES', 'en');
INSERT INTO school_name (school_id, name, locale) VALUES (85, 'SOCIAL SCIENCES, HUMANITIES AND ARTS', 'en');
INSERT INTO school_name (school_id, name, locale) VALUES (86, 'ECONOMIC AND REGIONAL STUDIES', 'en');
INSERT INTO school_name (school_id, name, locale) VALUES (87, 'HUMANITIES AND SOCIAL SCIENCES', 'en');
INSERT INTO school_name (school_id, name, locale) VALUES (88, 'HEALTH SCIENCES', 'en');
INSERT INTO school_name (school_id, name, locale) VALUES (89, 'SCIENCES', 'en');
INSERT INTO school_name (school_id, name, locale) VALUES (90, 'BUSINESS ADMINISTRATION', 'en');
INSERT INTO school_name (school_id, name, locale) VALUES (91, 'ENGINEERING', 'en');
INSERT INTO school_name (school_id, name, locale) VALUES (92, 'SHIPPING & INDUSTRY', 'en');
INSERT INTO school_name (school_id, name, locale) VALUES (93, 'ECONOMICS, BUSINESS AND INTERNATIONAL STUDIES', 'en');
INSERT INTO school_name (school_id, name, locale) VALUES (94, 'INFORMATION AND COMMUNICATION STUDIES', 'en');
INSERT INTO school_name (school_id, name, locale) VALUES (95, 'FINANCIAL AND STATISTICAL', 'en');
INSERT INTO school_name (school_id, name, locale) VALUES (96, 'HUMANITIES AND CULTURE STUDIES', 'en');
INSERT INTO school_name (school_id, name, locale) VALUES (97, 'HUMAN MOVEMENT AND QUALITY OF LIFE SCIENCES', 'en');
INSERT INTO school_name (school_id, name, locale) VALUES (98, 'FINE ARTS', 'en');
INSERT INTO school_name (school_id, name, locale) VALUES (99, 'SOCIAL SCIENCES', 'en');
INSERT INTO school_name (school_id, name, locale) VALUES (100, 'ECONOMY, MANAGEMENT AND INFORMATICS', 'en');
INSERT INTO school_name (school_id, name, locale) VALUES (101, 'INTERNATIONAL STUDIES OF COMMUNICATION AND CIVILISATION', 'en');
INSERT INTO school_name (school_id, name, locale) VALUES (102, 'SCIENCE OF ECONOMIC AND PUBLIC MANAGEMENT', 'en');
INSERT INTO school_name (school_id, name, locale) VALUES (103, 'SOCIAL SCIENCES AND PSYCHOLOGY', 'en');
INSERT INTO school_name (school_id, name, locale) VALUES (104, 'POLITICAL SCIENCE AND HISTORY', 'en');
INSERT INTO school_name (school_id, name, locale) VALUES (105, 'ARCHITECTURAL ENGINEERING', 'en');
INSERT INTO school_name (school_id, name, locale) VALUES (106, 'ELECTRONIC AND COMPUTER ENGINEERING', 'en');
INSERT INTO school_name (school_id, name, locale) VALUES (107, 'MINERAL RESOURCES ENGINEERING', 'en');
INSERT INTO school_name (school_id, name, locale) VALUES (108, 'PRODUCTION ENGINEERING AND MANAGEMENT', 'en');
INSERT INTO school_name (school_id, name, locale) VALUES (109, 'ENVIRONMENTAL ENGINEERING', 'en');
INSERT INTO school_name (school_id, name, locale) VALUES (110, 'BUSINESS ADMINISTRATION AND ECONOMICS', 'en');
INSERT INTO school_name (school_id, name, locale) VALUES (111, 'HEALTH AND MEDICAL CARE', 'en');
INSERT INTO school_name (school_id, name, locale) VALUES (112, 'FINE ARTS AND DESIGN', 'en');
INSERT INTO school_name (school_id, name, locale) VALUES (113, 'FOOD TECHNOLOGY AND NUTRITION', 'en');
INSERT INTO school_name (school_id, name, locale) VALUES (114, 'TECHNOLOGICAL APPLICATIONS', 'en');
INSERT INTO school_name (school_id, name, locale) VALUES (115, 'MANAGEMENT AND ECONOMICS', 'en');
INSERT INTO school_name (school_id, name, locale) VALUES (116, 'HEALTH AND MEDICAL CARE', 'en');
INSERT INTO school_name (school_id, name, locale) VALUES (117, 'AGRICULTURAL TECHNOLOGY', 'en');
INSERT INTO school_name (school_id, name, locale) VALUES (118, 'AGRICULTURAL TECHNOLOGY', 'en');
INSERT INTO school_name (school_id, name, locale) VALUES (119, 'TECHNOLOGICAL ENGINEERING', 'en');
INSERT INTO school_name (school_id, name, locale) VALUES (120, '-', 'en');
INSERT INTO school_name (school_id, name, locale) VALUES (122, 'BUSINESS ADMINISTRATION AND ECONOMICS', 'en');
INSERT INTO school_name (school_id, name, locale) VALUES (124, 'HEALTH AND MEDICAL CARE', 'en');
INSERT INTO school_name (school_id, name, locale) VALUES (125, 'AGRICULTURAL TECHNOLOGY', 'en');
INSERT INTO school_name (school_id, name, locale) VALUES (126, 'AGRICULTURE AND FOOD TECHNOLOGY AND NUTRITION', 'en');
INSERT INTO school_name (school_id, name, locale) VALUES (127, 'TECHNOLOGICAL APPLICATIONS', 'en');
INSERT INTO school_name (school_id, name, locale) VALUES (128, '-', 'en');
INSERT INTO school_name (school_id, name, locale) VALUES (129, 'BUSINESS ADMINISTRATION AND ECONOMICS', 'en');
INSERT INTO school_name (school_id, name, locale) VALUES (130, 'MANAGEMENT AND ECONOMICS', 'en');
INSERT INTO school_name (school_id, name, locale) VALUES (131, 'HEALTH AND MEDICAL CARE', 'en');
INSERT INTO school_name (school_id, name, locale) VALUES (132, 'AGRICULTURE AND FOOD TECHNOLOGY AND NUTRITION', 'en');
INSERT INTO school_name (school_id, name, locale) VALUES (133, 'TECHNOLOGICAL APPLICATIONS', 'en');
INSERT INTO school_name (school_id, name, locale) VALUES (134, 'BUSINESS ADMINISTRATION AND ECONOMICS', 'en');
INSERT INTO school_name (school_id, name, locale) VALUES (135, 'HEALTH AND MEDICAL CARE', 'en');
INSERT INTO school_name (school_id, name, locale) VALUES (136, 'TECHNOLOGICAL AGRICULTURE', 'en');
INSERT INTO school_name (school_id, name, locale) VALUES (137, 'TECHNOLOGY OF SOUND AND MUSICAL INSTRUMENTS', 'en');
INSERT INTO school_name (school_id, name, locale) VALUES (138, 'TECHNOLOGICAL APPLICATIONS', 'en');
INSERT INTO school_name (school_id, name, locale) VALUES (139, 'BUSINESS ADMINISTRATION AND ECONOMICS', 'en');
INSERT INTO school_name (school_id, name, locale) VALUES (140, 'HEALTH AND MEDICAL CARE', 'en');
INSERT INTO school_name (school_id, name, locale) VALUES (141, 'KARDITSA BRANCH', 'en');
INSERT INTO school_name (school_id, name, locale) VALUES (142, 'AGRICULTURAL TECHNOLOGY', 'en');
INSERT INTO school_name (school_id, name, locale) VALUES (143, 'AGRICULTURAL TECHNOLOGY', 'en');
INSERT INTO school_name (school_id, name, locale) VALUES (144, 'TECHNOLOGICAL APPLICATIONS', 'en');
INSERT INTO school_name (school_id, name, locale) VALUES (145, '-', 'en');
INSERT INTO school_name (school_id, name, locale) VALUES (146, 'MANAGEMENT AND ECONOMICS', 'en');
INSERT INTO school_name (school_id, name, locale) VALUES (147, 'MUSIC TECHNOLOGY', 'en');
INSERT INTO school_name (school_id, name, locale) VALUES (148, 'AGRICULTURE AND FOOD TECHNOLOGY AND NUTRITION', 'en');
INSERT INTO school_name (school_id, name, locale) VALUES (149, 'TECHNOLOGICAL APPLICATIONS', 'en');
INSERT INTO school_name (school_id, name, locale) VALUES (150, 'BUSINESS ADMINISTRATION AND ECONOMICS', 'en');
INSERT INTO school_name (school_id, name, locale) VALUES (151, 'FINE ARTS & DESIGN', 'en');
INSERT INTO school_name (school_id, name, locale) VALUES (152, 'TECHNOLOGICAL APPLICATIONS', 'en');
INSERT INTO school_name (school_id, name, locale) VALUES (153, '-', 'en');
INSERT INTO school_name (school_id, name, locale) VALUES (154, 'BUSINESS ADMINISTRATION AND ECONOMICS', 'en');
INSERT INTO school_name (school_id, name, locale) VALUES (155, 'HEALTH AND MEDICAL CARE', 'en');
INSERT INTO school_name (school_id, name, locale) VALUES (156, 'APPLIED TECNOLOGY', 'en');
INSERT INTO school_name (school_id, name, locale) VALUES (157, 'AGRICULTURAL TECHNOLOGY', 'en');
INSERT INTO school_name (school_id, name, locale) VALUES (158, 'TECHNOLOGICAL APPLICATIONS', 'en');
INSERT INTO school_name (school_id, name, locale) VALUES (159, 'BUSINESS ADMINISTRATION AND ECONOMICS', 'en');
INSERT INTO school_name (school_id, name, locale) VALUES (160, 'TECHNOLOGICAL APPLICATIONS', 'en');
INSERT INTO school_name (school_id, name, locale) VALUES (161, '-', 'en');
INSERT INTO school_name (school_id, name, locale) VALUES (162, 'BUSINESS ADMINISTRATION AND ECONOMICS', 'en');
INSERT INTO school_name (school_id, name, locale) VALUES (164, 'AGRICULTURAL TECHNOLOGY', 'en');
INSERT INTO school_name (school_id, name, locale) VALUES (165, 'TECHNOLOGICAL APPLICATIONS', 'en');
INSERT INTO school_name (school_id, name, locale) VALUES (166, '-', 'en');
INSERT INTO school_name (school_id, name, locale) VALUES (167, 'BUSINESS ADMINISTRATION AND ECONOMICS', 'en');
INSERT INTO school_name (school_id, name, locale) VALUES (168, 'HEALTH AND MEDICAL CARE', 'en');
INSERT INTO school_name (school_id, name, locale) VALUES (169, 'AGRICULTURE AND FOOD TECHNOLOGY AND NUTRITION', 'en');
INSERT INTO school_name (school_id, name, locale) VALUES (170, 'TECHNOLOGICAL APPLICATIONS', 'en');
INSERT INTO school_name (school_id, name, locale) VALUES (171, 'HEALTH & EDUCATIONAL SCIENCES', 'en');
INSERT INTO school_name (school_id, name, locale) VALUES (172, 'ENVIRONMENTAL GEOGRAPHY AND APPLIED ECONOMICS', 'en');
INSERT INTO school_name (school_id, name, locale) VALUES (173, 'DIGITAL TECHNOLOGY', 'en');
INSERT INTO school_name (school_id, name, locale) VALUES (1174, '-', 'en');
INSERT INTO school_name (school_id, name, locale) VALUES (1175, '-', 'en');
INSERT INTO school_name (school_id, name, locale) VALUES (1176, '-', 'en');
INSERT INTO school_name (school_id, name, locale) VALUES (1177, '-', 'en');
INSERT INTO school_name (school_id, name, locale) VALUES (1178, '-', 'en');
INSERT INTO school_name (school_id, name, locale) VALUES (1179, '-', 'en');
INSERT INTO school_name (school_id, name, locale) VALUES (1180, '-', 'en');
INSERT INTO school_name (school_id, name, locale) VALUES (1181, '-', 'en');
INSERT INTO school_name (school_id, name, locale) VALUES (1182, '-', 'en');
INSERT INTO school_name (school_id, name, locale) VALUES (1183, '-', 'en');
INSERT INTO school_name (school_id, name, locale) VALUES (1184, '-', 'en');
INSERT INTO school_name (school_id, name, locale) VALUES (1185, '-', 'en');
INSERT INTO school_name (school_id, name, locale) VALUES (1186, '-', 'en');
INSERT INTO school_name (school_id, name, locale) VALUES (1187, '-', 'en');
INSERT INTO school_name (school_id, name, locale) VALUES (1188, '-', 'en');
INSERT INTO school_name (school_id, name, locale) VALUES (1189, '-', 'en');
INSERT INTO school_name (school_id, name, locale) VALUES (1190, '-', 'en');
INSERT INTO school_name (school_id, name, locale) VALUES (1191, '-', 'en');
INSERT INTO school_name (school_id, name, locale) VALUES (1192, '-', 'en');
INSERT INTO school_name (school_id, name, locale) VALUES (1193, '-', 'en');
INSERT INTO school_name (school_id, name, locale) VALUES (1194, '-', 'en');
INSERT INTO school_name (school_id, name, locale) VALUES (1195, '-', 'en');
INSERT INTO school_name (school_id, name, locale) VALUES (1196, '-', 'en');
INSERT INTO school_name (school_id, name, locale) VALUES (1197, '-', 'en');
INSERT INTO school_name (school_id, name, locale) VALUES (1198, '-', 'en');
INSERT INTO school_name (school_id, name, locale) VALUES (1199, '-', 'en');
INSERT INTO school_name (school_id, name, locale) VALUES (1200, '-', 'en');
INSERT INTO school_name (school_id, name, locale) VALUES (1201, '-', 'en');
INSERT INTO school_name (school_id, name, locale) VALUES (1202, '-', 'en');
INSERT INTO school_name (school_id, name, locale) VALUES (1203, '-', 'en');
INSERT INTO school_name (school_id, name, locale) VALUES (1205, '-', 'en');
INSERT INTO school_name (school_id, name, locale) VALUES (1206, '-', 'en');
INSERT INTO school_name (school_id, name, locale) VALUES (1207, '-', 'en');
INSERT INTO school_name (school_id, name, locale) VALUES (1208, '-', 'en');
INSERT INTO school_name (school_id, name, locale) VALUES (1209, '-', 'en');
INSERT INTO school_name (school_id, name, locale) VALUES (1210, '-', 'en');
INSERT INTO school_name (school_id, name, locale) VALUES (1211, '-', 'en');
INSERT INTO school_name (school_id, name, locale) VALUES (1212, '-', 'en');
INSERT INTO school_name (school_id, name, locale) VALUES (1213, '-', 'en');
INSERT INTO school_name (school_id, name, locale) VALUES (1214, '-', 'en');
INSERT INTO school_name (school_id, name, locale) VALUES (1215, '-', 'en');
INSERT INTO school_name (school_id, name, locale) VALUES (1216, '-', 'en');
INSERT INTO school_name (school_id, name, locale) VALUES (1217, '-', 'en');
INSERT INTO school_name (school_id, name, locale) VALUES (1219, '-', 'en');
INSERT INTO school_name (school_id, name, locale) VALUES (1220, '-', 'en');
INSERT INTO school_name (school_id, name, locale) VALUES (1221, '-', 'en');


INSERT INTO department (id, school_id) VALUES (97, 26);
INSERT INTO department (id, school_id) VALUES (98, 100);
INSERT INTO department (id, school_id) VALUES (99, 70);
INSERT INTO department (id, school_id) VALUES (101, 35);
INSERT INTO department (id, school_id) VALUES (102, 87);
INSERT INTO department (id, school_id) VALUES (103, 10);
INSERT INTO department (id, school_id) VALUES (104, 96);
INSERT INTO department (id, school_id) VALUES (105, 35);
INSERT INTO department (id, school_id) VALUES (106, 25);
INSERT INTO department (id, school_id) VALUES (107, 10);
INSERT INTO department (id, school_id) VALUES (108, 25);
INSERT INTO department (id, school_id) VALUES (109, 39);
INSERT INTO department (id, school_id) VALUES (110, 39);
INSERT INTO department (id, school_id) VALUES (111, 17);
INSERT INTO department (id, school_id) VALUES (112, 17);
INSERT INTO department (id, school_id) VALUES (113, 77);
INSERT INTO department (id, school_id) VALUES (114, 77);
INSERT INTO department (id, school_id) VALUES (115, 82);
INSERT INTO department (id, school_id) VALUES (116, 82);
INSERT INTO department (id, school_id) VALUES (117, 37);
INSERT INTO department (id, school_id) VALUES (118, 39);
INSERT INTO department (id, school_id) VALUES (119, 13);
INSERT INTO department (id, school_id) VALUES (120, 17);
INSERT INTO department (id, school_id) VALUES (121, 27);
INSERT INTO department (id, school_id) VALUES (122, 77);
INSERT INTO department (id, school_id) VALUES (123, 38);
INSERT INTO department (id, school_id) VALUES (124, 102);
INSERT INTO department (id, school_id) VALUES (125, 104);
INSERT INTO department (id, school_id) VALUES (126, 103);
INSERT INTO department (id, school_id) VALUES (127, 39);
INSERT INTO department (id, school_id) VALUES (128, 33);
INSERT INTO department (id, school_id) VALUES (129, 17);
INSERT INTO department (id, school_id) VALUES (130, 72);
INSERT INTO department (id, school_id) VALUES (131, 39);
INSERT INTO department (id, school_id) VALUES (132, 78);
INSERT INTO department (id, school_id) VALUES (133, 17);
INSERT INTO department (id, school_id) VALUES (134, 15);
INSERT INTO department (id, school_id) VALUES (135, 39);
INSERT INTO department (id, school_id) VALUES (136, 87);
INSERT INTO department (id, school_id) VALUES (137, 17);
INSERT INTO department (id, school_id) VALUES (138, 82);
INSERT INTO department (id, school_id) VALUES (139, 17);
INSERT INTO department (id, school_id) VALUES (140, 15);
INSERT INTO department (id, school_id) VALUES (141, 87);
INSERT INTO department (id, school_id) VALUES (142, 22);
INSERT INTO department (id, school_id) VALUES (143, 59);
INSERT INTO department (id, school_id) VALUES (144, 172);
INSERT INTO department (id, school_id) VALUES (145, 54);
INSERT INTO department (id, school_id) VALUES (146, 39);
INSERT INTO department (id, school_id) VALUES (147, 14);
INSERT INTO department (id, school_id) VALUES (148, 38);
INSERT INTO department (id, school_id) VALUES (149, 81);
INSERT INTO department (id, school_id) VALUES (150, 58);
INSERT INTO department (id, school_id) VALUES (151, 81);
INSERT INTO department (id, school_id) VALUES (152, 102);
INSERT INTO department (id, school_id) VALUES (153, 101);
INSERT INTO department (id, school_id) VALUES (154, 33);
INSERT INTO department (id, school_id) VALUES (155, 95);
INSERT INTO department (id, school_id) VALUES (156, 72);
INSERT INTO department (id, school_id) VALUES (157, 92);
INSERT INTO department (id, school_id) VALUES (158, 78);
INSERT INTO department (id, school_id) VALUES (159, 104);
INSERT INTO department (id, school_id) VALUES (160, 22);
INSERT INTO department (id, school_id) VALUES (161, 85);
INSERT INTO department (id, school_id) VALUES (162, 59);
INSERT INTO department (id, school_id) VALUES (163, 12);
INSERT INTO department (id, school_id) VALUES (164, 67);
INSERT INTO department (id, school_id) VALUES (165, 103);
INSERT INTO department (id, school_id) VALUES (166, 67);
INSERT INTO department (id, school_id) VALUES (167, 62);
INSERT INTO department (id, school_id) VALUES (168, 12);
INSERT INTO department (id, school_id) VALUES (169, 87);
INSERT INTO department (id, school_id) VALUES (170, 103);
INSERT INTO department (id, school_id) VALUES (171, 39);
INSERT INTO department (id, school_id) VALUES (172, 17);
INSERT INTO department (id, school_id) VALUES (173, 36);
INSERT INTO department (id, school_id) VALUES (174, 85);
INSERT INTO department (id, school_id) VALUES (175, 87);
INSERT INTO department (id, school_id) VALUES (176, 86);
INSERT INTO department (id, school_id) VALUES (177, 67);
INSERT INTO department (id, school_id) VALUES (178, 67);
INSERT INTO department (id, school_id) VALUES (179, 101);
INSERT INTO department (id, school_id) VALUES (180, 60);
INSERT INTO department (id, school_id) VALUES (181, 59);
INSERT INTO department (id, school_id) VALUES (182, 39);
INSERT INTO department (id, school_id) VALUES (183, 39);
INSERT INTO department (id, school_id) VALUES (185, 75);
INSERT INTO department (id, school_id) VALUES (186, 25);
INSERT INTO department (id, school_id) VALUES (187, 99);
INSERT INTO department (id, school_id) VALUES (188, 38);
INSERT INTO department (id, school_id) VALUES (189, 96);
INSERT INTO department (id, school_id) VALUES (190, 97);
INSERT INTO department (id, school_id) VALUES (192, 39);
INSERT INTO department (id, school_id) VALUES (200, 80);
INSERT INTO department (id, school_id) VALUES (201, 47);
INSERT INTO department (id, school_id) VALUES (203, 16);
INSERT INTO department (id, school_id) VALUES (205, 91);
INSERT INTO department (id, school_id) VALUES (207, 28);
INSERT INTO department (id, school_id) VALUES (208, 71);
INSERT INTO department (id, school_id) VALUES (209, 45);
INSERT INTO department (id, school_id) VALUES (210, 66);
INSERT INTO department (id, school_id) VALUES (211, 16);
INSERT INTO department (id, school_id) VALUES (212, 23);
INSERT INTO department (id, school_id) VALUES (213, 91);
INSERT INTO department (id, school_id) VALUES (214, 109);
INSERT INTO department (id, school_id) VALUES (215, 91);
INSERT INTO department (id, school_id) VALUES (216, 80);
INSERT INTO department (id, school_id) VALUES (217, 43);
INSERT INTO department (id, school_id) VALUES (219, 16);
INSERT INTO department (id, school_id) VALUES (220, 71);
INSERT INTO department (id, school_id) VALUES (221, 91);
INSERT INTO department (id, school_id) VALUES (222, 60);
INSERT INTO department (id, school_id) VALUES (223, 28);
INSERT INTO department (id, school_id) VALUES (224, 28);
INSERT INTO department (id, school_id) VALUES (225, 40);
INSERT INTO department (id, school_id) VALUES (227, 16);
INSERT INTO department (id, school_id) VALUES (228, 71);
INSERT INTO department (id, school_id) VALUES (229, 46);
INSERT INTO department (id, school_id) VALUES (230, 108);
INSERT INTO department (id, school_id) VALUES (231, 41);
INSERT INTO department (id, school_id) VALUES (232, 91);
INSERT INTO department (id, school_id) VALUES (233, 16);
INSERT INTO department (id, school_id) VALUES (234, 28);
INSERT INTO department (id, school_id) VALUES (235, 48);
INSERT INTO department (id, school_id) VALUES (236, 71);
INSERT INTO department (id, school_id) VALUES (237, 16);
INSERT INTO department (id, school_id) VALUES (238, 61);
INSERT INTO department (id, school_id) VALUES (239, 91);
INSERT INTO department (id, school_id) VALUES (240, 56);
INSERT INTO department (id, school_id) VALUES (241, 44);
INSERT INTO department (id, school_id) VALUES (242, 107);
INSERT INTO department (id, school_id) VALUES (243, 36);
INSERT INTO department (id, school_id) VALUES (245, 11);
INSERT INTO department (id, school_id) VALUES (246, 42);
INSERT INTO department (id, school_id) VALUES (247, 89);
INSERT INTO department (id, school_id) VALUES (249, 74);
INSERT INTO department (id, school_id) VALUES (250, 63);
INSERT INTO department (id, school_id) VALUES (253, 36);
INSERT INTO department (id, school_id) VALUES (255, 11);
INSERT INTO department (id, school_id) VALUES (257, 89);
INSERT INTO department (id, school_id) VALUES (259, 74);
INSERT INTO department (id, school_id) VALUES (261, 80);
INSERT INTO department (id, school_id) VALUES (262, 94);
INSERT INTO department (id, school_id) VALUES (263, 36);
INSERT INTO department (id, school_id) VALUES (265, 11);
INSERT INTO department (id, school_id) VALUES (267, 89);
INSERT INTO department (id, school_id) VALUES (269, 74);
INSERT INTO department (id, school_id) VALUES (270, 80);
INSERT INTO department (id, school_id) VALUES (271, 91);
INSERT INTO department (id, school_id) VALUES (272, 74);
INSERT INTO department (id, school_id) VALUES (273, 7);
INSERT INTO department (id, school_id) VALUES (274, 68);
INSERT INTO department (id, school_id) VALUES (275, 7);
INSERT INTO department (id, school_id) VALUES (276, 63);
INSERT INTO department (id, school_id) VALUES (277, 36);
INSERT INTO department (id, school_id) VALUES (279, 11);
INSERT INTO department (id, school_id) VALUES (280, 73);
INSERT INTO department (id, school_id) VALUES (281, 89);
INSERT INTO department (id, school_id) VALUES (282, 80);
INSERT INTO department (id, school_id) VALUES (283, 36);
INSERT INTO department (id, school_id) VALUES (284, 69);
INSERT INTO department (id, school_id) VALUES (285, 11);
INSERT INTO department (id, school_id) VALUES (287, 89);
INSERT INTO department (id, school_id) VALUES (8012, 31);
INSERT INTO department (id, school_id) VALUES (288, 89);
INSERT INTO department (id, school_id) VALUES (289, 34);
INSERT INTO department (id, school_id) VALUES (290, 24);
INSERT INTO department (id, school_id) VALUES (291, 9);
INSERT INTO department (id, school_id) VALUES (293, 88);
INSERT INTO department (id, school_id) VALUES (294, 171);
INSERT INTO department (id, school_id) VALUES (295, 34);
INSERT INTO department (id, school_id) VALUES (297, 9);
INSERT INTO department (id, school_id) VALUES (299, 88);
INSERT INTO department (id, school_id) VALUES (300, 69);
INSERT INTO department (id, school_id) VALUES (301, 73);
INSERT INTO department (id, school_id) VALUES (302, 24);
INSERT INTO department (id, school_id) VALUES (303, 34);
INSERT INTO department (id, school_id) VALUES (304, 79);
INSERT INTO department (id, school_id) VALUES (305, 9);
INSERT INTO department (id, school_id) VALUES (306, 34);
INSERT INTO department (id, school_id) VALUES (307, 9);
INSERT INTO department (id, school_id) VALUES (308, 69);
INSERT INTO department (id, school_id) VALUES (309, 38);
INSERT INTO department (id, school_id) VALUES (310, 62);
INSERT INTO department (id, school_id) VALUES (311, 14);
INSERT INTO department (id, school_id) VALUES (312, 58);
INSERT INTO department (id, school_id) VALUES (313, 56);
INSERT INTO department (id, school_id) VALUES (314, 56);
INSERT INTO department (id, school_id) VALUES (315, 93);
INSERT INTO department (id, school_id) VALUES (316, 93);
INSERT INTO department (id, school_id) VALUES (317, 86);
INSERT INTO department (id, school_id) VALUES (318, 95);
INSERT INTO department (id, school_id) VALUES (319, 90);
INSERT INTO department (id, school_id) VALUES (320, 60);
INSERT INTO department (id, school_id) VALUES (321, 81);
INSERT INTO department (id, school_id) VALUES (322, 83);
INSERT INTO department (id, school_id) VALUES (323, 19);
INSERT INTO department (id, school_id) VALUES (324, 19);
INSERT INTO department (id, school_id) VALUES (325, 20);
INSERT INTO department (id, school_id) VALUES (326, 20);
INSERT INTO department (id, school_id) VALUES (327, 19);
INSERT INTO department (id, school_id) VALUES (328, 20);
INSERT INTO department (id, school_id) VALUES (329, 57);
INSERT INTO department (id, school_id) VALUES (330, 36);
INSERT INTO department (id, school_id) VALUES (331, 106);
INSERT INTO department (id, school_id) VALUES (332, 71);
INSERT INTO department (id, school_id) VALUES (333, 57);
INSERT INTO department (id, school_id) VALUES (334, 65);
INSERT INTO department (id, school_id) VALUES (335, 84);
INSERT INTO department (id, school_id) VALUES (336, 92);
INSERT INTO department (id, school_id) VALUES (337, 83);
INSERT INTO department (id, school_id) VALUES (338, 11);
INSERT INTO department (id, school_id) VALUES (339, 94);
INSERT INTO department (id, school_id) VALUES (340, 74);
INSERT INTO department (id, school_id) VALUES (341, 65);
INSERT INTO department (id, school_id) VALUES (342, 53);
INSERT INTO department (id, school_id) VALUES (344, 61);
INSERT INTO department (id, school_id) VALUES (345, 76);
INSERT INTO department (id, school_id) VALUES (346, 90);
INSERT INTO department (id, school_id) VALUES (347, 56);
INSERT INTO department (id, school_id) VALUES (348, 62);
INSERT INTO department (id, school_id) VALUES (350, 67);
INSERT INTO department (id, school_id) VALUES (351, 81);
INSERT INTO department (id, school_id) VALUES (352, 90);
INSERT INTO department (id, school_id) VALUES (353, 23);
INSERT INTO department (id, school_id) VALUES (354, 62);
INSERT INTO department (id, school_id) VALUES (355, 93);
INSERT INTO department (id, school_id) VALUES (356, 172);
INSERT INTO department (id, school_id) VALUES (357, 14);
INSERT INTO department (id, school_id) VALUES (360, 68);
INSERT INTO department (id, school_id) VALUES (361, 100);
INSERT INTO department (id, school_id) VALUES (362, 98);
INSERT INTO department (id, school_id) VALUES (363, 16);
INSERT INTO department (id, school_id) VALUES (366, 53);
INSERT INTO department (id, school_id) VALUES (367, 55);
INSERT INTO department (id, school_id) VALUES (368, 90);
INSERT INTO department (id, school_id) VALUES (369, 70);
INSERT INTO department (id, school_id) VALUES (370, 105);
INSERT INTO department (id, school_id) VALUES (371, 66);
INSERT INTO department (id, school_id) VALUES (372, 63);
INSERT INTO department (id, school_id) VALUES (384, 6);
INSERT INTO department (id, school_id) VALUES (385, 54);
INSERT INTO department (id, school_id) VALUES (400, 97);
INSERT INTO department (id, school_id) VALUES (401, 32);
INSERT INTO department (id, school_id) VALUES (402, 8);
INSERT INTO department (id, school_id) VALUES (8013, 30);
INSERT INTO department (id, school_id) VALUES (403, 8);
INSERT INTO department (id, school_id) VALUES (404, 21);
INSERT INTO department (id, school_id) VALUES (405, 67);
INSERT INTO department (id, school_id) VALUES (406, 12);
INSERT INTO department (id, school_id) VALUES (407, 55);
INSERT INTO department (id, school_id) VALUES (408, 39);
INSERT INTO department (id, school_id) VALUES (409, 85);
INSERT INTO department (id, school_id) VALUES (411, 99);
INSERT INTO department (id, school_id) VALUES (412, 173);
INSERT INTO department (id, school_id) VALUES (445, 160);
INSERT INTO department (id, school_id) VALUES (447, 5);
INSERT INTO department (id, school_id) VALUES (451, 144);
INSERT INTO department (id, school_id) VALUES (453, 158);
INSERT INTO department (id, school_id) VALUES (461, 160);
INSERT INTO department (id, school_id) VALUES (465, 127);
INSERT INTO department (id, school_id) VALUES (467, 144);
INSERT INTO department (id, school_id) VALUES (475, 152);
INSERT INTO department (id, school_id) VALUES (476, 28);
INSERT INTO department (id, school_id) VALUES (477, 18);
INSERT INTO department (id, school_id) VALUES (479, 170);
INSERT INTO department (id, school_id) VALUES (480, 114);
INSERT INTO department (id, school_id) VALUES (483, 160);
INSERT INTO department (id, school_id) VALUES (487, 127);
INSERT INTO department (id, school_id) VALUES (489, 144);
INSERT INTO department (id, school_id) VALUES (491, 158);
INSERT INTO department (id, school_id) VALUES (493, 119);
INSERT INTO department (id, school_id) VALUES (495, 133);
INSERT INTO department (id, school_id) VALUES (498, 170);
INSERT INTO department (id, school_id) VALUES (499, 170);
INSERT INTO department (id, school_id) VALUES (501, 114);
INSERT INTO department (id, school_id) VALUES (503, 160);
INSERT INTO department (id, school_id) VALUES (505, 5);
INSERT INTO department (id, school_id) VALUES (506, 170);
INSERT INTO department (id, school_id) VALUES (511, 114);
INSERT INTO department (id, school_id) VALUES (512, 114);
INSERT INTO department (id, school_id) VALUES (515, 164);
INSERT INTO department (id, school_id) VALUES (516, 5);
INSERT INTO department (id, school_id) VALUES (518, 112);
INSERT INTO department (id, school_id) VALUES (519, 112);
INSERT INTO department (id, school_id) VALUES (520, 112);
INSERT INTO department (id, school_id) VALUES (522, 144);
INSERT INTO department (id, school_id) VALUES (524, 120);
INSERT INTO department (id, school_id) VALUES (526, 153);
INSERT INTO department (id, school_id) VALUES (528, 117);
INSERT INTO department (id, school_id) VALUES (529, 165);
INSERT INTO department (id, school_id) VALUES (532, 156);
INSERT INTO department (id, school_id) VALUES (544, 125);
INSERT INTO department (id, school_id) VALUES (545, 142);
INSERT INTO department (id, school_id) VALUES (546, 148);
INSERT INTO department (id, school_id) VALUES (547, 1);
INSERT INTO department (id, school_id) VALUES (549, 150);
INSERT INTO department (id, school_id) VALUES (550, 118);
INSERT INTO department (id, school_id) VALUES (551, 169);
INSERT INTO department (id, school_id) VALUES (553, 141);
INSERT INTO department (id, school_id) VALUES (555, 126);
INSERT INTO department (id, school_id) VALUES (557, 126);
INSERT INTO department (id, school_id) VALUES (559, 159);
INSERT INTO department (id, school_id) VALUES (561, 2);
INSERT INTO department (id, school_id) VALUES (563, 122);
INSERT INTO department (id, school_id) VALUES (565, 139);
INSERT INTO department (id, school_id) VALUES (569, 115);
INSERT INTO department (id, school_id) VALUES (575, 150);
INSERT INTO department (id, school_id) VALUES (577, 167);
INSERT INTO department (id, school_id) VALUES (580, 128);
INSERT INTO department (id, school_id) VALUES (581, 110);
INSERT INTO department (id, school_id) VALUES (583, 2);
INSERT INTO department (id, school_id) VALUES (587, 115);
INSERT INTO department (id, school_id) VALUES (595, 150);
INSERT INTO department (id, school_id) VALUES (596, 130);
INSERT INTO department (id, school_id) VALUES (597, 167);
INSERT INTO department (id, school_id) VALUES (599, 110);
INSERT INTO department (id, school_id) VALUES (601, 2);
INSERT INTO department (id, school_id) VALUES (607, 122);
INSERT INTO department (id, school_id) VALUES (615, 111);
INSERT INTO department (id, school_id) VALUES (616, 124);
INSERT INTO department (id, school_id) VALUES (617, 3);
INSERT INTO department (id, school_id) VALUES (618, 124);
INSERT INTO department (id, school_id) VALUES (619, 111);
INSERT INTO department (id, school_id) VALUES (620, 135);
INSERT INTO department (id, school_id) VALUES (8014, 29);
INSERT INTO department (id, school_id) VALUES (621, 111);
INSERT INTO department (id, school_id) VALUES (623, 3);
INSERT INTO department (id, school_id) VALUES (625, 140);
INSERT INTO department (id, school_id) VALUES (627, 111);
INSERT INTO department (id, school_id) VALUES (628, 157);
INSERT INTO department (id, school_id) VALUES (629, 111);
INSERT INTO department (id, school_id) VALUES (635, 111);
INSERT INTO department (id, school_id) VALUES (637, 111);
INSERT INTO department (id, school_id) VALUES (639, 3);
INSERT INTO department (id, school_id) VALUES (641, 124);
INSERT INTO department (id, school_id) VALUES (643, 155);
INSERT INTO department (id, school_id) VALUES (644, 156);
INSERT INTO department (id, school_id) VALUES (645, 111);
INSERT INTO department (id, school_id) VALUES (647, 3);
INSERT INTO department (id, school_id) VALUES (649, 124);
INSERT INTO department (id, school_id) VALUES (651, 140);
INSERT INTO department (id, school_id) VALUES (652, 168);
INSERT INTO department (id, school_id) VALUES (653, 155);
INSERT INTO department (id, school_id) VALUES (654, 135);
INSERT INTO department (id, school_id) VALUES (655, 111);
INSERT INTO department (id, school_id) VALUES (657, 3);
INSERT INTO department (id, school_id) VALUES (659, 168);
INSERT INTO department (id, school_id) VALUES (661, 111);
INSERT INTO department (id, school_id) VALUES (662, 131);
INSERT INTO department (id, school_id) VALUES (663, 161);
INSERT INTO department (id, school_id) VALUES (690, 111);
INSERT INTO department (id, school_id) VALUES (692, 135);
INSERT INTO department (id, school_id) VALUES (694, 3);
INSERT INTO department (id, school_id) VALUES (696, 137);
INSERT INTO department (id, school_id) VALUES (697, 147);
INSERT INTO department (id, school_id) VALUES (701, 160);
INSERT INTO department (id, school_id) VALUES (703, 152);
INSERT INTO department (id, school_id) VALUES (705, 170);
INSERT INTO department (id, school_id) VALUES (709, 156);
INSERT INTO department (id, school_id) VALUES (710, 138);
INSERT INTO department (id, school_id) VALUES (711, 114);
INSERT INTO department (id, school_id) VALUES (712, 5);
INSERT INTO department (id, school_id) VALUES (713, 160);
INSERT INTO department (id, school_id) VALUES (714, 160);
INSERT INTO department (id, school_id) VALUES (716, 113);
INSERT INTO department (id, school_id) VALUES (717, 4);
INSERT INTO department (id, school_id) VALUES (718, 113);
INSERT INTO department (id, school_id) VALUES (719, 4);
INSERT INTO department (id, school_id) VALUES (720, 5);
INSERT INTO department (id, school_id) VALUES (722, 170);
INSERT INTO department (id, school_id) VALUES (723, 144);
INSERT INTO department (id, school_id) VALUES (724, 119);
INSERT INTO department (id, school_id) VALUES (725, 158);
INSERT INTO department (id, school_id) VALUES (727, 152);
INSERT INTO department (id, school_id) VALUES (730, 133);
INSERT INTO department (id, school_id) VALUES (731, 162);
INSERT INTO department (id, school_id) VALUES (735, 133);
INSERT INTO department (id, school_id) VALUES (736, 127);
INSERT INTO department (id, school_id) VALUES (737, 170);
INSERT INTO department (id, school_id) VALUES (739, 143);
INSERT INTO department (id, school_id) VALUES (740, 167);
INSERT INTO department (id, school_id) VALUES (741, 145);
INSERT INTO department (id, school_id) VALUES (742, 120);
INSERT INTO department (id, school_id) VALUES (744, 116);
INSERT INTO department (id, school_id) VALUES (745, 166);
INSERT INTO department (id, school_id) VALUES (747, 143);
INSERT INTO department (id, school_id) VALUES (750, 151);
INSERT INTO department (id, school_id) VALUES (751, 154);
INSERT INTO department (id, school_id) VALUES (752, 118);
INSERT INTO department (id, school_id) VALUES (755, 167);
INSERT INTO department (id, school_id) VALUES (756, 122);
INSERT INTO department (id, school_id) VALUES (757, 136);
INSERT INTO department (id, school_id) VALUES (758, 157);
INSERT INTO department (id, school_id) VALUES (759, 4);
INSERT INTO department (id, school_id) VALUES (760, 164);
INSERT INTO department (id, school_id) VALUES (761, 143);
INSERT INTO department (id, school_id) VALUES (762, 132);
INSERT INTO department (id, school_id) VALUES (765, 122);
INSERT INTO department (id, school_id) VALUES (766, 122);
INSERT INTO department (id, school_id) VALUES (767, 158);
INSERT INTO department (id, school_id) VALUES (768, 127);
INSERT INTO department (id, school_id) VALUES (769, 144);
INSERT INTO department (id, school_id) VALUES (772, 154);
INSERT INTO department (id, school_id) VALUES (773, 129);
INSERT INTO department (id, school_id) VALUES (774, 122);
INSERT INTO department (id, school_id) VALUES (775, 134);
INSERT INTO department (id, school_id) VALUES (776, 18);
INSERT INTO department (id, school_id) VALUES (8017, 18);
INSERT INTO department (id, school_id) VALUES (9996, 64);
INSERT INTO department (id, school_id) VALUES (9997, 6);
INSERT INTO department (id, school_id) VALUES (9998, 12);
INSERT INTO department (id, school_id) VALUES (1001, 2);
INSERT INTO department (id, school_id) VALUES (1002, 18);
INSERT INTO department (id, school_id) VALUES (1003, 26);
INSERT INTO department (id, school_id) VALUES (1004, 61);
INSERT INTO department (id, school_id) VALUES (1005, 80);
INSERT INTO department (id, school_id) VALUES (1006, 114);
INSERT INTO department (id, school_id) VALUES (1007, 112);
INSERT INTO department (id, school_id) VALUES (1008, 110);
INSERT INTO department (id, school_id) VALUES (1009, 111);
INSERT INTO department (id, school_id) VALUES (1010, 119);
INSERT INTO department (id, school_id) VALUES (1011, 133);
INSERT INTO department (id, school_id) VALUES (1012, 133);
INSERT INTO department (id, school_id) VALUES (1013, 129);
INSERT INTO department (id, school_id) VALUES (1014, 134);
INSERT INTO department (id, school_id) VALUES (1015, 139);
INSERT INTO department (id, school_id) VALUES (1016, 149);
INSERT INTO department (id, school_id) VALUES (1017, 146);
INSERT INTO department (id, school_id) VALUES (1018, 152);
INSERT INTO department (id, school_id) VALUES (1020, 154);
INSERT INTO department (id, school_id) VALUES (1021, 159);
INSERT INTO department (id, school_id) VALUES (1022, 162);
INSERT INTO department (id, school_id) VALUES (1023, 49);
INSERT INTO department (id, school_id) VALUES (1024, 50);
INSERT INTO department (id, school_id) VALUES (1025, 51);
INSERT INTO department (id, school_id) VALUES (1026, 52);
INSERT INTO department (id, school_id) VALUES (20001, 1174);
INSERT INTO department (id, school_id) VALUES (20002, 1174);
INSERT INTO department (id, school_id) VALUES (20003, 1174);
INSERT INTO department (id, school_id) VALUES (20004, 1174);
INSERT INTO department (id, school_id) VALUES (20005, 1174);
INSERT INTO department (id, school_id) VALUES (20006, 1174);
INSERT INTO department (id, school_id) VALUES (20007, 1174);
INSERT INTO department (id, school_id) VALUES (20008, 1174);
INSERT INTO department (id, school_id) VALUES (20009, 1174);
INSERT INTO department (id, school_id) VALUES (20010, 1174);
INSERT INTO department (id, school_id) VALUES (20011, 1174);
INSERT INTO department (id, school_id) VALUES (20012, 1174);
INSERT INTO department (id, school_id) VALUES (20013, 1174);
INSERT INTO department (id, school_id) VALUES (20014, 1174);
INSERT INTO department (id, school_id) VALUES (20015, 1175);
INSERT INTO department (id, school_id) VALUES (20016, 1176);
INSERT INTO department (id, school_id) VALUES (20017, 1176);
INSERT INTO department (id, school_id) VALUES (20018, 1176);
INSERT INTO department (id, school_id) VALUES (20019, 1176);
INSERT INTO department (id, school_id) VALUES (20020, 1177);
INSERT INTO department (id, school_id) VALUES (20021, 1177);
INSERT INTO department (id, school_id) VALUES (20022, 1177);
INSERT INTO department (id, school_id) VALUES (20023, 1177);
INSERT INTO department (id, school_id) VALUES (20024, 1177);
INSERT INTO department (id, school_id) VALUES (20025, 1178);
INSERT INTO department (id, school_id) VALUES (20026, 1178);
INSERT INTO department (id, school_id) VALUES (20027, 1178);
INSERT INTO department (id, school_id) VALUES (20028, 1179);
INSERT INTO department (id, school_id) VALUES (20029, 1179);
INSERT INTO department (id, school_id) VALUES (20030, 1179);
INSERT INTO department (id, school_id) VALUES (20031, 1179);
INSERT INTO department (id, school_id) VALUES (20032, 1179);
INSERT INTO department (id, school_id) VALUES (20033, 1180);
INSERT INTO department (id, school_id) VALUES (20034, 1181);
INSERT INTO department (id, school_id) VALUES (20035, 1182);
INSERT INTO department (id, school_id) VALUES (20036, 1183);
INSERT INTO department (id, school_id) VALUES (20037, 1184);
INSERT INTO department (id, school_id) VALUES (20038, 1185);
INSERT INTO department (id, school_id) VALUES (20039, 1186);
INSERT INTO department (id, school_id) VALUES (20040, 1187);
INSERT INTO department (id, school_id) VALUES (20041, 1188);
INSERT INTO department (id, school_id) VALUES (20042, 1189);
INSERT INTO department (id, school_id) VALUES (20043, 1190);
INSERT INTO department (id, school_id) VALUES (20044, 1191);
INSERT INTO department (id, school_id) VALUES (20045, 1192);
INSERT INTO department (id, school_id) VALUES (20046, 1193);
INSERT INTO department (id, school_id) VALUES (20047, 1194);
INSERT INTO department (id, school_id) VALUES (20048, 1195);
INSERT INTO department (id, school_id) VALUES (20049, 1196);
INSERT INTO department (id, school_id) VALUES (20050, 1197);
INSERT INTO department (id, school_id) VALUES (20051, 1198);
INSERT INTO department (id, school_id) VALUES (20053, 1199);
INSERT INTO department (id, school_id) VALUES (20054, 1199);
INSERT INTO department (id, school_id) VALUES (20055, 1199);
INSERT INTO department (id, school_id) VALUES (20056, 1200);
INSERT INTO department (id, school_id) VALUES (20057, 1200);
INSERT INTO department (id, school_id) VALUES (20058, 1200);
INSERT INTO department (id, school_id) VALUES (20059, 1200);
INSERT INTO department (id, school_id) VALUES (20060, 1201);
INSERT INTO department (id, school_id) VALUES (20061, 1202);
INSERT INTO department (id, school_id) VALUES (20062, 1203);
INSERT INTO department (id, school_id) VALUES (20063, 1204);
INSERT INTO department (id, school_id) VALUES (20064, 1205);
INSERT INTO department (id, school_id) VALUES (20065, 1205);
INSERT INTO department (id, school_id) VALUES (20066, 1205);
INSERT INTO department (id, school_id) VALUES (20067, 1205);
INSERT INTO department (id, school_id) VALUES (20068, 1205);
INSERT INTO department (id, school_id) VALUES (20069, 1206);
INSERT INTO department (id, school_id) VALUES (20070, 1206);
INSERT INTO department (id, school_id) VALUES (20071, 1206);
INSERT INTO department (id, school_id) VALUES (20072, 1206);
INSERT INTO department (id, school_id) VALUES (20073, 1206);
INSERT INTO department (id, school_id) VALUES (20074, 1206);
INSERT INTO department (id, school_id) VALUES (20075, 1207);
INSERT INTO department (id, school_id) VALUES (20076, 1208);
INSERT INTO department (id, school_id) VALUES (20077, 1209);
INSERT INTO department (id, school_id) VALUES (20078, 1210);
INSERT INTO department (id, school_id) VALUES (20079, 1210);
INSERT INTO department (id, school_id) VALUES (20080, 1210);
INSERT INTO department (id, school_id) VALUES (20081, 1210);
INSERT INTO department (id, school_id) VALUES (20082, 1210);
INSERT INTO department (id, school_id) VALUES (20083, 1210);
INSERT INTO department (id, school_id) VALUES (20084, 1211);
INSERT INTO department (id, school_id) VALUES (20085, 1212);
INSERT INTO department (id, school_id) VALUES (20086, 1213);
INSERT INTO department (id, school_id) VALUES (20087, 1214);
INSERT INTO department (id, school_id) VALUES (20088, 1215);
INSERT INTO department (id, school_id) VALUES (20089, 1216);
INSERT INTO department (id, school_id) VALUES (20090, 1217);
INSERT INTO department (id, school_id) VALUES (20092, 1220);
INSERT INTO department (id, school_id) VALUES (20093, 1221);
INSERT INTO department (id, school_id) VALUES (20094, 1221);
INSERT INTO department (id, school_id) VALUES (20095, 1221);
INSERT INTO department (id, school_id) VALUES (20096, 1221);
INSERT INTO department (id, school_id) VALUES (20097, 1221);
INSERT INTO department (id, school_id) VALUES (20052, 1219);
INSERT INTO department (id, school_id) VALUES (20091, 1200);


--
-- TOC entry 2444 (class 0 OID 135445)
-- Dependencies: 233
-- Data for Name: department_name; Type: TABLE DATA; Schema: public; Owner: apella
--

INSERT INTO department_name (department_id, name, locale) VALUES (97, 'ΟΙΚΟΝΟΜΙΚΩΝ ΕΠΙΣΤΗΜΩΝ', 'el');
INSERT INTO department_name (department_id, name, locale) VALUES (98, 'ΠΛΗΡΟΦΟΡΙΚΗΣ ΚΑΙ ΤΗΛΕΠΙΚΟΙΝΩΝΙΩΝ', 'el');
INSERT INTO department_name (department_id, name, locale) VALUES (99, 'ΠΛΗΡΟΦΟΡΙΚΗΣ', 'el');
INSERT INTO department_name (department_id, name, locale) VALUES (101, 'ΘΕΟΛΟΓΙΑΣ', 'el');
INSERT INTO department_name (department_id, name, locale) VALUES (102, 'ΦΙΛΟΣΟΦΙΑΣ', 'el');
INSERT INTO department_name (department_id, name, locale) VALUES (103, 'ΘΕΟΛΟΓΙΑΣ', 'el');
INSERT INTO department_name (department_id, name, locale) VALUES (104, 'ΙΣΤΟΡΙΑΣ, ΑΡΧΑΙΟΛΟΓΙΑΣ ΚΑΙ ΔΙΑΧΕΙΡΙΣΗΣ ΠΟΛΙΤΙΣΜΙΚΩΝ ΑΓΑΘΩΝ', 'el');
INSERT INTO department_name (department_id, name, locale) VALUES (105, 'ΚΟΙΝΩΝΙΚΗΣ ΘΕΟΛΟΓΙΑΣ', 'el');
INSERT INTO department_name (department_id, name, locale) VALUES (106, 'ΕΛΛΗΝΙΚΗΣ ΦΙΛΟΛΟΓΙΑΣ', 'el');
INSERT INTO department_name (department_id, name, locale) VALUES (107, 'ΠΟΙΜΑΝΤΙΚΗΣ ΚΑΙ  ΚΟΙΝΩΝΙΚΗΣ ΘΕΟΛΟΓΙΑΣ', 'el');
INSERT INTO department_name (department_id, name, locale) VALUES (108, 'ΙΣΤΟΡΙΑΣ ΚΑΙ ΕΘΝΟΛΟΓΙΑΣ', 'el');
INSERT INTO department_name (department_id, name, locale) VALUES (109, 'ΦΙΛΟΛΟΓΙΑΣ', 'el');
INSERT INTO department_name (department_id, name, locale) VALUES (110, 'ΙΣΤΟΡΙΑΣ ΚΑΙ ΑΡΧΑΙΟΛΟΓΙΑΣ', 'el');
INSERT INTO department_name (department_id, name, locale) VALUES (111, 'ΦΙΛΟΛΟΓΙΑΣ', 'el');
INSERT INTO department_name (department_id, name, locale) VALUES (112, 'ΙΣΤΟΡΙΑΣ ΚΑΙ ΑΡΧΑΙΟΛΟΓΙΑΣ', 'el');
INSERT INTO department_name (department_id, name, locale) VALUES (113, 'ΦΙΛΟΛΟΓΙΑΣ', 'el');
INSERT INTO department_name (department_id, name, locale) VALUES (114, 'ΙΣΤΟΡΙΑΣ ΚΑΙ ΑΡΧΑΙΟΛΟΓΙΑΣ', 'el');
INSERT INTO department_name (department_id, name, locale) VALUES (115, 'ΦΙΛΟΛΟΓΙΑΣ', 'el');
INSERT INTO department_name (department_id, name, locale) VALUES (116, 'ΙΣΤΟΡΙΑΣ ΚΑΙ ΑΡΧΑΙΟΛΟΓΙΑΣ', 'el');
INSERT INTO department_name (department_id, name, locale) VALUES (117, 'ΝΟΜΙΚΗΣ', 'el');
INSERT INTO department_name (department_id, name, locale) VALUES (118, 'ΦΙΛΟΣΟΦΙΑΣ - ΠΑΙΔΑΓΩΓΙΚΗΣ ΚΑΙ ΨΥΧΟΛΟΓΙΑΣ', 'el');
INSERT INTO department_name (department_id, name, locale) VALUES (119, 'ΝΟΜΙΚΗΣ', 'el');
INSERT INTO department_name (department_id, name, locale) VALUES (120, 'ΦΙΛΟΣΟΦΙΑΣ & ΠΑΙΔΑΓΩΓΙΚΗΣ', 'el');
INSERT INTO department_name (department_id, name, locale) VALUES (121, 'ΝΟΜΙΚΗΣ', 'el');
INSERT INTO department_name (department_id, name, locale) VALUES (122, 'ΦΙΛΟΣΟΦΙΑΣ ΠΑΙΔΑΓΩΓΙΚΗΣ ΚΑΙ ΨΥΧΟΛΟΓΙΑΣ', 'el');
INSERT INTO department_name (department_id, name, locale) VALUES (123, 'ΠΟΛΙΤΙΚΗΣ ΕΠΙΣΤΗΜΗΣ ΚΑΙ ΔΗΜΟΣΙΑΣ ΔΙΟΙΚΗΣΗΣ', 'el');
INSERT INTO department_name (department_id, name, locale) VALUES (124, 'ΔΗΜΟΣΙΑΣ ΔΙΟΙΚΗΣΗΣ', 'el');
INSERT INTO department_name (department_id, name, locale) VALUES (125, 'ΠΟΛΙΤΙΚΗΣ ΕΠΙΣΤΗΜΗΣ ΚΑΙ ΙΣΤΟΡΙΑΣ', 'el');
INSERT INTO department_name (department_id, name, locale) VALUES (126, 'ΚΟΙΝΩΝΙΟΛΟΓΙΑΣ', 'el');
INSERT INTO department_name (department_id, name, locale) VALUES (127, 'ΑΓΓΛΙΚΗΣ ΓΛΩΣΣΑΣ ΚΑΙ ΦΙΛΟΛΟΓΙΑΣ', 'el');
INSERT INTO department_name (department_id, name, locale) VALUES (128, 'ΠΑΙΔΑΓΩΓΙΚΟ ΔΗΜΟΤΙΚΗΣ ΕΚΠΑΙΔΕΥΣΗΣ', 'el');
INSERT INTO department_name (department_id, name, locale) VALUES (129, 'ΑΓΓΛΙΚΗΣ ΓΛΩΣΣΑΣ ΚΑΙ ΦΙΛΟΛΟΓΙΑΣ', 'el');
INSERT INTO department_name (department_id, name, locale) VALUES (130, 'ΠΑΙΔΑΓΩΓΙΚΟ ΔΗΜΟΤΙΚΗΣ ΕΚΠΑΙΔΕΥΣΗΣ', 'el');
INSERT INTO department_name (department_id, name, locale) VALUES (131, 'ΓΑΛΛΙΚΗΣ ΓΛΩΣΣΑΣ ΚΑΙ ΦΙΛΟΛΟΓΙΑΣ', 'el');
INSERT INTO department_name (department_id, name, locale) VALUES (132, 'ΠΑΙΔΑΓΩΓΙΚΟ ΔΗΜΟΤΙΚΗΣ ΕΚΠΑΙΔΕΥΣΗΣ', 'el');
INSERT INTO department_name (department_id, name, locale) VALUES (133, 'ΓΑΛΛΙΚΗΣ ΓΛΩΣΣΑΣ ΚΑΙ ΦΙΛΟΛΟΓΙΑΣ', 'el');
INSERT INTO department_name (department_id, name, locale) VALUES (134, 'ΕΠΙΣΤΗΜΩΝ ΠΡΟΣΧΟΛΙΚΗΣ ΑΓΩΓΗΣ ΚΑΙ ΕΚΠΑΙΔΕΥΣΗΣ', 'el');
INSERT INTO department_name (department_id, name, locale) VALUES (135, 'ΓΕΡΜΑΝΙΚΗΣ ΓΛΩΣΣΑΣ ΚΑΙ ΦΙΛΟΛΟΓΙΑΣ', 'el');
INSERT INTO department_name (department_id, name, locale) VALUES (136, 'ΕΠΙΣΤΗΜΩΝ ΤΗΣ ΕΚΠΑΙΔΕΥΣΗΣ ΚΑΙ ΤΗΣ ΑΓΩΓΗΣ ΣΤΗΝ ΠΡΟΣΧΟΛΙΚΗ ΗΛΙΚΙΑ', 'el');
INSERT INTO department_name (department_id, name, locale) VALUES (137, 'ΓΕΡΜΑΝΙΚΗΣ ΓΛΩΣΣΑΣ ΚΑΙ ΦΙΛΟΛΟΓΙΑΣ', 'el');
INSERT INTO department_name (department_id, name, locale) VALUES (138, 'ΦΙΛΟΣΟΦΙΚΩΝ ΚΑΙ ΚΟΙΝΩΝΙΚΩΝ ΣΠΟΥΔΩΝ', 'el');
INSERT INTO department_name (department_id, name, locale) VALUES (139, 'ΙΤΑΛΙΚΗΣ ΓΛΩΣΣΑΣ ΚΑΙ ΦΙΛΟΛΟΓΙΑΣ', 'el');
INSERT INTO department_name (department_id, name, locale) VALUES (140, 'ΠΑΙΔΑΓΩΓΙΚΟ ΔΗΜΟΤΙΚΗΣ ΕΚΠΑΙΔΕΥΣΗΣ', 'el');
INSERT INTO department_name (department_id, name, locale) VALUES (141, 'ΠΑΙΔΑΓΩΓΙΚΟ  ΔΗΜΟΤΙΚΗΣ ΕΚΠΑΙΔΕΥΣΗΣ', 'el');
INSERT INTO department_name (department_id, name, locale) VALUES (142, 'ΠΑΙΔΑΓΩΓΙΚΟ ΔΗΜΟΤΙΚΗΣ  ΕΚΠΑΙΔΕΥΣΗΣ', 'el');
INSERT INTO department_name (department_id, name, locale) VALUES (143, 'ΠΑΙΔΑΓΩΓΙΚΟ  ΔΗΜΟΤΙΚΗΣ ΕΚΠΑΙΔΕΥΣΗΣ', 'el');
INSERT INTO department_name (department_id, name, locale) VALUES (144, 'ΟΙΚΙΑΚΗΣ ΟΙΚΟΝΟΜΙΑΣ ΚΑΙ ΟΙΚΟΛΟΓΙΑΣ', 'el');
INSERT INTO department_name (department_id, name, locale) VALUES (145, 'ΙΣΤΟΡΙΑΣ', 'el');
INSERT INTO department_name (department_id, name, locale) VALUES (146, 'ΘΕΑΤΡΙΚΩΝ ΣΠΟΥΔΩΝ', 'el');
INSERT INTO department_name (department_id, name, locale) VALUES (147, 'ΔΗΜΟΣΙΟΓΡΑΦΙΑΣ ΚΑΙ ΜΕΣΩΝ ΜΑΖΙΚΗΣ ΕΝΗΜΕΡΩΣΗΣ', 'el');
INSERT INTO department_name (department_id, name, locale) VALUES (148, 'ΕΠΙΚΟΙΝΩΝΙΑΣ & ΜΜΕ', 'el');
INSERT INTO department_name (department_id, name, locale) VALUES (149, 'ΚΟΙΝΩΝΙΟΛΟΓΙΑΣ', 'el');
INSERT INTO department_name (department_id, name, locale) VALUES (150, 'ΔΙΕΘΝΩΝ ΚΑΙ ΕΥΡΩΠΑΙΚΩΝ ΟΙΚΟΝΟΜΙΚΩΝ ΣΠΟΥΔΩΝ', 'el');
INSERT INTO department_name (department_id, name, locale) VALUES (151, 'ΨΥΧΟΛΟΓΙΑΣ', 'el');
INSERT INTO department_name (department_id, name, locale) VALUES (152, 'ΟΙΚΟΝΟΜΙΚΗΣ ΚΑΙ ΠΕΡΙΦΕΡΕΙΑΚΗΣ ΑΝΑΠΤΥΞΗΣ', 'el');
INSERT INTO department_name (department_id, name, locale) VALUES (153, 'ΕΠΙΚΟΙΝΩΝΙΑΣ, ΜΕΣΩΝ ΚΑΙ ΠΟΛΙΤΙΣΜΟΥ', 'el');
INSERT INTO department_name (department_id, name, locale) VALUES (154, 'ΕΚΠΑΙΔΕΥΣΗΣ ΚΑΙ ΑΓΩΓΗΣ ΣΤΗΝ ΠΡΟΣΧΟΛΙΚΗ ΗΛΙΚΙΑ', 'el');
INSERT INTO department_name (department_id, name, locale) VALUES (155, 'ΧΡΗΜΑΤΟΟΙΚΟΝΟΜΙΚΗΣ ΚΑΙ ΤΡΑΠΕΖΙΚΗΣ ΔΙΟΙΚΗΤΙΚΗΣ', 'el');
INSERT INTO department_name (department_id, name, locale) VALUES (156, 'ΠΑΙΔΑΓΩΓΙΚΟ ΝΗΠΙΑΓΩΓΩΝ', 'el');
INSERT INTO department_name (department_id, name, locale) VALUES (157, 'ΝΑΥΤΙΛΙΑΚΩΝ ΣΠΟΥΔΩΝ', 'el');
INSERT INTO department_name (department_id, name, locale) VALUES (158, 'ΠΑΙΔΑΓΩΓΙΚΟ ΠΡΟΣΧΟΛΙΚΗΣ ΕΚΠΑΙΔΕΥΣΗΣ', 'el');
INSERT INTO department_name (department_id, name, locale) VALUES (159, 'ΚΟΙΝΩΝΙΚΗΣ ΠΟΛΙΤΙΚΗΣ', 'el');
INSERT INTO department_name (department_id, name, locale) VALUES (160, 'ΕΠΙΣΤΗΜΩΝ ΤΗΣ ΕΚΠΑΙΔΕΥΣΗΣ ΣΤΗΝ ΠΡΟΣΧΟΛΙΚΗ ΗΛΙΚΙΑ', 'el');
INSERT INTO department_name (department_id, name, locale) VALUES (161, 'ΔΙΕΘΝΩΝ ΚΑΙ ΕΥΡΩΠΑΙΚΩΝ ΣΠΟΥΔΩΝ', 'el');
INSERT INTO department_name (department_id, name, locale) VALUES (162, 'ΕΠΙΣΤΗΜΩΝ ΠΡΟΣΧΟΛΙΚΗΣ ΑΓΩΓΗΣ ΚΑΙ ΕΚΠΑΙΔΕΥΤΙΚΟΥ ΣΧΕΔΙΑΣΜΟΥ', 'el');
INSERT INTO department_name (department_id, name, locale) VALUES (163, 'ΚΙΝΗΜΑΤΟΓΡΑΦΟΥ', 'el');
INSERT INTO department_name (department_id, name, locale) VALUES (164, 'ΠΑΙΔΑΓΩΓΙΚΟ ΔΗΜΟΤΙΚΗΣ ΕΚΠΑΙΔΕΥΣΗΣ', 'el');
INSERT INTO department_name (department_id, name, locale) VALUES (165, 'ΚΟΙΝΩΝΙΚΗΣ ΑΝΘΡΩΠΟΛΟΓΙΑΣ', 'el');
INSERT INTO department_name (department_id, name, locale) VALUES (166, 'ΠΑΙΔΑΓΩΓΙΚΟ ΠΡΟΣΧΟΛΙΚΗΣ ΕΚΠΑΙΔΕΥΣΗΣ', 'el');
INSERT INTO department_name (department_id, name, locale) VALUES (167, 'ΚΟΙΝΩΝΙΚΗΣ ΑΝΘΡΩΠΟΛΟΓΙΑΣ ΚΑΙ ΙΣΤΟΡΙΑΣ', 'el');
INSERT INTO department_name (department_id, name, locale) VALUES (168, 'ΘΕΑΤΡΟΥ', 'el');
INSERT INTO department_name (department_id, name, locale) VALUES (169, 'ΘΕΑΤΡΙΚΩΝ ΣΠΟΥΔΩΝ', 'el');
INSERT INTO department_name (department_id, name, locale) VALUES (170, 'ΨΥΧΟΛΟΓΙΑΣ', 'el');
INSERT INTO department_name (department_id, name, locale) VALUES (171, 'ΨΥΧΟΛΟΓΙΑΣ', 'el');
INSERT INTO department_name (department_id, name, locale) VALUES (172, 'ΨΥΧΟΛΟΓΙΑΣ', 'el');
INSERT INTO department_name (department_id, name, locale) VALUES (173, 'ΜΕΘΟΔΟΛΟΓΙΑΣ ΙΣΤΟΡΙΑΣ ΚΑΙ ΘΕΩΡΙΑΣ ΤΗΣ ΕΠΙΣΤΗΜΗΣ', 'el');
INSERT INTO department_name (department_id, name, locale) VALUES (174, 'ΕΚΠΑΙΔΕΥΤΙΚΗΣ ΚΑΙ ΚΟΙΝΩΝΙΚΗΣ ΠΟΛΙΤΙΚΗΣ', 'el');
INSERT INTO department_name (department_id, name, locale) VALUES (175, 'ΦΙΛΟΛΟΓΙΑΣ', 'el');
INSERT INTO department_name (department_id, name, locale) VALUES (176, 'ΒΑΛΚΑΝΙΚΩΝ, ΣΛΑΒΙΚΩΝ ΚΑΙ ΑΝΑΤΟΛΙΚΩΝ ΣΠΟΥΔΩΝ', 'el');
INSERT INTO department_name (department_id, name, locale) VALUES (177, 'ΙΣΤΟΡΙΑΣ, ΑΡΧΑΙΟΛΟΓΙΑΣ ΚΑΙ ΚΟΙΝΩΝΙΚΗΣ ΑΝΘΡΩΠΟΛΟΓΙΑΣ', 'el');
INSERT INTO department_name (department_id, name, locale) VALUES (178, 'ΠΑΙΔΑΓΩΓΙΚΟ ΤΜΗΜΑ ΕΙΔΙΚΗΣ ΑΓΩΓΗΣ', 'el');
INSERT INTO department_name (department_id, name, locale) VALUES (179, 'ΔΙΕΘΝΩΝ ΕΥΡΩΠΑΙΚΩΝ ΚΑΙ ΠΕΡΙΦΕΡΕΙΑΚΩΝ ΣΠΟΥΔΩΝ', 'el');
INSERT INTO department_name (department_id, name, locale) VALUES (180, 'ΝΑΥΤΙΛΙΑΣ ΚΑΙ ΕΠΙΧΕΙΡΗΜΑΤΙΚΩΝ ΥΠΗΡΕΣΙΩΝ', 'el');
INSERT INTO department_name (department_id, name, locale) VALUES (181, 'ΜΕΣΟΓΕΙΑΚΩΝ ΣΠΟΥΔΩΝ', 'el');
INSERT INTO department_name (department_id, name, locale) VALUES (182, 'ΙΤΑΛΙΚΗΣ ΓΛΩΣΣΑΣ ΚΑΙ ΦΙΛΟΛΟΓΙΑΣ ', 'el');
INSERT INTO department_name (department_id, name, locale) VALUES (183, 'ΙΣΠΑΝΙΚΗΣ ΓΛΩΣΣΑΣ ΚΑΙ ΦΙΛΟΛΟΓΙΑΣ ', 'el');
INSERT INTO department_name (department_id, name, locale) VALUES (185, 'ΠΛΑΣΤΙΚΩΝ ΤΕΧΝΩΝ & ΕΠΙΣΤΗΜΩΝ ΤΗΣ ΤΕΧΝΗΣ', 'el');
INSERT INTO department_name (department_id, name, locale) VALUES (186, 'ΓΛΩΣΣΑΣ ΦΙΛΟΛΟΓΙΑΣ ΚΑΙ ΠΟΛΙΤΙΣΜΟΥ ΠΑΡΕΥΞΕΙΝΙΩΝ ΧΩΡΩΝ', 'el');
INSERT INTO department_name (department_id, name, locale) VALUES (187, 'ΚΟΙΝΩΝΙΚΗΣ ΚΑΙ ΕΚΠΑΙΔΕΥΤΙΚΗΣ ΠΟΛΙΤΙΚΗΣ', 'el');
INSERT INTO department_name (department_id, name, locale) VALUES (188, 'ΤΟΥΡΚΙΚΩΝ ΣΠΟΥΔΩΝ ΚΑΙ ΣΥΓΧΡΟΝΩΝ ΑΣΙΑΤΙΚΩΝ ΣΠΟΥΔΩΝ', 'el');
INSERT INTO department_name (department_id, name, locale) VALUES (189, 'ΦΙΛΟΛΟΓΙΑΣ', 'el');
INSERT INTO department_name (department_id, name, locale) VALUES (190, 'ΝΟΣΗΛΕΥΤΙΚΗΣ', 'el');
INSERT INTO department_name (department_id, name, locale) VALUES (192, 'ΣΛΑΒΙΚΩΝ ΣΠΟΥΔΩΝ', 'el');
INSERT INTO department_name (department_id, name, locale) VALUES (200, 'ΕΠΙΣΤΗΜΗΣ ΚΑΙ ΤΕΧΝΟΛΟΓΙΑΣ ΥΛΙΚΩΝ', 'el');
INSERT INTO department_name (department_id, name, locale) VALUES (201, 'ΠΟΛΙΤΙΚΩΝ ΜΗΧΑΝΙΚΩΝ', 'el');
INSERT INTO department_name (department_id, name, locale) VALUES (203, 'ΠΟΛΙΤΙΚΩΝ ΜΗΧΑΝΙΚΩΝ', 'el');
INSERT INTO department_name (department_id, name, locale) VALUES (205, 'ΠΟΛΙΤΙΚΩΝ ΜΗΧΑΝΙΚΩΝ', 'el');
INSERT INTO department_name (department_id, name, locale) VALUES (207, 'ΠΟΛΙΤΙΚΩΝ ΜΗΧΑΝΙΚΩΝ', 'el');
INSERT INTO department_name (department_id, name, locale) VALUES (208, 'ΠΟΛΙΤΙΚΩΝ ΜΗΧΑΝΙΚΩΝ', 'el');
INSERT INTO department_name (department_id, name, locale) VALUES (209, 'ΜΗΧΑΝΟΛΟΓΩΝ ΜΗΧΑΝΙΚΩΝ', 'el');
INSERT INTO department_name (department_id, name, locale) VALUES (210, 'ΜΗΧΑΝΟΛΟΓΩΝ ΜΗΧΑΝΙΚΩΝ', 'el');
INSERT INTO department_name (department_id, name, locale) VALUES (211, 'ΜΗΧΑΝΟΛΟΓΩΝ ΜΗΧΑΝΙΚΩΝ', 'el');
INSERT INTO department_name (department_id, name, locale) VALUES (212, 'ΔΑΣΟΛΟΓΙΑΣ ΚΑΙ ΔΙΑΧΕΙΡΙΣΗΣ ΠΕΡΙΒΑΛΛΟΝΤΟΣ ΚΑΙ ΦΥΣΙΚΩΝ ΠΟΡΩΝ', 'el');
INSERT INTO department_name (department_id, name, locale) VALUES (213, 'ΜΗΧΑΝΟΛΟΓΩΝ &  ΑΕΡΟΝΑΥΠΗΓΩΝ ΜΗΧΑΝΙΚΩΝ', 'el');
INSERT INTO department_name (department_id, name, locale) VALUES (214, 'ΜΗΧΑΝΙΚΩΝ ΠΕΡΙΒΑΛΛΟΝΤΟΣ', 'el');
INSERT INTO department_name (department_id, name, locale) VALUES (215, 'ΜΗΧΑΝΙΚΩΝ ΗΛΕΚΤΡΟΝΙΚΩΝ ΥΠΟΛΟΓΙΣΤΩΝ ΚΑΙ ΠΛΗΡΟΦΟΡΙΚΗΣ', 'el');
INSERT INTO department_name (department_id, name, locale) VALUES (216, 'ΕΠΙΣΤΗΜΗΣ ΥΠΟΛΟΓΙΣΤΩΝ', 'el');
INSERT INTO department_name (department_id, name, locale) VALUES (217, 'ΗΛΕΚΤΡΟΛΟΓΩΝ ΜΗΧΑΝΙΚΩΝ ΚΑΙ ΜΗΧΑΝΙΚΩΝ ΥΠΟΛΟΓΙΣΤΩΝ', 'el');
INSERT INTO department_name (department_id, name, locale) VALUES (219, 'ΗΛΕΚΤΡΟΛΟΓΩΝ ΜΗΧΑΝΙΚΩΝ ΚΑΙ ΜΗΧΑΝΙΚΩΝ ΥΠΟΛΟΓΙΣΤΩΝ', 'el');
INSERT INTO department_name (department_id, name, locale) VALUES (220, 'ΗΛΕΚΤΡΟΛΟΓΩΝ ΜΗΧΑΝΙΚΩΝ ΚΑΙ ΜΗΧΑΝΙΚΩΝ ΥΠΟΛΟΓΙΣΤΩΝ', 'el');
INSERT INTO department_name (department_id, name, locale) VALUES (221, 'ΗΛΕΚΤΡΟΛΟΓΩΝ ΜΗΧΑΝΙΚΩΝ ΚΑΙ ΤΕΧΝΟΛΟΓΙΑΣ ΥΠΟΛΟΓΙΣΤΩΝ', 'el');
INSERT INTO department_name (department_id, name, locale) VALUES (222, 'ΜΗΧΑΝΙΚΩΝ ΟΙΚΟΝΟΜΙΑΣ ΚΑΙ ΔΙΟΙΚΗΣΗΣ', 'el');
INSERT INTO department_name (department_id, name, locale) VALUES (223, 'ΗΛΕΚΤΡΟΛΟΓΩΝ ΜΗΧΑΝΙΚΩΝ & ΜΗΧΑΝΙΚΩΝ Η/Υ', 'el');
INSERT INTO department_name (department_id, name, locale) VALUES (224, 'ΜΗΧΑΝΙΚΩΝ ΠΑΡΑΓΩΓΗΣ ΚΑΙ ΔΙΟΙΚΗΣΗΣ', 'el');
INSERT INTO department_name (department_id, name, locale) VALUES (225, 'ΑΓΡΟΝΟΜΩΝ ΚΑΙ ΤΟΠΟΓΡΑΦΩΝ ΜΗΧΑΝΙΚΩΝ', 'el');
INSERT INTO department_name (department_id, name, locale) VALUES (227, 'ΑΓΡΟΝΟΜΩΝ ΚΑΙ ΤΟΠΟΓΡΑΦΩΝ ΜΗΧΑΝΙΚΩΝ', 'el');
INSERT INTO department_name (department_id, name, locale) VALUES (228, 'ΜΗΧΑΝΙΚΩΝ ΧΩΡΟΤΑΞΙΑΣ, ΠΟΛΕΟΔΟΜΙΑΣ ΚΑΙ ΠΕΡΙΦΕΡΕΙΑΚΗΣ ΑΝΑΠΤΥΞΗΣ', 'el');
INSERT INTO department_name (department_id, name, locale) VALUES (229, 'ΝΑΥΠΗΓΩΝ ΜΗΧΑΝΟΛΟΓΩΝ ΜΗΧΑΝΙΚΩΝ', 'el');
INSERT INTO department_name (department_id, name, locale) VALUES (230, 'ΜΗΧΑΝΙΚΩΝ ΠΑΡΑΓΩΓΗΣ ΚΑΙ ΔΙΟΙΚΗΣΗΣ', 'el');
INSERT INTO department_name (department_id, name, locale) VALUES (231, 'ΑΡΧΙΤΕΚΤΟΝΩΝ ΜΗΧΑΝΙΚΩΝ', 'el');
INSERT INTO department_name (department_id, name, locale) VALUES (232, 'ΑΡΧΙΤΕΚΤΟΝΩΝ ΜΗΧΑΝΙΚΩΝ', 'el');
INSERT INTO department_name (department_id, name, locale) VALUES (233, 'ΑΡΧΙΤΕΚΤΟΝΩΝ ΜΗΧΑΝΙΚΩΝ', 'el');
INSERT INTO department_name (department_id, name, locale) VALUES (234, 'ΑΡΧΙΤΕΚΤΟΝΩΝ ΜΗΧΑΝΙΚΩΝ', 'el');
INSERT INTO department_name (department_id, name, locale) VALUES (235, 'ΧΗΜΙΚΩΝ ΜΗΧΑΝΙΚΩΝ', 'el');
INSERT INTO department_name (department_id, name, locale) VALUES (236, 'ΑΡΧΙΤΕΚΤΟΝΩΝ ΜΗΧΑΝΙΚΩΝ', 'el');
INSERT INTO department_name (department_id, name, locale) VALUES (237, 'ΧΗΜΙΚΩΝ ΜΗΧΑΝΙΚΩΝ', 'el');
INSERT INTO department_name (department_id, name, locale) VALUES (238, 'ΜΗΧΑΝΙΚΩΝ ΣΧΕΔΙΑΣΗΣ ΠΡΟΙΟΝΤΩΝ ΚΑΙ ΣΥΣΤΗΜΑΤΩΝ', 'el');
INSERT INTO department_name (department_id, name, locale) VALUES (239, 'ΧΗΜΙΚΩΝ ΜΗΧΑΝΙΚΩΝ', 'el');
INSERT INTO department_name (department_id, name, locale) VALUES (240, 'ΔΙΟΙΚΗΤΙΚΗΣ ΕΠΙΣΤΗΜΗΣ ΚΑΙ ΤΕΧΝΟΛΟΓΙΑΣ', 'el');
INSERT INTO department_name (department_id, name, locale) VALUES (241, 'ΜΗΧΑΝΙΚΩΝ ΜΕΤΑΛΛΕΙΩΝ ΜΕΤΑΛΛΟΥΡΓΩΝ', 'el');
INSERT INTO department_name (department_id, name, locale) VALUES (242, 'ΜΗΧΑΝΙΚΩΝ ΟΡΥΚΤΩΝ ΠΟΡΩΝ', 'el');
INSERT INTO department_name (department_id, name, locale) VALUES (243, 'ΜΑΘΗΜΑΤΙΚΩΝ', 'el');
INSERT INTO department_name (department_id, name, locale) VALUES (245, 'ΜΑΘΗΜΑΤΙΚΩΝ', 'el');
INSERT INTO department_name (department_id, name, locale) VALUES (246, 'ΕΦΑΡΜΟΣΜΕΝΩΝ ΜΑΘΗΜΑΤΙΚΩΝ ΚΑΙ ΦΥΣΙΚΩΝ ΕΠΙΣΤΗΜΩΝ', 'el');
INSERT INTO department_name (department_id, name, locale) VALUES (247, 'ΜΑΘΗΜΑΤΙΚΩΝ', 'el');
INSERT INTO department_name (department_id, name, locale) VALUES (249, 'ΜΑΘΗΜΑΤΙΚΩΝ', 'el');
INSERT INTO department_name (department_id, name, locale) VALUES (250, 'ΕΠΙΣΤΗΜΩΝ ΤΗΣ ΘΑΛΑΣΣΑΣ', 'el');
INSERT INTO department_name (department_id, name, locale) VALUES (253, 'ΦΥΣΙΚΗΣ', 'el');
INSERT INTO department_name (department_id, name, locale) VALUES (255, 'ΦΥΣΙΚΗΣ', 'el');
INSERT INTO department_name (department_id, name, locale) VALUES (257, 'ΦΥΣΙΚΗΣ', 'el');
INSERT INTO department_name (department_id, name, locale) VALUES (259, 'ΦΥΣΙΚΗΣ', 'el');
INSERT INTO department_name (department_id, name, locale) VALUES (261, 'ΦΥΣΙΚΗΣ', 'el');
INSERT INTO department_name (department_id, name, locale) VALUES (262, 'ΨΗΦΙΑΚΩΝ ΣΥΣΤΗΜΑΤΩΝ', 'el');
INSERT INTO department_name (department_id, name, locale) VALUES (263, 'ΧΗΜΕΙΑΣ', 'el');
INSERT INTO department_name (department_id, name, locale) VALUES (265, 'ΧΗΜΕΙΑΣ', 'el');
INSERT INTO department_name (department_id, name, locale) VALUES (267, 'ΧΗΜΕΙΑΣ', 'el');
INSERT INTO department_name (department_id, name, locale) VALUES (269, 'ΧΗΜΕΙΑΣ', 'el');
INSERT INTO department_name (department_id, name, locale) VALUES (270, 'ΧΗΜΕΙΑΣ', 'el');
INSERT INTO department_name (department_id, name, locale) VALUES (271, 'ΔΙΑΧΕΙΡΙΣΗΣ ΠΕΡΙΒΑΛΛΟΝΤΟΣ ΚΑΙ ΦΥΣΙΚΩΝ ΠΟΡΩΝ', 'el');
INSERT INTO department_name (department_id, name, locale) VALUES (272, 'ΜΗΧΑΝΙΚΩΝ ΕΠΙΣΤΗΜΗΣ ΥΛΙΚΩΝ', 'el');
INSERT INTO department_name (department_id, name, locale) VALUES (273, 'ΓΕΩΠΟΝΙΑΣ', 'el');
INSERT INTO department_name (department_id, name, locale) VALUES (274, 'ΓΕΩΠΟΝΙΑΣ ΦΥΤΙΚΗΣ ΠΑΡΑΓΩΓΗΣ ΚΑΙ ΑΓΡΟΤΙΚΟΥ ΠΕΡΙΒΑΛΛΟΝΤΟΣ', 'el');
INSERT INTO department_name (department_id, name, locale) VALUES (275, 'ΔΑΣΟΛΟΓΙΑΣ ΚΑΙ ΦΥΣΙΚΟΥ ΠΕΡΙΒΑΛΛΟΝΤΟΣ', 'el');
INSERT INTO department_name (department_id, name, locale) VALUES (276, 'ΠΕΡΙΒΑΛΛΟΝΤΟΣ', 'el');
INSERT INTO department_name (department_id, name, locale) VALUES (277, 'ΒΙΟΛΟΓΙΑΣ', 'el');
INSERT INTO department_name (department_id, name, locale) VALUES (279, 'ΒΙΟΛΟΓΙΑΣ', 'el');
INSERT INTO department_name (department_id, name, locale) VALUES (280, 'ΒΙΟΛΟΓΙΚΩΝ ΕΦΑΡΜΟΓΩΝ ΚΑΙ ΤΕΧΝΟΛΟΓΙΩΝ', 'el');
INSERT INTO department_name (department_id, name, locale) VALUES (281, 'ΒΙΟΛΟΓΙΑΣ', 'el');
INSERT INTO department_name (department_id, name, locale) VALUES (282, 'ΒΙΟΛΟΓΙΑΣ', 'el');
INSERT INTO department_name (department_id, name, locale) VALUES (283, 'ΓΕΩΛΟΓΙΑΣ ΚΑΙ ΓΕΩΠΕΡΙΒΑΛΛΟΝΤΟΣ', 'el');
INSERT INTO department_name (department_id, name, locale) VALUES (284, 'ΒΙΟΧΗΜΕΙΑΣ ΚΑΙ ΒΙΟΤΕΧΝΟΛΟΓΙΑΣ', 'el');
INSERT INTO department_name (department_id, name, locale) VALUES (285, 'ΓΕΩΛΟΓΙΑΣ', 'el');
INSERT INTO department_name (department_id, name, locale) VALUES (287, 'ΓΕΩΛΟΓΙΑΣ', 'el');
INSERT INTO department_name (department_id, name, locale) VALUES (288, 'ΕΠΙΣΤΗΜΗΣ ΤΩΝ ΥΛΙΚΩΝ', 'el');
INSERT INTO department_name (department_id, name, locale) VALUES (289, 'ΦΑΡΜΑΚΕΥΤΙΚΗΣ', 'el');
INSERT INTO department_name (department_id, name, locale) VALUES (290, 'ΜΟΡΙΑΚΗΣ ΒΙΟΛΟΓΙΑΣ ΚΑΙ ΓΕΝΕΤΙΚΗΣ', 'el');
INSERT INTO department_name (department_id, name, locale) VALUES (291, 'ΦΑΡΜΑΚΕΥΤΙΚΗΣ', 'el');
INSERT INTO department_name (department_id, name, locale) VALUES (293, 'ΦΑΡΜΑΚΕΥΤΙΚΗΣ', 'el');
INSERT INTO department_name (department_id, name, locale) VALUES (294, 'ΕΠΙΣΤΗΜΗΣ ΔΙΑΙΤΟΛΟΓΙΑΣ - ΔΙΑΤΡΟΦΗΣ', 'el');
INSERT INTO department_name (department_id, name, locale) VALUES (295, 'ΙΑΤΡΙΚΗΣ', 'el');
INSERT INTO department_name (department_id, name, locale) VALUES (297, 'ΙΑΤΡΙΚΗΣ', 'el');
INSERT INTO department_name (department_id, name, locale) VALUES (299, 'ΙΑΤΡΙΚΗΣ', 'el');
INSERT INTO department_name (department_id, name, locale) VALUES (300, 'ΙΑΤΡΙΚΗΣ', 'el');
INSERT INTO department_name (department_id, name, locale) VALUES (301, 'ΙΑΤΡΙΚΗΣ', 'el');
INSERT INTO department_name (department_id, name, locale) VALUES (302, 'ΙΑΤΡΙΚΗΣ', 'el');
INSERT INTO department_name (department_id, name, locale) VALUES (303, 'ΟΔΟΝΤΙΑΤΡΙΚΗΣ', 'el');
INSERT INTO department_name (department_id, name, locale) VALUES (304, 'ΙΑΤΡΙΚΗΣ', 'el');
INSERT INTO department_name (department_id, name, locale) VALUES (305, 'ΟΔΟΝΤΙΑΤΡΙΚΗΣ', 'el');
INSERT INTO department_name (department_id, name, locale) VALUES (306, 'ΝΟΣΗΛΕΥΤΙΚΗΣ', 'el');
INSERT INTO department_name (department_id, name, locale) VALUES (307, 'ΚΤΗΝΙΑΤΡΙΚΗΣ', 'el');
INSERT INTO department_name (department_id, name, locale) VALUES (308, 'ΚΤΗΝΙΑΤΡΙΚΗΣ', 'el');
INSERT INTO department_name (department_id, name, locale) VALUES (309, 'ΟΙΚΟΝΟΜΙΚΩΝ ΕΠΙΣΤΗΜΩΝ', 'el');
INSERT INTO department_name (department_id, name, locale) VALUES (310, 'ΓΕΩΓΡΑΦΙΑΣ', 'el');
INSERT INTO department_name (department_id, name, locale) VALUES (311, 'ΟΙΚΟΝΟΜΙΚΩΝ ΕΠΙΣΤΗΜΩΝ', 'el');
INSERT INTO department_name (department_id, name, locale) VALUES (312, 'ΟΙΚΟΝΟΜΙΚΗΣ ΕΠΙΣΤΗΜΗΣ', 'el');
INSERT INTO department_name (department_id, name, locale) VALUES (313, 'ΟΡΓΑΝΩΣΗΣ ΚΑΙ ΔΙΟΙΚΗΣΗΣ ΕΠΙΧΕΙΡΗΣΕΩΝ', 'el');
INSERT INTO department_name (department_id, name, locale) VALUES (314, 'ΜΑΡΚΕΤΙΝΓΚ ΚΑΙ ΕΠΙΚΟΙΝΩΝΙΑΣ', 'el');
INSERT INTO department_name (department_id, name, locale) VALUES (315, 'ΟΙΚΟΝΟΜΙΚΗΣ ΕΠΙΣΤΗΜΗΣ', 'el');
INSERT INTO department_name (department_id, name, locale) VALUES (316, 'ΟΡΓΑΝΩΣΗΣ ΚΑΙ ΔΙΟΙΚΗΣΗΣ ΕΠΙΧΕΙΡΗΣΕΩΝ', 'el');
INSERT INTO department_name (department_id, name, locale) VALUES (317, 'ΟΙΚΟΝΟΜΙΚΩΝ ΕΠΙΣΤΗΜΩΝ', 'el');
INSERT INTO department_name (department_id, name, locale) VALUES (318, 'ΣΤΑΤΙΣΤΙΚΗΣ ΚΑΙ ΑΣΦΑΛΙΣΤΙΚΗΣ ΕΠΙΣΤΗΜΗΣ', 'el');
INSERT INTO department_name (department_id, name, locale) VALUES (319, 'ΟΙΚΟΝΟΜΙΚΩΝ ΕΠΙΣΤΗΜΩΝ', 'el');
INSERT INTO department_name (department_id, name, locale) VALUES (320, 'ΔΙΟΙΚΗΣΗΣ ΕΠΙΧΕΙΡΗΣΕΩΝ', 'el');
INSERT INTO department_name (department_id, name, locale) VALUES (321, 'ΟΙΚΟΝΟΜΙΚΩΝ ΕΠΙΣΤΗΜΩΝ', 'el');
INSERT INTO department_name (department_id, name, locale) VALUES (322, 'ΟΡΓΑΝΩΣΗΣ ΚΑΙ ΔΙΟΙΚΗΣΗΣ ΕΠΙΧΕΙΡΗΣΕΩΝ', 'el');
INSERT INTO department_name (department_id, name, locale) VALUES (323, 'ΕΠΙΣΤΗΜΗΣ ΦΥΤΙΚΗΣ ΠΑΡΑΓΩΓΗΣ', 'el');
INSERT INTO department_name (department_id, name, locale) VALUES (324, 'ΕΠΙΣΤΗΜΗΣ ΖΩΙΚΗΣ ΠΑΡΑΓΩΓΗΣ ΚΑΙ ΥΔΑΤΟΚΑΛΛΙΕΡΓΕΙΩΝ', 'el');
INSERT INTO department_name (department_id, name, locale) VALUES (325, 'ΒΙΟΤΕΧΝΟΛΟΓΙΑΣ', 'el');
INSERT INTO department_name (department_id, name, locale) VALUES (326, 'ΑΓΡΟΤΙΚΗΣ ΟΙΚΟΝΟΜΙΑΣ ΚΑΙ ΑΝΑΠΤΥΞΗΣ', 'el');
INSERT INTO department_name (department_id, name, locale) VALUES (327, 'ΑΞΙΟΠΟΙΗΣΗΣ ΦΥΣΙΚΩΝ ΠΟΡΩΝ ΚΑΙ ΓΕΩΡΓΙΚΗΣ ΜΗΧΑΝΙΚΗΣ', 'el');
INSERT INTO department_name (department_id, name, locale) VALUES (328, 'ΕΠΙΣΤΗΜΗΣ ΤΡΟΦΙΜΩΝ ΚΑΙ ΔΙΑΤΡΟΦΗΣ ΤΟΥ ΑΝΘΡΩΠΟΥ', 'el');
INSERT INTO department_name (department_id, name, locale) VALUES (329, 'ΣΤΑΤΙΣΤΙΚΗΣ', 'el');
INSERT INTO department_name (department_id, name, locale) VALUES (330, 'ΠΛΗΡΟΦΟΡΙΚΗΣ ΚΑΙ ΤΗΛΕΠΙΚΟΙΝΩΝΙΩΝ', 'el');
INSERT INTO department_name (department_id, name, locale) VALUES (331, 'ΗΛΕΚΤΡΟΝΙΚΩΝ ΜΗΧΑΝΙΚΩΝ ΚΑΙ ΜΗΧΑΝΙΚΩΝ ΥΠΟΛΟΓΙΣΤΩΝ', 'el');
INSERT INTO department_name (department_id, name, locale) VALUES (332, 'ΜΗΧΑΝΟΛΟΓΩΝ ΜΗΧΑΝΙΚΩΝ', 'el');
INSERT INTO department_name (department_id, name, locale) VALUES (333, 'ΠΛΗΡΟΦΟΡΙΚΗΣ', 'el');
INSERT INTO department_name (department_id, name, locale) VALUES (334, 'ΠΑΙΔΑΓΩΓΙΚΟ ΔΗΜΟΤΙΚΗΣ ΕΚΠΑΙΔΕΥΣΗΣ', 'el');
INSERT INTO department_name (department_id, name, locale) VALUES (335, 'ΕΦΑΡΜΟΣΜΕΝΗΣ ΠΛΗΡΟΦΟΡΙΚΗΣ', 'el');
INSERT INTO department_name (department_id, name, locale) VALUES (336, 'ΒΙΟΜΗΧΑΝΙΚΗΣ ΔΙΟΙΚΗΣΗΣ ΚΑΙ ΤΕΧΝΟΛΟΓΙΑΣ', 'el');
INSERT INTO department_name (department_id, name, locale) VALUES (337, 'ΛΟΓΙΣΤΙΚΗΣ ΚΑΙ ΧΡΗΜΑΤΟΟΙΚΟΝΟΜΙΚΗΣ', 'el');
INSERT INTO department_name (department_id, name, locale) VALUES (338, 'ΠΛΗΡΟΦΟΡΙΚΗΣ', 'el');
INSERT INTO department_name (department_id, name, locale) VALUES (339, 'ΠΛΗΡΟΦΟΡΙΚΗΣ', 'el');
INSERT INTO department_name (department_id, name, locale) VALUES (340, 'ΜΗΧΑΝΙΚΩΝ ΗΛΕΚΤΡΟΝΙΚΩΝ ΥΠΟΛΟΓΙΣΤΩΝ ΚΑΙ ΠΛΗΡΟΦΟΡΙΚΗΣ', 'el');
INSERT INTO department_name (department_id, name, locale) VALUES (341, 'ΠΑΙΔΑΓΩΓΙΚΟ ΝΗΠΙΑΓΩΓΩΝ', 'el');
INSERT INTO department_name (department_id, name, locale) VALUES (342, 'ΑΡΧΕΙΟΝΟΜΙΑΣ, ΒΙΒΛΙΟΘΗΚΟΝΟΜΙΑΣ ΚΑΙ ΜΟΥΣΕΙΟΛΟΓΙΑΣ', 'el');
INSERT INTO department_name (department_id, name, locale) VALUES (344, 'ΜΗΧΑΝΙΚΩΝ ΠΛΗΡΟΦΟΡΙΑΚΩΝ ΚΑΙ ΕΠΙΚΟΙΝΩΝΙΑΚΩΝ ΣΥΣΤΗΜΑΤΩΝ', 'el');
INSERT INTO department_name (department_id, name, locale) VALUES (345, 'ΟΙΚΟΝΟΜΙΚΩΝ ΕΠΙΣΤΗΜΩΝ', 'el');
INSERT INTO department_name (department_id, name, locale) VALUES (346, 'ΔΙΟΙΚΗΣΗΣ ΕΠΙΧΕΙΡΗΣΕΩΝ ΑΓΡΟΤΙΚΩΝ ΠΡΟΙΟΝΤΩΝ ΚΑΙ ΤΡΟΦΙΜΩΝ', 'el');
INSERT INTO department_name (department_id, name, locale) VALUES (347, 'ΛΟΓΙΣΤΙΚΗΣ ΚΑΙ ΧΡΗΜΑΤΟΟΙΚΟΝΟΜΙΚΗΣ', 'el');
INSERT INTO department_name (department_id, name, locale) VALUES (348, 'ΚΟΙΝΩΝΙΟΛΟΓΙΑΣ', 'el');
INSERT INTO department_name (department_id, name, locale) VALUES (350, 'ΟΙΚΟΝΟΜΙΚΩΝ ΕΠΙΣΤΗΜΩΝ', 'el');
INSERT INTO department_name (department_id, name, locale) VALUES (351, 'ΠΟΛΙΤΙΚΗΣ ΕΠΙΣΤΗΜΗΣ', 'el');
INSERT INTO department_name (department_id, name, locale) VALUES (352, 'ΔΙΟΙΚΗΣΗΣ ΕΠΙΧΕΙΡΗΣΕΩΝ', 'el');
INSERT INTO department_name (department_id, name, locale) VALUES (353, 'ΑΓΡΟΤΙΚΗΣ ΑΝΑΠΤΥΞΗΣ', 'el');
INSERT INTO department_name (department_id, name, locale) VALUES (354, 'ΠΟΛΙΤΙΣΜΙΚΗΣ ΤΕΧΝΟΛΟΓΙΑΣ ΚΑΙ ΕΠΙΚΟΙΝΩΝΙΑΣ', 'el');
INSERT INTO department_name (department_id, name, locale) VALUES (355, 'ΔΙΕΘΝΩΝ ΚΑΙ ΕΥΡΩΠΑΙΚΩΝ ΣΠΟΥΔΩΝ', 'el');
INSERT INTO department_name (department_id, name, locale) VALUES (356, 'ΓΕΩΓΡΑΦΙΑΣ', 'el');
INSERT INTO department_name (department_id, name, locale) VALUES (357, 'ΠΟΛΙΤΙΚΩΝ ΕΠΙΣΤΗΜΩΝ', 'el');
INSERT INTO department_name (department_id, name, locale) VALUES (360, 'ΓΕΩΠΟΝΙΑΣ ΙΧΘΥΟΛΟΓΙΑΣ ΚΑΙ ΥΔΑΤΙΝΟΥ ΠΕΡΙΒΑΛΛΟΝΤΟΣ', 'el');
INSERT INTO department_name (department_id, name, locale) VALUES (361, 'ΟΙΚΟΝΟΜΙΚΩΝ ΕΠΙΣΤΗΜΩΝ', 'el');
INSERT INTO department_name (department_id, name, locale) VALUES (362, 'ΘΕΑΤΡΙΚΩΝ ΣΠΟΥΔΩΝ', 'el');
INSERT INTO department_name (department_id, name, locale) VALUES (363, 'ΜΗΧΑΝΙΚΩΝ ΧΩΡΟΤΑΞΙΑΣ ΚΑΙ ΑΝΑΠΤΥΞΗΣ', 'el');
INSERT INTO department_name (department_id, name, locale) VALUES (366, 'ΠΛΗΡΟΦΟΡΙΚΗΣ', 'el');
INSERT INTO department_name (department_id, name, locale) VALUES (367, 'ΤΕΧΝΩΝ ΗΧΟΥ ΚΑΙ ΕΙΚΟΝΑΣ', 'el');
INSERT INTO department_name (department_id, name, locale) VALUES (368, 'ΔΙΑΧΕΙΡΙΣΗΣ ΠΟΛΙΤΙΣΜΙΚΟΥ ΠΕΡΙΒΑΛΛΟΝΤΟΣ ΚΑΙ ΝΕΩΝ ΤΕΧΝΟΛΟΓΙΩΝ', 'el');
INSERT INTO department_name (department_id, name, locale) VALUES (369, 'ΠΛΗΡΟΦΟΡΙΚΗΣ ΜΕ ΕΦΑΡΜΟΓΕΣ ΣΤΗ ΒΙΟΙΑΤΡΙΚΗ', 'el');
INSERT INTO department_name (department_id, name, locale) VALUES (370, 'ΑΡΧΙΤΕΚΤΟΝΩΝ ΜΗΧΑΝΙΚΩΝ', 'el');
INSERT INTO department_name (department_id, name, locale) VALUES (371, 'ΜΗΧΑΝΙΚΩΝ ΠΛΗΡΟΦΟΡΙΚΗΣ ΚΑΙ ΤΗΛΕΠΙΚΟΙΝΩΝΙΩΝ', 'el');
INSERT INTO department_name (department_id, name, locale) VALUES (372, 'ΕΠΙΣΤΗΜΗΣ ΤΡΟΦΙΜΩΝ ΚΑΙ ΔΙΑΤΡΟΦΗΣ', 'el');
INSERT INTO department_name (department_id, name, locale) VALUES (384, 'ΘΕΩΡΙΑΣ ΚΑΙ ΙΣΤΟΡΙΑΣ ΤΗΣ ΤΕΧΝΗΣ', 'el');
INSERT INTO department_name (department_id, name, locale) VALUES (385, 'ΞΕΝΩΝ ΓΛΩΣΣΩΝ, ΜΕΤΑΦΡΑΣΗΣ ΚΑΙ ΔΙΕΡΜΗΝΕΙΑΣ', 'el');
INSERT INTO department_name (department_id, name, locale) VALUES (267, 'CHEMISTRY', 'en');
INSERT INTO department_name (department_id, name, locale) VALUES (400, 'ΟΡΓΑΝΩΣΗΣ ΚΑΙ ΔΙΑΧΕΙΡΙΣΗΣ ΑΘΛΗΤΙΣΜΟΥ', 'el');
INSERT INTO department_name (department_id, name, locale) VALUES (401, 'ΕΠΙΣΤΗΜΗΣ ΦΥΣΙΚΗΣ ΑΓΩΓΗΣ ΚΑΙ ΑΘΛΗΤΙΣΜΟΥ', 'el');
INSERT INTO department_name (department_id, name, locale) VALUES (402, 'ΕΠΙΣΤΗΜΗΣ ΦΥΣΙΚΗΣ ΑΓΩΓΗΣ ΚΑΙ ΑΘΛΗΤΙΣΜΟΥ  (ΣΕΡΡΩΝ)', 'el');
INSERT INTO department_name (department_id, name, locale) VALUES (403, 'ΕΠΙΣΤΗΜΗΣ ΦΥΣΙΚΗΣ ΑΓΩΓΗΣ ΚΑΙ ΑΘΛΗΤΙΣΜΟΥ', 'el');
INSERT INTO department_name (department_id, name, locale) VALUES (404, 'ΕΠΙΣΤΗΜΗΣ ΦΥΣΙΚΗΣ ΑΓΩΓΗΣ ΚΑΙ ΑΘΛΗΤΙΣΜΟΥ', 'el');
INSERT INTO department_name (department_id, name, locale) VALUES (405, 'ΕΠΙΣΤΗΜΗΣ ΦΥΣΙΚΗΣ ΑΓΩΓΗΣ ΚΑΙ ΑΘΛΗΤΙΣΜΟΥ', 'el');
INSERT INTO department_name (department_id, name, locale) VALUES (406, 'ΜΟΥΣΙΚΩΝ ΣΠΟΥΔΩΝ', 'el');
INSERT INTO department_name (department_id, name, locale) VALUES (407, 'ΜΟΥΣΙΚΩΝ ΣΠΟΥΔΩΝ', 'el');
INSERT INTO department_name (department_id, name, locale) VALUES (408, 'ΜΟΥΣΙΚΩΝ ΣΠΟΥΔΩΝ', 'el');
INSERT INTO department_name (department_id, name, locale) VALUES (409, 'ΜΟΥΣΙΚΗΣ ΕΠΙΣΤΗΜΗΣ ΚΑΙ ΤΕΧΝΗΣ', 'el');
INSERT INTO department_name (department_id, name, locale) VALUES (411, 'ΠΟΛΙΤΙΚΗΣ ΕΠΙΣΤΗΜΗΣ ΚΑΙ ΔΙΕΘΝΩΝ ΣΧΕΣΕΩΝ', 'el');
INSERT INTO department_name (department_id, name, locale) VALUES (412, 'ΠΛΗΡΟΦΟΡΙΚΗΣ ΚΑΙ ΤΗΛΕΜΑΤΙΚΗΣ', 'el');
INSERT INTO department_name (department_id, name, locale) VALUES (445, 'ΠΟΛΙΤΙΚΩΝ ΜΗΧΑΝΙΚΩΝ Τ.Ε.', 'el');
INSERT INTO department_name (department_id, name, locale) VALUES (447, 'ΠΟΛΙΤΙΚΩΝ ΜΗΧΑΝΙΚΩΝ Τ.Ε.', 'el');
INSERT INTO department_name (department_id, name, locale) VALUES (451, 'ΠΟΛΙΤΙΚΩΝ ΜΗΧΑΝΙΚΩΝ Τ.Ε. (ΛΑΡΙΣΑ)', 'el');
INSERT INTO department_name (department_id, name, locale) VALUES (453, 'ΠΟΛΙΤΙΚΩΝ ΔΟΜΙΚΩΝ ΕΡΓΩΝ', 'el');
INSERT INTO department_name (department_id, name, locale) VALUES (461, 'ΜΗΧΑΝΟΛΟΓΩΝ ΜΗΧΑΝΙΚΩΝ Τ.Ε.', 'el');
INSERT INTO department_name (department_id, name, locale) VALUES (465, 'ΜΗΧΑΝΟΛΟΓΩΝ ΜΗΧΑΝΙΚΩΝ Τ.Ε.', 'el');
INSERT INTO department_name (department_id, name, locale) VALUES (467, 'ΜΗΧΑΝΟΛΟΓΩΝ ΜΗΧΑΝΙΚΩΝ Τ.Ε.', 'el');
INSERT INTO department_name (department_id, name, locale) VALUES (475, 'ΜΗΧΑΝΟΛΟΓΩΝ ΜΗΧΑΝΙΚΩΝ Τ.Ε.', 'el');
INSERT INTO department_name (department_id, name, locale) VALUES (476, 'ΜΗΧΑΝΙΚΩΝ ΠΕΡΙΒΑΛΛΟΝΤΟΣ', 'el');
INSERT INTO department_name (department_id, name, locale) VALUES (477, 'ΕΚΠΑΙΔΕΥΤΙΚΩΝ ΜΗΧΑΝΟΛΟΓΙΑΣ', 'el');
INSERT INTO department_name (department_id, name, locale) VALUES (479, 'ΜΗΧΑΝΟΛΟΓΩΝ ΜΗΧΑΝΙΚΩΝ Τ.Ε.', 'el');
INSERT INTO department_name (department_id, name, locale) VALUES (480, 'ΜΗΧΑΝΙΚΩΝ ΒΙΟΪΑΤΡΙΚΗΣ ΤΕΧΝΟΛΟΓΙΑΣ Τ.Ε.', 'el');
INSERT INTO department_name (department_id, name, locale) VALUES (483, 'ΗΛΕΚΤΡΟΛΟΓΩΝ ΜΗΧΑΝΙΚΩΝ Τ.Ε.', 'el');
INSERT INTO department_name (department_id, name, locale) VALUES (487, 'ΗΛΕΚΤΡΟΛΟΓΩΝ ΜΗΧΑΝΙΚΩΝ Τ.Ε.', 'el');
INSERT INTO department_name (department_id, name, locale) VALUES (489, 'ΗΛΕΚΤΡΟΛΟΓΩΝ ΜΗΧΑΝΙΚΩΝ Τ.Ε.', 'el');
INSERT INTO department_name (department_id, name, locale) VALUES (491, 'ΗΛΕΚΤΡΟΛΟΓΩΝ ΜΗΧΑΝΙΚΩΝ Τ.Ε.', 'el');
INSERT INTO department_name (department_id, name, locale) VALUES (493, 'ΗΛΕΚΤΡΟΛΟΓΩΝ ΜΗΧΑΝΙΚΩΝ Τ.Ε.', 'el');
INSERT INTO department_name (department_id, name, locale) VALUES (495, 'ΗΛΕΚΤΡΟΛΟΓΩΝ ΜΗΧΑΝΙΚΩΝ Τ.Ε.', 'el');
INSERT INTO department_name (department_id, name, locale) VALUES (498, 'ΗΛΕΚΤΡΟΛΟΓΙΑΣ', 'el');
INSERT INTO department_name (department_id, name, locale) VALUES (499, 'ΗΛΕΚΤΡΟΛΟΓΩΝ ΜΗΧΑΝΙΚΩΝ Τ.Ε.', 'el');
INSERT INTO department_name (department_id, name, locale) VALUES (501, 'ΗΛΕΚΤΡΟΝΙΚΩΝ ΜΗΧΑΝΙΚΩΝ Τ.Ε.', 'el');
INSERT INTO department_name (department_id, name, locale) VALUES (503, 'ΗΛΕΚΤΡΟΝΙΚΩΝ ΜΗΧΑΝΙΚΩΝ Τ.Ε.', 'el');
INSERT INTO department_name (department_id, name, locale) VALUES (505, 'ΗΛΕΚΤΡΟΝΙΚΩΝ ΜΗΧΑΝΙΚΩΝ Τ.Ε.', 'el');
INSERT INTO department_name (department_id, name, locale) VALUES (506, 'ΜΗΧΑΝΙΚΩΝ ΠΛΗΡΟΦΟΡΙΚΗΣ Τ.Ε.', 'el');
INSERT INTO department_name (department_id, name, locale) VALUES (511, 'ΝΑΥΠΗΓΩΝ ΜΗΧΑΝΙΚΩΝ Τ.Ε.', 'el');
INSERT INTO department_name (department_id, name, locale) VALUES (512, 'ΜΗΧΑΝΙΚΩΝ ΕΝΕΡΓΕΙΑΚΗΣ ΤΕΧΝΟΛΟΓΙΑΣ Τ.Ε.', 'el');
INSERT INTO department_name (department_id, name, locale) VALUES (515, 'ΤΕΧΝΟΛΟΓΙΑΣ ΤΡΟΦΙΜΩΝ', 'el');
INSERT INTO department_name (department_id, name, locale) VALUES (516, 'ΜΗΧΑΝΟΛΟΓΩΝ ΟΧΗΜΑΤΩΝ Τ.Ε.', 'el');
INSERT INTO department_name (department_id, name, locale) VALUES (518, 'ΦΩΤΟΓΡΑΦΙΑΣ ΚΑΙ ΟΠΤΙΚΟΑΚΟΥΣΤΙΚΩΝ', 'el');
INSERT INTO department_name (department_id, name, locale) VALUES (519, 'ΕΣΩΤΕΡΙΚΗΣ ΑΡΧΙΤΕΚΤΟΝΙΚΗΣ, ΔΙΑΚΟΣΜΗΣΗΣ ΚΑΙ ΣΧΕΔΙΑΣΜΟΥ ΑΝΤΙΚΕΙΜΕΝΩΝ', 'el');
INSERT INTO department_name (department_id, name, locale) VALUES (520, 'ΣΥΝΤΗΡΗΣΗΣ ΑΡΧΑΙΟΤΗΤΩΝ & ‘ΕΡΓΩΝ ΤΕΧΝΗΣ', 'el');
INSERT INTO department_name (department_id, name, locale) VALUES (522, 'ΣΧΕΔΙΑΣΜΟΥ & ΤΕΧΝΟΛΟΓΙΑΣ ΞΥΛΟΥ & ΕΠΙΠΛΟΥ Τ.Ε.', 'el');
INSERT INTO department_name (department_id, name, locale) VALUES (524, 'ΠΛΗΡΟΦΟΡΙΚΗΣ ΚΑΙ ΜΕΣΩΝ ΜΑΖΙΚΗΣ ΕΝΗΜΕΡΩΣΗΣ', 'el');
INSERT INTO department_name (department_id, name, locale) VALUES (526, 'ΕΜΠΟΡΙΑΣ ΚΑΙ ΔΙΑΦΗΜΙΣΗΣ', 'el');
INSERT INTO department_name (department_id, name, locale) VALUES (528, 'ΑΡΧΙΤΕΚΤΟΝΙΚΗΣ ΤΟΠΙΟΥ', 'el');
INSERT INTO department_name (department_id, name, locale) VALUES (529, 'ΜΗΧΑΝΙΚΩΝ ΠΛΗΡΟΦΟΡΙΚΗΣ Τ.Ε.', 'el');
INSERT INTO department_name (department_id, name, locale) VALUES (532, 'ΜΗΧΑΝΙΚΩΝ ΦΥΣΙΚΩΝ ΠΟΡΩΝ ΚΑΙ ΠΕΡΙΒΑΛΛΟΝΤΟΣ Τ.Ε.', 'el');
INSERT INTO department_name (department_id, name, locale) VALUES (544, 'ΜΗΧΑΝΟΛΟΓΙΑ ΚΑΙ ΥΔΑΤΙΝΩΝ ΠΟΡΩΝ', 'el');
INSERT INTO department_name (department_id, name, locale) VALUES (545, 'ΜΗΧΑΝΙΚΗΣ ΒΙΟΣΥΣΤΗΜΑΤΩΝ', 'el');
INSERT INTO department_name (department_id, name, locale) VALUES (546, 'ΤΕΧΝΟΛΟΓΙΑΣ ΤΡΟΦΙΜΩΝ', 'el');
INSERT INTO department_name (department_id, name, locale) VALUES (547, 'ΤΕΧΝΟΛ. ΑΛΙΕΙΑΣ & ΥΔΑΤΟΚΑΛΛΙΕΡΓΕΙΩΝ', 'el');
INSERT INTO department_name (department_id, name, locale) VALUES (549, 'ΔΙΟΙΚΗΣΗΣ ΣΥΣΤΗΜΑΤΩΝ ΕΦΟΔΙΑΣΜΟΥ', 'el');
INSERT INTO department_name (department_id, name, locale) VALUES (550, 'ΔΑΣΟΠΟΝΙΑΣ ΚΑΙ ΔΙΑΧΕΙΡΙΣΗΣ  ΦΥΣΙΚΟΥ ΠΕΡΙΒΑΛΛΟΝΤΟΣ', 'el');
INSERT INTO department_name (department_id, name, locale) VALUES (551, 'ΔΑΣΟΠΟΝΙΑΣ ΚΑΙ ΔΙΑΧΕΙΡΙΣΗΣ ΦΥΣΙΚΟΥ ΠΕΡΙΒΑΛΛΟΝΤΟΣ', 'el');
INSERT INTO department_name (department_id, name, locale) VALUES (553, 'ΔΑΣΟΠΟΝΙΑΣ ΚΑΙ ΔΙΑΧΕΙΡΙΣΗΣ ΦΥΣΙΚΟΥ ΠΕΡΙΒΑΛΛΟΝΤΟΣ', 'el');
INSERT INTO department_name (department_id, name, locale) VALUES (555, 'ΤΕΧΝΟΛΟΓΙΑΣ ΑΛΙΕΙΑΣ - ΥΔΑΤΟΚΑΛΛΙΕΡΓΕΙΩΝ', 'el');
INSERT INTO department_name (department_id, name, locale) VALUES (557, 'ΤΕΧΝΟΛΟΓΩΝ ΓΕΩΠΟΝΩΝ', 'el');
INSERT INTO department_name (department_id, name, locale) VALUES (559, 'ΛΟΓΙΣΤΙΚΗΣ ΚΑΙ ΧΡΗΜΑΤΟΟΙΚΟΝΟΜΙΚΗΣ', 'el');
INSERT INTO department_name (department_id, name, locale) VALUES (561, 'ΛΟΓΙΣΤΙΚΗΣ ΚΑΙ ΧΡΗΜΑΤΟΟΙΚΟΝΟΜΙΚΗΣ', 'el');
INSERT INTO department_name (department_id, name, locale) VALUES (563, 'ΛΟΓΙΣΤΙΚΗΣ', 'el');
INSERT INTO department_name (department_id, name, locale) VALUES (565, 'ΛΟΓΙΣΤΙΚΗΣ ΚΑΙ ΧΡΗΜΑΤΟΟΙΚΟΝΟΜΙΚΗΣ', 'el');
INSERT INTO department_name (department_id, name, locale) VALUES (569, 'ΛΟΓΙΣΤΙΚΗΣ ΚΑΙ ΧΡΗΜΑΤΟΟΙΚΟΝΟΜΙΚΗΣ', 'el');
INSERT INTO department_name (department_id, name, locale) VALUES (575, 'ΛΟΓΙΣΤΙΚΗΣ ΚΑΙ ΧΡΗΜΑΤΟΟΙΚΟΝΟΜΙΚΗΣ', 'el');
INSERT INTO department_name (department_id, name, locale) VALUES (577, 'ΛΟΓΙΣΤΙΚΗΣ ΚΑΙ ΧΡΗΜΑΤΟΟΙΚΟΝΟΜΙΚΗΣ', 'el');
INSERT INTO department_name (department_id, name, locale) VALUES (580, 'ΔΙΕΘΝΟΥΣ ΕΜΠΟΡΙΟΥ', 'el');
INSERT INTO department_name (department_id, name, locale) VALUES (581, 'ΕΜΠΟΡΙΑΣ & ΔΙΑΦΗΜΙΣΗΣ', 'el');
INSERT INTO department_name (department_id, name, locale) VALUES (583, 'ΕΜΠΟΡΙΑΣ & ΔΙΑΦΗΜΙΣΗΣ', 'el');
INSERT INTO department_name (department_id, name, locale) VALUES (587, 'ΔΙΟΙΚΗΣΗΣ ΕΠΙΧΕΙΡΗΣΕΩΝ', 'el');
INSERT INTO department_name (department_id, name, locale) VALUES (595, 'ΔΙΟΙΚΗΣΗΣ ΕΠΙΧΕΙΡΗΣΕΩΝ', 'el');
INSERT INTO department_name (department_id, name, locale) VALUES (596, 'ΔΙΟΙΚΗΣΗΣ ΕΠΙΧΕΙΡΗΣΕΩΝ (ΚΟΖΑΝΗ)', 'el');
INSERT INTO department_name (department_id, name, locale) VALUES (597, 'ΔΙΟΙΚΗΣΗΣ ΕΠΙΧΕΙΡΗΣΕΩΝ', 'el');
INSERT INTO department_name (department_id, name, locale) VALUES (599, 'ΒΙΒΛΙΟΘΗΚΟΝΟΜΙΑΣ ΚΑΙ ΣΥΣΤΗΜΑΤΩΝ ΠΛΗΡΟΦΟΡΗΣΗΣ', 'el');
INSERT INTO department_name (department_id, name, locale) VALUES (601, 'ΒΙΒΛΙΟΘΗΚΟΝΟΜΙΑΣ ΚΑΙ ΣΥΣΤΗΜΑΤΩΝ ΠΛΗΡΟΦΟΡΗΣΗΣ', 'el');
INSERT INTO department_name (department_id, name, locale) VALUES (607, 'ΤΟΥΡΙΣΤΙΚΩΝ ΕΠΙΧΕΙΡΗΣΕΩΝ', 'el');
INSERT INTO department_name (department_id, name, locale) VALUES (615, 'ΦΥΣΙΚΟΘΕΡΑΠΕΙΑΣ', 'el');
INSERT INTO department_name (department_id, name, locale) VALUES (616, 'ΦΥΣΙΚΟΘΕΡΑΠΕΙΑΣ', 'el');
INSERT INTO department_name (department_id, name, locale) VALUES (617, 'ΦΥΣΙΚΟΘΕΡΑΠΕΙΑΣ', 'el');
INSERT INTO department_name (department_id, name, locale) VALUES (618, 'ΛΟΓΟΘΕΡΑΠΕΙΑΣ', 'el');
INSERT INTO department_name (department_id, name, locale) VALUES (619, 'ΕΡΓΟΘΕΡΑΠΕΙΑΣ', 'el');
INSERT INTO department_name (department_id, name, locale) VALUES (620, 'ΛΟΓΟΘΕΡΑΠΕΙΑΣ', 'el');
INSERT INTO department_name (department_id, name, locale) VALUES (621, 'ΙΑΤΡΙΚΩΝ ΕΡΓΑΣΤΗΡΙΩΝ', 'el');
INSERT INTO department_name (department_id, name, locale) VALUES (623, 'ΙΑΤΡΙΚΩΝ ΕΡΓΑΣΤΗΡΙΩΝ', 'el');
INSERT INTO department_name (department_id, name, locale) VALUES (625, 'ΙΑΤΡΙΚΩΝ ΕΡΓΑΣΤΗΡΙΩΝ', 'el');
INSERT INTO department_name (department_id, name, locale) VALUES (627, 'ΡΑΔΙΟΛΟΓΙΑΣ - ΑΚΤΙΝΟΛΟΓΙΑΣ', 'el');
INSERT INTO department_name (department_id, name, locale) VALUES (628, 'ΔΙΑΤΡΟΦΗΣ & ΔΙΑΙΤΟΛΟΓΙΑΣ', 'el');
INSERT INTO department_name (department_id, name, locale) VALUES (629, 'ΟΔΟΝΤΙΚΗΣ ΤΕΧΝΟΛΟΓΙΑΣ', 'el');
INSERT INTO department_name (department_id, name, locale) VALUES (635, 'ΟΠΤΙΚΗΣ ΚΑΙ ΟΠΤΟΜΕΤΡΙΑΣ', 'el');
INSERT INTO department_name (department_id, name, locale) VALUES (637, 'ΑΙΣΘΗΤΙΚΗΣ ΚΑΙ ΚΟΣΜΗΤΟΛΟΓΙΑΣ', 'el');
INSERT INTO department_name (department_id, name, locale) VALUES (639, 'ΑΙΣΘΗΤΙΚΗΣ ΚΑΙ ΚΟΣΜΗΤΟΛΟΓΙΑΣ', 'el');
INSERT INTO department_name (department_id, name, locale) VALUES (641, 'ΚΟΙΝΩΝΙΚΗΣ ΕΡΓΑΣΙΑΣ', 'el');
INSERT INTO department_name (department_id, name, locale) VALUES (643, 'ΚΟΙΝΩΝΙΚΗΣ ΕΡΓΑΣΙΑΣ', 'el');
INSERT INTO department_name (department_id, name, locale) VALUES (644, 'ΜΗΧΑΝΙΚΩΝ ΜΟΥΣΙΚΗΣ ΤΕΧΝΟΛΟΓΙΑΣ ΚΑΙ ΑΚΟΥΣΤΙΚΗΣ Τ.Ε.', 'el');
INSERT INTO department_name (department_id, name, locale) VALUES (645, 'ΝΟΣΗΛΕΥΤΙΚΗΣ', 'el');
INSERT INTO department_name (department_id, name, locale) VALUES (647, 'ΝΟΣΗΛΕΥΤΙΚΗΣ', 'el');
INSERT INTO department_name (department_id, name, locale) VALUES (649, 'ΝΟΣΗΛΕΥΤΙΚΗΣ', 'el');
INSERT INTO department_name (department_id, name, locale) VALUES (651, 'ΝΟΣΗΛΕΥΤΙΚΗΣ', 'el');
INSERT INTO department_name (department_id, name, locale) VALUES (652, 'ΝΟΣΗΛΕΥΤΙΚΗΣ', 'el');
INSERT INTO department_name (department_id, name, locale) VALUES (653, 'ΝΟΣΗΛΕΥΤΙΚΗΣ', 'el');
INSERT INTO department_name (department_id, name, locale) VALUES (654, 'ΝΟΣΗΛΕΥΤΙΚΗΣ', 'el');
INSERT INTO department_name (department_id, name, locale) VALUES (655, 'ΜΑΙΕΥΤΙΚΗΣ', 'el');
INSERT INTO department_name (department_id, name, locale) VALUES (657, 'ΜΑΙΕΥΤΙΚΗΣ', 'el');
INSERT INTO department_name (department_id, name, locale) VALUES (659, 'ΦΥΣΙΚΟΘΕΡΑΠΕΙΑΣ', 'el');
INSERT INTO department_name (department_id, name, locale) VALUES (661, 'ΚΟΙΝΩΝΙΚΗΣ ΕΡΓΑΣΙΑΣ', 'el');
INSERT INTO department_name (department_id, name, locale) VALUES (662, 'ΜΑΙΕΥΤΙΚΗΣ', 'el');
INSERT INTO department_name (department_id, name, locale) VALUES (663, 'ΛΟΓΟΘΕΡΑΠΕΙΑΣ', 'el');
INSERT INTO department_name (department_id, name, locale) VALUES (690, 'ΠΡΟΣΧΟΛΙΚΗΣ ΑΓΩΓΗΣ', 'el');
INSERT INTO department_name (department_id, name, locale) VALUES (692, 'ΠΡΟΣΧΟΛΙΚΗΣ ΑΓΩΓΗΣ', 'el');
INSERT INTO department_name (department_id, name, locale) VALUES (694, 'ΠΡΟΣΧΟΛΙΚΗΣ ΑΓΩΓΗΣ', 'el');
INSERT INTO department_name (department_id, name, locale) VALUES (696, 'ΛΑΙΚΗΣ ΚΑΙ ΠΑΡΑΔΟΣΙΑΚΗΣ ΜΟΥΣΙΚΗΣ', 'el');
INSERT INTO department_name (department_id, name, locale) VALUES (697, 'ΤΕΧΝΟΛΟΓΙΑΣ ΗΧΟΥ ΚΑΙ ΜΟΥΣΙΚΩΝ ΟΡΓΑΝΩΝ', 'el');
INSERT INTO department_name (department_id, name, locale) VALUES (701, 'ΚΛΩΣΤΟΫΦΑΝΤΟΥΡΓΩΝ ΜΗΧΑΝΙΚΩΝ Τ.Ε.', 'el');
INSERT INTO department_name (department_id, name, locale) VALUES (703, 'ΣΧΕΔΙΑΣΜΟΥ ΚΑΙ ΤΕΧΝΟΛΟΓΙΑΣ ΕΝΔΥΣΗΣ', 'el');
INSERT INTO department_name (department_id, name, locale) VALUES (705, 'ΗΛΕΚΤΡΟΝΙΚΩΝ ΜΗΧΑΝΙΚΩΝ Τ.Ε.', 'el');
INSERT INTO department_name (department_id, name, locale) VALUES (709, 'ΗΛΕΚΤΡΟΝΙΚΩΝ ΜΗΧΑΝΙΚΩΝ Τ.Ε.', 'el');
INSERT INTO department_name (department_id, name, locale) VALUES (710, 'ΜΗΧΑΝΙΚΩΝ ΠΛΗΡΟΦΟΡΙΚΗΣ Τ.Ε.', 'el');
INSERT INTO department_name (department_id, name, locale) VALUES (711, 'ΜΗΧΑΝΙΚΩΝ ΠΛΗΡΟΦΟΡΙΚΗΣ Τ.Ε.', 'el');
INSERT INTO department_name (department_id, name, locale) VALUES (712, 'ΜΗΧΑΝΙΚΩΝ ΠΛΗΡΟΦΟΡΙΚΗΣ Τ.Ε.', 'el');
INSERT INTO department_name (department_id, name, locale) VALUES (713, 'ΜΗΧΑΝΙΚΩΝ ΗΛΕΚΤΡΟΝΙΚΩΝ ΥΠΟΛΟΓΙΣΤΙΚΩΝ ΣΥΣΤΗΜΑΤΩΝ Τ.Ε.', 'el');
INSERT INTO department_name (department_id, name, locale) VALUES (714, 'ΜΗΧΑΝΙΚΩΝ ΑΥΤΟΜΑΤΙΣΜΟΥ Τ.Ε.', 'el');
INSERT INTO department_name (department_id, name, locale) VALUES (716, 'ΤΕΧΝΟΛΟΓΙΑΣ ΤΡΟΦΙΜΩΝ', 'el');
INSERT INTO department_name (department_id, name, locale) VALUES (717, 'ΤΕΧΝΟΛΟΓΙΑΣ ΤΡΟΦΙΜΩΝ', 'el');
INSERT INTO department_name (department_id, name, locale) VALUES (718, 'ΟΙΝΟΛΟΓΙΑΣ & ΤΕΧΝΟΛΟΓΙΑΣ ΠΟΤΩΝ', 'el');
INSERT INTO department_name (department_id, name, locale) VALUES (719, 'ΔΙΑΤΡΟΦΗΣ ΚΑΙ ΔΙΑΙΤΟΛΟΓΙΑΣ', 'el');
INSERT INTO department_name (department_id, name, locale) VALUES (720, 'ΜΗΧΑΝΙΚΩΝ ΑΥΤΟΜΑΤΙΣΜΟΥ Τ.Ε.', 'el');
INSERT INTO department_name (department_id, name, locale) VALUES (722, 'ΜΗΧΑΝΙΚΩΝ ΑΥΤΟΜΑΤΙΣΜΟΥ Τ.Ε.', 'el');
INSERT INTO department_name (department_id, name, locale) VALUES (723, 'ΜΗΧΑΝΙΚΩΝ ΠΛΗΡΟΦΟΡΙΚΗΣ Τ.Ε.', 'el');
INSERT INTO department_name (department_id, name, locale) VALUES (724, 'ΜΗΧΑΝΙΚΩΝ ΠΛΗΡΟΦΟΡΙΚΗΣ Τ.Ε.', 'el');
INSERT INTO department_name (department_id, name, locale) VALUES (725, 'ΜΗΧΑΝΙΚΩΝ ΠΛΗΡΟΦΟΡΙΚΗΣ Τ.Ε.', 'el');
INSERT INTO department_name (department_id, name, locale) VALUES (727, 'ΜΗΧΑΝΙΚΩΝ ΠΛΗΡΟΦΟΡΙΚΗΣ Τ.Ε.', 'el');
INSERT INTO department_name (department_id, name, locale) VALUES (730, 'ΨΗΦΙΑΚΩΝ ΜΕΣΩΝ ΚΑΙ ΕΠΙΚΟΙΝΩΝΙΑΣ Τ.Ε.', 'el');
INSERT INTO department_name (department_id, name, locale) VALUES (731, 'ΛΟΓΙΣΤΙΚΗΣ ΚΑΙ ΧΡΗΜΑΤΟΟΙΚΟΝΟΜΙΚΗΣ', 'el');
INSERT INTO department_name (department_id, name, locale) VALUES (735, 'ΜΗΧΑΝΙΚΩΝ ΠΛΗΡΟΦΟΡΙΚΗΣ Τ.Ε.', 'el');
INSERT INTO department_name (department_id, name, locale) VALUES (736, 'ΜΗΧΑΝΙΚΩΝ ΠΛΗΡΟΦΟΡΙΚΗΣ Τ.Ε.', 'el');
INSERT INTO department_name (department_id, name, locale) VALUES (737, 'ΜΗΧΑΝΙΚΩΝ ΤΕΧΝΟΛΟΓΙΑΣ ΑΕΡΟΣΚΑΦΩΝ Τ.Ε.', 'el');
INSERT INTO department_name (department_id, name, locale) VALUES (739, 'ΤΕΧΝΟΛΟΓΙΑΣ ΤΡΟΦΙΜΩΝ', 'el');
INSERT INTO department_name (department_id, name, locale) VALUES (740, 'ΔΙΟΙΚΗΣΗΣ ΣΥΣΤΗΜΑΤΩΝ ΕΦΟΔΙΑΣΜΟΥ', 'el');
INSERT INTO department_name (department_id, name, locale) VALUES (741, 'ΔΗΜΟΣΙΩΝ ΣΧΕΣΕΩΝ ΚΑΙ ΕΠΙΚΟΙΝΩΝΙΑΣ', 'el');
INSERT INTO department_name (department_id, name, locale) VALUES (742, 'ΟΠΤΙΚΗΣ ΚΑΙ ΟΠΤΟΜΕΤΡΙΑΣ', 'el');
INSERT INTO department_name (department_id, name, locale) VALUES (744, 'ΝΟΣΗΛΕΥΤΙΚΗΣ', 'el');
INSERT INTO department_name (department_id, name, locale) VALUES (745, 'ΕΜΠΟΡΙΑΣ ΚΑΙ ΔΙΑΦΗΜΙΣΗΣ', 'el');
INSERT INTO department_name (department_id, name, locale) VALUES (747, 'ΔΙΑΤΡΟΦΗΣ ΚΑΙ ΔΙΑΙΤΟΛΟΓΙΑΣ', 'el');
INSERT INTO department_name (department_id, name, locale) VALUES (750, 'ΕΣΩΤΕΡΙΚΗΣ ΑΡΧΙΤΕΚΤΟΝΙΚΗΣ, ΔΙΑΚΟΣΜΗΣΗΣ ΚΑΙ ΣΧΕΔΙΑΣΜΟΥ ΑΝΤΙΚΕΙΜΕΝΩΝ', 'el');
INSERT INTO department_name (department_id, name, locale) VALUES (751, 'ΔΙΟΙΚΗΣΗΣ ΕΠΙΧΕΙΡΗΣΕΩΝ (ΑΓΙΟΣ ΝΙΚΟΛΑΟΣ)', 'el');
INSERT INTO department_name (department_id, name, locale) VALUES (752, 'ΟΙΝΟΛΟΓΙΑΣ & ΤΕΧΝΟΛΟΓΙΑΣ ΠΟΤΩΝ', 'el');
INSERT INTO department_name (department_id, name, locale) VALUES (755, 'ΔΙΟΙΚΗΣΗΣ, ΟΙΚΟΝΟΜΙΑΣ ΚΑΙ ΕΠΙΚΟΙΝΩΝΙΑΣ ΠΟΛΙΤΙΣΤΙΚΩΝ ΚΑΙ ΤΟΥΡΙΣΤΙΚΩΝ ΜΟΝΑΔΩΝ', 'el');
INSERT INTO department_name (department_id, name, locale) VALUES (756, 'ΔΙΟΙΚΗΣΗΣ ΟΙΚΟΝΟΜΙΑΣ ΚΑΙ ΕΠΙΚΟΙΝΩΝΙΑΣ ΠΟΛΙΤΙΣΤΙΚΩΝ ΚΑΙ ΤΟΥΡΙΣΤΙΚΩΝ ΜΟΝΑΔΩΝ', 'el');
INSERT INTO department_name (department_id, name, locale) VALUES (757, 'ΤΕΧΝΟΛΟΓΩΝ ΓΕΩΠΟΝΩΝ', 'el');
INSERT INTO department_name (department_id, name, locale) VALUES (758, 'ΤΕΧΝΟΛΟΓΩΝ ΓΕΩΠΟΝΩΝ', 'el');
INSERT INTO department_name (department_id, name, locale) VALUES (759, 'ΤΕΧΝΟΛΟΓΩΝ ΓΕΩΠΟΝΩΝ', 'el');
INSERT INTO department_name (department_id, name, locale) VALUES (760, 'ΤΕΧΝΟΛΟΓΩΝ ΓΕΩΠΟΝΩΝ', 'el');
INSERT INTO department_name (department_id, name, locale) VALUES (761, 'ΤΕΧΝΟΛΟΓΩΝ ΓΕΩΠΟΝΩΝ', 'el');
INSERT INTO department_name (department_id, name, locale) VALUES (762, 'ΤΕΧΝΟΛΟΓΩΝ ΓΕΩΠΟΝΩΝ', 'el');
INSERT INTO department_name (department_id, name, locale) VALUES (765, 'ΔΙΟΙΚΗΣΗΣ ΕΠΙΧΕΙΡΗΣΕΩΝ (ΜΕΣΟΛΟΓΓΙ)', 'el');
INSERT INTO department_name (department_id, name, locale) VALUES (766, 'ΔΙΟΙΚΗΣΗΣ ΕΠΙΧΕΙΡΗΣΕΩΝ (ΠΑΤΡΑ)', 'el');
INSERT INTO department_name (department_id, name, locale) VALUES (767, 'ΜΗΧΑΝΟΛΟΓΩΝ ΜΗΧΑΝΙΚΩΝ Τ.Ε.', 'el');
INSERT INTO department_name (department_id, name, locale) VALUES (768, 'ΠΟΛΙΤΙΚΩΝ ΜΗΧΑΝΙΚΩΝ Τ.Ε.', 'el');
INSERT INTO department_name (department_id, name, locale) VALUES (769, 'ΠΟΛΙΤΙΚΩΝ ΜΗΧΑΝΙΚΩΝ Τ.Ε. (ΤΡΙΚΑΛΑ)', 'el');
INSERT INTO department_name (department_id, name, locale) VALUES (772, 'ΛΟΓΙΣΤΙΚΗΣ ΚΑΙ ΧΡΗΜΑΤΟΟΙΚΟΝΟΜΙΚΗΣ', 'el');
INSERT INTO department_name (department_id, name, locale) VALUES (773, 'ΛΟΓΙΣΤΙΚΗΣ ΚΑΙ ΧΡΗΜΑΤΟΟΙΚΟΝΟΜΙΚΗΣ', 'el');
INSERT INTO department_name (department_id, name, locale) VALUES (774, 'ΛΟΓΙΣΤΙΚΗΣ ΚΑΙ ΧΡΗΜΑΤΟΟΙΚΟΝΟΜΙΚΗΣ', 'el');
INSERT INTO department_name (department_id, name, locale) VALUES (775, 'ΛΟΓΙΣΤΙΚΗΣ ΚΑΙ ΧΡΗΜΑΤΟΟΙΚΟΝΟΜΙΚΗΣ', 'el');
INSERT INTO department_name (department_id, name, locale) VALUES (776, 'ΕΚΠΑΙΔΕΥΤΙΚΩΝ ΠΟΛΙΤΙΚΩΝ ΜΗΧΑΝΙΚΩΝ', 'el');
INSERT INTO department_name (department_id, name, locale) VALUES (8012, '-', 'el');
INSERT INTO department_name (department_id, name, locale) VALUES (8013, '-', 'el');
INSERT INTO department_name (department_id, name, locale) VALUES (8014, '-', 'el');
INSERT INTO department_name (department_id, name, locale) VALUES (8017, 'ΠΑΙΔΑΓΩΓΙΚΟ ΤΜΗΜΑ', 'el');
INSERT INTO department_name (department_id, name, locale) VALUES (9996, 'ΕΙΚΑΣΤΙΚΩΝ ΚΑΙ ΕΦΑΡΜΟΣΜΕΝΩΝ ΤΕΧΝΩΝ', 'el');
INSERT INTO department_name (department_id, name, locale) VALUES (9997, 'ΕΙΚΑΣΤΙΚΩΝ ΤΕΧΝΩΝ', 'el');
INSERT INTO department_name (department_id, name, locale) VALUES (9998, 'ΕΙΚΑΣΤΙΚΩΝ ΚΑΙ ΕΦΑΡΜΟΣΜΕΝΩΝ ΤΕΧΝΩΝ', 'el');
INSERT INTO department_name (department_id, name, locale) VALUES (1001, 'ΔΙΟΙΚΗΣΗΣ ΕΠΙΧΕΙΡΗΣΕΩΝ ', 'el');
INSERT INTO department_name (department_id, name, locale) VALUES (1002, 'ΕΚΠΑΙΔΕΥΤΙΚΩΝ ΗΛΕΚΤΡΟΛΟΓΙΑΣ ΚΑΙ ΗΛΕΚΤΡΟΝΙΚΗΣ ', 'el');
INSERT INTO department_name (department_id, name, locale) VALUES (1003, 'ΚΟΙΝΩΝΙΚΗΣ ΔΙΟΙΚΗΣΗΣ ΚΑΙ ΠΟΛΙΤΙΚΗΣ ΕΠΙΣΤΗΜΗΣ ', 'el');
INSERT INTO department_name (department_id, name, locale) VALUES (1004, 'ΜΑΘΗΜΑΤΙΚΩΝ ', 'el');
INSERT INTO department_name (department_id, name, locale) VALUES (1005, 'ΜΑΘΗΜΑΤΙΚΩΝ ΚΑΙ ΕΦΑΡΜΟΣΜΕΝΩΝ ΜΑΘΗΜΑΤΙΚΩΝ ', 'el');
INSERT INTO department_name (department_id, name, locale) VALUES (1006, 'ΠΟΛΙΤΙΚΩΝ ΜΗΧΑΝΙΚΩΝ Τ.Ε. ΚΑΙ ΜΗΧΑΝΙΚΩΝ ΤΟΠΟΓΡΑΦΙΑΣ ΚΑΙ ΓΕΩΠΛΗΡΟΦΟΡΙΚΗΣ Τ.Ε. ', 'el');
INSERT INTO department_name (department_id, name, locale) VALUES (1007, 'ΓΡΑΦΙΣΤΙΚΗΣ ', 'el');
INSERT INTO department_name (department_id, name, locale) VALUES (1008, 'ΔΙΟΙΚΗΣΗΣ ΕΠΙΧΕΙΡΗΣΕΩΝ ', 'el');
INSERT INTO department_name (department_id, name, locale) VALUES (1009, 'ΔΗΜΟΣΙΑΣ ΥΓΕΙΑΣ ΚΑΙ ΚΟΙΝΟΤΙΚΗΣ ΥΓΕΙΑΣ ', 'el');
INSERT INTO department_name (department_id, name, locale) VALUES (1010, 'ΜΗΧΑΝΙΚΩΝ ΤΕΧΝΟΛΟΓΙΑΣ ΠΕΤΡΕΛΑΙΟΥ ΚΑΙ ΦΥΣΙΚΟΥ ΑΕΡΙΟΥ Τ.Ε. ΚΑΙ ΜΗΧΑΝΟΛΟΓΩΝ ΜΗΧΑΝΙΚΩΝ Τ.Ε. ', 'el');
INSERT INTO department_name (department_id, name, locale) VALUES (1011, 'ΜΗΧΑΝΟΛΟΓΩΝ ΜΗΧΑΝΙΚΩΝ ΚΑΙ ΒΙΟΜΗΧΑΝΙΚΟΥ ΣΧΕΔΙΑΣΜΟΥ Τ.Ε. ', 'el');
INSERT INTO department_name (department_id, name, locale) VALUES (1012, 'ΜΗΧΑΝΙΚΩΝ ΠΕΡΙΒΑΛΛΟΝΤΟΣ ΚΑΙ ΜΗΧΑΝΙΚΩΝ ΑΝΤΙΡΡΥΠΑΝΣΗΣ Τ.Ε.  ', 'el');
INSERT INTO department_name (department_id, name, locale) VALUES (1013, 'ΔΙΟΙΚΗΣΗΣ ΕΠΙΧΕΙΡΗΣΕΩΝ (ΓΡΕΒΕΝΑ) ', 'el');
INSERT INTO department_name (department_id, name, locale) VALUES (1014, 'ΔΙΟΙΚΗΣΗΣ ΕΠΙΧΕΙΡΗΣΕΩΝ ', 'el');
INSERT INTO department_name (department_id, name, locale) VALUES (1015, 'ΔΙΟΙΚΗΣΗΣ ΕΠΙΧΕΙΡΗΣΕΩΝ ', 'el');
INSERT INTO department_name (department_id, name, locale) VALUES (1016, 'ΤΕΧΝΟΛΟΓΩΝ ΠΕΡΙΒΑΛΛΟΝΤΟΣ Τ.Ε. ', 'el');
INSERT INTO department_name (department_id, name, locale) VALUES (1017, 'ΔΙΟΙΚΗΣΗΣ ΕΠΙΧΕΙΡΗΣΕΩΝ ', 'el');
INSERT INTO department_name (department_id, name, locale) VALUES (1018, 'ΠΟΛΙΤΙΚΩΝ ΜΗΧΑΝΙΚΩΝ Τ.Ε. ΚΑΙ ΜΗΧΑΝΙΚΩΝ ΤΟΠΟΓΡΑΦΙΑΣ ΚΑΙ ΓΕΩΠΛΗΡΟΦΟΡΙΚΗΣ Τ.Ε.  ', 'el');
INSERT INTO department_name (department_id, name, locale) VALUES (1020, 'ΔΙΟΙΚΗΣΗΣ ΕΠΙΧΕΙΡΗΣΕΩΝ (ΗΡΑΚΛΕΙΟ) ', 'el');
INSERT INTO department_name (department_id, name, locale) VALUES (1021, 'ΔΙΟΙΚΗΣΗΣ ΕΠΙΧΕΙΡΗΣΕΩΝ ', 'el');
INSERT INTO department_name (department_id, name, locale) VALUES (1022, 'ΔΙΟΙΚΗΣΗΣ ΕΠΙΧΕΙΡΗΣΕΩΝ ΚΑΙ ΟΡΓΑΝΙΣΜΩΝ ', 'el');
INSERT INTO department_name (department_id, name, locale) VALUES (1023, '-', 'el');
INSERT INTO department_name (department_id, name, locale) VALUES (1024, '-', 'el');
INSERT INTO department_name (department_id, name, locale) VALUES (1025, '-', 'el');
INSERT INTO department_name (department_id, name, locale) VALUES (1026, '-', 'el');
INSERT INTO department_name (department_id, name, locale) VALUES (20001, 'ΚΕΝΤΡΟ ΕΡΕΥΝΑΣ ΤΗΣ ΒΥΖΑΝΤΙΝΗΣ ΚΑΙ ΜΕΤΑΒΥΖΑΝΤΙΝΗΣ ΤΕΧΝΗΣ', 'el');
INSERT INTO department_name (department_id, name, locale) VALUES (20002, 'ΚΕΝΤΡΟ ΕΡΕΥΝΗΣ ΤΩΝ ΝΕΟΕΛΛΗΝΙΚΩΝ ΔΙΑΛΕΚΤΩΝ ΚΑΙ ΙΔΙΩΜΑΤΩΝ Ι.Λ.Ν.Ε', 'el');
INSERT INTO department_name (department_id, name, locale) VALUES (20003, 'ΚΕΝΤΡΟ ΕΡΕΥΝΩΝ ΑΣΤΡΟΝΟΜΙΑΣ ΚΑΙ ΕΦΗΡΜΟΣΜΕΝΩΝ ΜΑΘΗΜΑΤΙΚΩΝ', 'el');
INSERT INTO department_name (department_id, name, locale) VALUES (20004, 'ΚΕΝΤΡΟ ΕΡΕΥΝΩΝ ΘΕΩΡΗΤΙΚΩΝ ΚΑΙ ΕΦΗΡΜΟΣΜΕΝΩΝ ΜΑΘΗΜΑΤΙΚΩΝ ', 'el');
INSERT INTO department_name (department_id, name, locale) VALUES (20005, 'ΚΕΝΤΡΟΝ ΕΡΕΥΝΗΣ ΕΠΙΣΤΗΜΟΝΙΚΩΝ ΟΡΩΝ ΚΑΙ ΝΕΟΛΟΓΙΣΜΩΝ', 'el');
INSERT INTO department_name (department_id, name, locale) VALUES (20006, 'ΚΕΝΤΡΟΝ ΕΡΕΥΝΗΣ ΤΗΣ ΑΡΧΑΙΟΤΗΤΟΣ', 'el');
INSERT INTO department_name (department_id, name, locale) VALUES (20007, 'ΚΕΝΤΡΟΝ ΕΡΕΥΝΗΣ ΤΗΣ ΕΛΛΗΝΙΚΗΣ ΚΑΙ ΛΑΤΙΝΙΚΗΣ ΓΡΑΜΜΑΤΕΙΑΣ', 'el');
INSERT INTO department_name (department_id, name, locale) VALUES (20008, 'ΚΕΝΤΡΟΝ ΕΡΕΥΝΗΣ ΤΗΣ ΕΛΛΗΝΙΚΗΣ ΚΟΙΝΩΝΙΑΣ', 'el');
INSERT INTO department_name (department_id, name, locale) VALUES (20009, 'ΚΕΝΤΡΟΝ ΕΡΕΥΝΗΣ ΤΗΣ ΕΛΛΗΝΙΚΗΣ ΛΑΟΓΡΑΦΙΑΣ', 'el');
INSERT INTO department_name (department_id, name, locale) VALUES (20010, 'ΚΕΝΤΡΟΝ ΕΡΕΥΝΗΣ ΤΗΣ ΕΛΛΗΝΙΚΗΣ ΦΙΛΟΣΟΦΙΑΣ', 'el');
INSERT INTO department_name (department_id, name, locale) VALUES (20011, 'ΚΕΝΤΡΟΝ ΕΡΕΥΝΗΣ ΤΗΣ ΙΣΤΟΡΙΑΣ ΤΟΥ ΕΛΛΗΝΙΚΟΥ ΔΙΚΑΙΟΥ', 'el');
INSERT INTO department_name (department_id, name, locale) VALUES (20012, 'ΚΕΝΤΡΟΝ ΕΡΕΥΝΗΣ ΤΗΣ ΙΣΤΟΡΙΑΣ ΤΟΥ ΝΕΩΤΕΡΟΥ ΕΛΛΗΝΙΣΜΟΥ', 'el');
INSERT INTO department_name (department_id, name, locale) VALUES (20013, 'ΚΕΝΤΡΟΝ ΕΡΕΥΝΗΣ ΤΟΥ ΜΕΣΑΙΩΝΙΚΟΥ ΚΑΙ ΝΕΟΥ ΕΛΛΗΝΙΣΜΟΥ', 'el');
INSERT INTO department_name (department_id, name, locale) VALUES (20014, 'ΚΕΝΤΡΟΝ ΕΡΕΥΝΗΣ ΦΥΣΙΚΗΣ ΤΗΣ ΑΤΜΟΣΦΑΙΡΑΣ ΚΑΙ ΚΛΙΜΑΤΟΛΟΓΙΑΣ', 'el');
INSERT INTO department_name (department_id, name, locale) VALUES (20015, 'ΕΘΝΙΚΟ ΚΕΝΤΡΟ ΔΗΜΟΣΙΑΣ ΔΙΟΙΚΗΣΗΣ & ΑΥΤΟΔΙΟΙΚΗΣΗΣ', 'el');
INSERT INTO department_name (department_id, name, locale) VALUES (20016, 'ΓΕΩΔΥΝΑΜΙΚΟ ΙΝΣΤΙΤΟΥΤΟ ', 'el');
INSERT INTO department_name (department_id, name, locale) VALUES (20017, 'ΙΝΣΤΙΤΟΥΤΟ ΑΣΤΡΟΝΟΜΙΑΣ, ΑΣΤΡΟΦΥΣΙΚΗΣ, ΔΙΑΣΤΗΜΙΚΩΝ ΕΦΑΡΜΟΓΩΝ ΚΑΙ ΤΗΛΕΠΙΣΚΟΠΗΣΗΣ', 'el');
INSERT INTO department_name (department_id, name, locale) VALUES (20018, 'ΙΝΣΤΙΤΟΥΤΟ ΕΡΕΥΝΩΝ ΠΕΡΙΒΑΛΛΟΝΤΟΣ ΚΑΙ ΒΙΩΣΙΜΗΣ ΑΝΑΠΤΥΞΗΣ ', 'el');
INSERT INTO department_name (department_id, name, locale) VALUES (20019, 'ΙΝΣΤΙΤΟΥΤΟ ΤΕΧΝΟΛΟΓΙΩΝ & ΕΡΕΥΝΩΝ ΒΑΘΕΙΑΣ ΘΑΛΑΣΣΗΣ & ΑΣΤΡΟΣΩΜΑΤΙΔΙΑΚΗΣ ΦΥΣΙΚΗΣ ΝΕΤΡΙΝΩΝ "ΝΕΣΤΩΡ"', 'el');
INSERT INTO department_name (department_id, name, locale) VALUES (20020, 'ΙΝΣΤΙΤΟΥΤΟ ΒΙΟΕΠΙΣΤΗΜΩΝ ΚΑΙ ΕΦΑΡΜΟΓΩΝ ', 'el');
INSERT INTO department_name (department_id, name, locale) VALUES (20021, 'ΙΝΣΤΙΤΟΥΤΟ ΠΛΗΡΟΦΟΡΙΚΗΣ ΚΑΙ ΤΗΛΕΠΙΚΟΙΝΩΝΙΩΝ', 'el');
INSERT INTO department_name (department_id, name, locale) VALUES (20022, 'ΙΝΣΤΙΤΟΥΤΟ ΠΡΟΗΓΜΕΝΩΝ ΥΛΙΚΩΝ, ΦΥΣΙΚΟΧΗΜΙΚΩΝ ΔΙΕΡΓΑΣΙΩΝ, ΝΑΝΟΤΕΧΝΟΛΟΓΙΑΣ ΚΑΙ ΜΙΚΡΟΣΥΣΤΗΜΑΤΩΝ', 'el');
INSERT INTO department_name (department_id, name, locale) VALUES (20023, 'ΙΝΣΤΙΤΟΥΤΟ ΠΥΡΗΝΙΚΗΣ ΚΑΙ ΣΩΜΑΤΙΔΙΑΚΗΣ ΦΥΣΙΚΗΣ', 'el');
INSERT INTO department_name (department_id, name, locale) VALUES (20024, 'ΙΝΣΤΙΤΟΥΤΟ ΠΥΡΗΝΙΚΩΝ ΚΑΙ ΡΑΔΙΟΛΟΓΙΚΩΝ ΕΠΙΣΤΗΜΩΝ ΚΑΙ ΤΕΧΝΟΛΟΓΙΑΣ, ΕΝΕΡΓΕΙΑΣ ΚΑΙ ΑΣΦΑΛΕΙΑΣ', 'el');
INSERT INTO department_name (department_id, name, locale) VALUES (20025, 'ΙΝΣΤΙΤΟΥΤΟ ΑΣΤΙΚΗΣ ΚΑΙ ΑΓΡΟΤΙΚΗΣ ΚΟΙΝΩΝΙΟΛΟΓΙΑΣ', 'el');
INSERT INTO department_name (department_id, name, locale) VALUES (20026, 'ΙΝΣΤΙΤΟΥΤΟ ΚΟΙΝΩΝΙΚΗΣ ΠΟΛΙΤΙΚΗΣ', 'el');
INSERT INTO department_name (department_id, name, locale) VALUES (20027, 'ΙΝΣΤΙΤΟΥΤΟ ΠΟΛΙΤΙΚΗΣ ΚΟΙΝΩΝΙΟΛΟΓΙΑΣ', 'el');
INSERT INTO department_name (department_id, name, locale) VALUES (20028, 'ΙΝΣΤΙΤΟΥΤΟ ΕΣΩΤΕΡΙΚΩΝ ΥΔΑΤΩΝ', 'el');
INSERT INTO department_name (department_id, name, locale) VALUES (20029, 'ΙΝΣΤΙΤΟΥΤΟ ΘΑΛΑΣΣΙΑΣ ΒΙΟΛΟΓΙΑΣ ΚΑΙ ΓΕΝΕΤΙΚΗΣ', 'el');
INSERT INTO department_name (department_id, name, locale) VALUES (20030, 'ΙΝΣΤΙΤΟΥΤΟ ΘΑΛΑΣΣΙΩΝ ΒΙΟΛΟΓΙΚΩΝ ΠΟΡΩΝ ', 'el');
INSERT INTO department_name (department_id, name, locale) VALUES (20031, 'ΙΝΣΤΙΤΟΥΤΟ ΥΔΑΤΟΚΑΛΛΙΕΡΓΕΙΩΝ', 'el');
INSERT INTO department_name (department_id, name, locale) VALUES (20032, 'ΙΝΣΤΙΤΟΥΤΟ ΩΚΕΑΝΟΓΡΑΦΙΑΣ ', 'el');
INSERT INTO department_name (department_id, name, locale) VALUES (20033, 'ΙΝΣΤΙΤΟΥΤΟ ΤΕΧΝΙΚΗΣ ΣΕΙΣΜΟΛΟΓΙΑΣ & ΑΝΤΙΣΕΙΣΜΙΚΩΝ ΚΑΤΑΣΚΕΥΩΝ – ΙΤΣΑΚ ', 'el');
INSERT INTO department_name (department_id, name, locale) VALUES (20034, 'ΓΕΩΡΓΙΚΗ ΚΑΙ ΒΙΟΤΕΧΝΙΚΗ ΣΧΟΛΗ ', 'el');
INSERT INTO department_name (department_id, name, locale) VALUES (20035, 'Ε.Π.Ι. " ΝΕΥΡΟΧΕΙΡΟΥΡΓΙΚΟ "  - ΠΑΝΕΠΙΣΤΗΜΙΟ ΙΩΑΝΝΙΝΩΝ', 'el');
INSERT INTO department_name (department_id, name, locale) VALUES (20036, 'Ε.Π.Ι. ΑΣΤΙΚΟΥ ΠΕΡΙΒΑΛΛΟΝΤΟΣ ΚΑΙ ΑΝΘΡΩΠΙΝΟΥ ΔΥΝΑΜΙΚΟΥ - ΠΑΝΤΕΙΟ ΠΑΝΕΠΙΣΤΗΜΙΟ', 'el');
INSERT INTO department_name (department_id, name, locale) VALUES (20037, 'Ε.Π.Ι. ΔΙΕΘΝΩΝ ΣΧΕΣΕΩΝ  -  ΠΑΝΤΕΙΟ ΠΑΝΕΠΙΣΤΗΜΙΟ', 'el');
INSERT INTO department_name (department_id, name, locale) VALUES (20038, 'Ε.Π.Ι. ΔΙΚΟΝΟΜΙΚΩΝ ΜΕΛΕΤΩΝ  - ΕΚΠΑ', 'el');
INSERT INTO department_name (department_id, name, locale) VALUES (20039, 'Ε.Π.Ι. ΕΠΙΤΑΧΥΝΤΙΚΩΝ ΣΥΣΤΗΜΑΤΩΝ ΚΑΙ ΕΦΑΡΜΟΓΩΝ ΕΚΠΑ', 'el');
INSERT INTO department_name (department_id, name, locale) VALUES (20040, 'Ε.Π.Ι. ΕΦΗΡΜΟΣΜΕΝΗΣ ΕΠΙΚΟΙΝΩΝΙΑΣ - ΕΚΠΑ', 'el');
INSERT INTO department_name (department_id, name, locale) VALUES (122, 'PHILOSOPHY, EDUCATION AND PSYCHOLOGY', 'en');
INSERT INTO department_name (department_id, name, locale) VALUES (20041, 'Ε.Π.Ι. ΜΕΛΕΤΗΣ ΚΑΙ ΑΝΤΙΜΕΤΩΠΙΣΗΣ ΓΕΝΕΤΙΚΩΝ ΚΑΚΟΗΘΩΝ ΝΟΣΗΜΑΤΩΝ ΤΗΣ ΠΑΙΔΙΚΗΣ ΗΛΙΚΙΑΣ-ΕΚΠΑ', 'el');
INSERT INTO department_name (department_id, name, locale) VALUES (20042, 'Ε.Π.Ι. ΟΙΚΟΝΟΜΙΚΩΝ ΚΑΙ ΚΟΙΝΩΝΙΚΩΝ ΕΠΙΣΤΗΜΩΝ ΠΑΝΕΠΙΣΤΗΜΙΟ ΜΑΚΕΔΟΝΙΑΣ', 'el');
INSERT INTO department_name (department_id, name, locale) VALUES (20043, 'Ε.Π.Ι. ΠΕΡΙΦΕΡΕΙΑΚΗΣ ΑΝΑΠΤΥΞΗΣ  -  ΠΑΝΤΕΙΟ ΠΑΝΕΠΙΣΤΗΜΙΟ', 'el');
INSERT INTO department_name (department_id, name, locale) VALUES (20044, 'Ε.Π.Ι. ΣΤΑΤΙΣΤΙΚΗΣ ΤΕΚΜΗΡΙΩΣΗΣ, ΑΝΑΛΥΣΗΣ & ΕΡΕΥΝΑΣ', 'el');
INSERT INTO department_name (department_id, name, locale) VALUES (20045, 'Ε.Π.Ι. ΣΥΝΤΑΓΜΑΤΙΚΩΝ ΕΡΕΥΝΩΝ  (Ι.Σ.Ε) -  ΕΚΠΑ', 'el');
INSERT INTO department_name (department_id, name, locale) VALUES (20046, 'Ε.Π.Ι. ΣΥΣΤΗΜΑΤΩΝ ΕΠΙΚΟΙΝΩΝΙΑΣ ΚΑΙ ΥΠΟΛΟΓΙΣΤΩΝ (Ε.Μ.Π.)', 'el');
INSERT INTO department_name (department_id, name, locale) VALUES (20047, 'Ε.Π.Ι. ΤΗΛΕΠΙΚΟΙΝΩΝΙΩΝ ΚΡΗΤΗΣ - ΠΟΛΥΤΕΧΝΕΙΟ ΚΡΗΤΗΣ', 'el');
INSERT INTO department_name (department_id, name, locale) VALUES (20048, 'Ε.Π.Ι. ΦΥΣΙΚΗΣ ΠΛΑΣΜΑΤΟΣ - ΠΑΝΕΠΙΣΤΗΜΙΟ ΚΡΗΤΗΣ', 'el');
INSERT INTO department_name (department_id, name, locale) VALUES (20049, 'Ε.Π.Ι. ΦΥΣΙΚΗΣ ΤΟΥ ΣΤΕΡΕΟΥ ΦΛΟΙΟΥ ΤΗΣ ΓΗΣ - ΕΚΠΑ', 'el');
INSERT INTO department_name (department_id, name, locale) VALUES (20050, 'Ε.Π.Ι. ΨΥΧΙΚΗΣ ΥΓΙΕΙΝΗΣ - ΕΚΠΑ', 'el');
INSERT INTO department_name (department_id, name, locale) VALUES (20051, 'ΕΘΝΙΚΟ KΕΝΤΡΟ ΔΙΑΒΗΤΗ ', 'el');
INSERT INTO department_name (department_id, name, locale) VALUES (20052, 'ΕΘΝΙΚΟ ΚΕΝΤΡΟ ΤΕΚΜΗΡΙΩΣΗΣ (ΕΚΤ)', 'el');
INSERT INTO department_name (department_id, name, locale) VALUES (20053, 'ΙΝΣΤΙΤΟΥΤΟ ΒΙΟΛΟΓΙΑΣ, ΦΑΡΜΑΚΕΥΤΙΚΗΣ, ΧΗΜΕΙΑΣ ΚΑΙ ΒΙΟΤΕΧΝΟΛΟΓΙΑΣ', 'el');
INSERT INTO department_name (department_id, name, locale) VALUES (20054, 'ΙΝΣΤΙΤΟΥΤΟ ΘΕΩΡΗΤΙΚΗΣ ΚΑΙ ΦΥΣΙΚΗΣ ΧΗΜΕΙΑΣ', 'el');
INSERT INTO department_name (department_id, name, locale) VALUES (20055, 'ΙΝΣΤΙΤΟΥΤΟ ΙΣΤΟΡΙΚΩΝ ΕΡΕΥΝΩΝ', 'el');
INSERT INTO department_name (department_id, name, locale) VALUES (20056, 'ΙΝΣΤΙΤΟΥΤΟ ΒΙΩΣΙΜΗΣ ΚΙΝΗΤΙΚΟΤΗΤΑΣ ΚΑΙ ΔΙΚΤΥΩΝ ΜΕΤΑΦΟΡΩΝ', 'el');
INSERT INTO department_name (department_id, name, locale) VALUES (20057, 'ΙΝΣΤΙΤΟΥΤΟ ΕΦΑΡΜΟΣΜΕΝΩΝ ΒΙΟΕΠΙΣΤΗΜΩΝ', 'el');
INSERT INTO department_name (department_id, name, locale) VALUES (20058, 'ΙΝΣΤΙΤΟΥΤΟ ΤΕΧΝΟΛΟΓΙΩΝ ΠΛΗΡΟΦΟΡΙΚΗΣ ΚΑΙ ΕΠΙΚΟΙΝΩΝΙΩΝ', 'el');
INSERT INTO department_name (department_id, name, locale) VALUES (20059, 'ΙΝΣΤΙΤΟΥΤΟ ΧΗΜΙΚΩΝ ΔΙΕΡΓΑΣΙΩΝ ΚΑΙ ΕΝΕΡΓΕΙΑΚΩΝ ΠΟΡΩΝ', 'el');
INSERT INTO department_name (department_id, name, locale) VALUES (20060, 'ΕΛΛΗΝΙΚΟ ΙΝΣΤΙΤΟΥΤΟ ΠΑΣΤΕΡ - ΕΙΠ ', 'el');
INSERT INTO department_name (department_id, name, locale) VALUES (20061, 'ΕΛΛΗΝΙΚΟ ΙΝΣΤΙΤΟΥΤΟ ΥΓΙΕΙΝΗΣ & ΑΣΦΑΛΕΙΑΣ ΤΗΣ ΕΡΓΑΣΙΑΣ ', 'el');
INSERT INTO department_name (department_id, name, locale) VALUES (20062, 'ΕΛΛΗΝΙΚΟΣ ΟΡΓΑΝΙΣΜΟΣ ΤΥΠΟΠΟΙΗΣΗΣ ', 'el');
INSERT INTO department_name (department_id, name, locale) VALUES (20064, 'ΙΝΣΤΙΤΟΥΤΟ ΑΝΟΣΟΛΟΓΙΑΣ ', 'el');
INSERT INTO department_name (department_id, name, locale) VALUES (20065, 'ΙΝΣΤΙΤΟΥΤΟ ΚΥΤΤΑΡΙΚΗΣ & ΑΝΑΠΤΥΞΙΑΚΗΣ ΒΙΟΛΟΓΙΑΣ ', 'el');
INSERT INTO department_name (department_id, name, locale) VALUES (20066, 'ΙΝΣΤΙΤΟΥΤΟ ΜΙΚΡΟΒΙΟΛΟΓΙΑΣ-ΙΟΛΟΓΙΑΣ ', 'el');
INSERT INTO department_name (department_id, name, locale) VALUES (20067, 'ΙΝΣΤΙΤΟΥΤΟ ΜΟΡΙΑΚΗΣ ΒΙΟΛΟΓΙΑΣ & ΓΕΝΕΤΙΚΗΣ ', 'el');
INSERT INTO department_name (department_id, name, locale) VALUES (20068, 'ΙΝΣΤΙΤΟΥΤΟ ΜΟΡΙΑΚΗΣ ΟΓΚΟΛΟΓΙΑΣ ', 'el');
INSERT INTO department_name (department_id, name, locale) VALUES (20069, 'ΙΝΣΤΙΤΟΥΤΟ ΒΙΟΜΗΧΑΝΙΚΩΝ ΣΥΣΤΗΜΑΤΩΝ (ΙΝΒΙΣ)', 'el');
INSERT INTO department_name (department_id, name, locale) VALUES (20070, 'ΙΝΣΤΙΤΟΥΤΟ ΕΠΕΞΕΡΓΑΣΙΑΣ ΤΟΥ ΛΟΓΟΥ (ΙΕΛ)', 'el');
INSERT INTO department_name (department_id, name, locale) VALUES (20071, 'ΙΝΣΤΙΤΟΥΤΟ ΠΛΗΡΟΦΟΡΙΑΚΩΝ ΣΥΣΤΗΜΑΤΩΝ ', 'el');
INSERT INTO department_name (department_id, name, locale) VALUES (20072, 'ΜΟΝΑΔΑ ΑΝΑΛΥΣΗΣ ΚΑΙ ΜΟΝΤΕΛΟΠΟΙΗΣΗΣ ΤΗΣ ΠΛΗΡΟΦΟΡΙΑΣ', 'el');
INSERT INTO department_name (department_id, name, locale) VALUES (20073, 'ΜΟΝΑΔΑ ΑΝΑΠΤΥΞΗΣ ΕΛΛΗΝΙΚΩΝ ΤΕΧΝΟΛΟΓΙΚΩΝ ΣΥΝΕΡΓΑΤΙΚΩΝ ΣΧΗΜΑΤΙΣΜΩΝ ', 'el');
INSERT INTO department_name (department_id, name, locale) VALUES (20074, 'ΜΟΝΑΔΑ ΔΙΑΣΤΗΜΙΚΩΝ ΠΡΟΓΡΑΜΜΑΤΩΝ ', 'el');
INSERT INTO department_name (department_id, name, locale) VALUES (20075, 'ΙΔΡΥΜΑ ΕΥΓΕΝΙΔΟΥ', 'el');
INSERT INTO department_name (department_id, name, locale) VALUES (20076, 'ΙΔΡΥΜΑ ΙΑΤΡΟΒΙΟΛΟΓΙΚΗΣ ΕΡΕΥΝΑΣ ΑΚΑΔΗΜΙΑΣ ΑΘΗΝΩΝ', 'el');
INSERT INTO department_name (department_id, name, locale) VALUES (20077, 'ΙΔΡΥΜΑ ΜΕΙΖΟΝΟΣ ΕΛΛΗΝΙΣΜΟΥ', 'el');
INSERT INTO department_name (department_id, name, locale) VALUES (20078, 'IΝΣΤΙΤΟΥΤΟ ΕΠΙΣΤΗΜΩΝ ΧΗΜΙΚΗΣ ΜΗΧΑΝΙΚΗΣ', 'el');
INSERT INTO department_name (department_id, name, locale) VALUES (20079, 'ΙΝΣΤΙΤΟΥΤΟ ΗΛΕΚΤΡΟΝΙΚΗΣ ΔΟΜΗΣ & ΛΕΙΖΕΡ', 'el');
INSERT INTO department_name (department_id, name, locale) VALUES (20080, 'ΙΝΣΤΙΤΟΥΤΟ ΜΕΣΟΓΕΙΑΚΩΝ ΣΠΟΥΔΩΝ', 'el');
INSERT INTO department_name (department_id, name, locale) VALUES (20081, 'ΙΝΣΤΙΤΟΥΤΟ ΜΟΡΙΑΚΗΣ ΒΙΟΛΟΓΙΑΣ & ΒΙΟΤΕΧΝΟΛΟΓΙΑΣ', 'el');
INSERT INTO department_name (department_id, name, locale) VALUES (20082, 'ΙΝΣΤΙΤΟΥΤΟ ΠΛΗΡΟΦΟΡΙΚΗΣ', 'el');
INSERT INTO department_name (department_id, name, locale) VALUES (20083, 'ΙΝΣΤΙΤΟΥΤΟ ΥΠΟΛΟΓΙΣΤΙΚΩΝ ΜΑΘΗΜΑΤΙΚΩΝ', 'el');
INSERT INTO department_name (department_id, name, locale) VALUES (20084, 'ΙΝΣΤΙΤΟΥΤΟ  ΕΡΕΥΝΑΣ ΜΟΥΣΙΚΗΣ ΚΑΙ ΑΚΟΥΣΤΙΚΗΣ ', 'el');
INSERT INTO department_name (department_id, name, locale) VALUES (20085, 'ΙΝΣΤΙΤΟΥΤΟ ΓΕΩΛΟΓΙΚΩΝ & ΜΕΤΑΛΛΕΥΤΙΚΩΝ ΕΡΕΥΝΩΝ ', 'el');
INSERT INTO department_name (department_id, name, locale) VALUES (20086, 'ΙΝΣΤΙΤΟΥΤΟ ΕΛΙΑΣ ΚΑΙ ΥΠΟΤΡΟΠΙΚΩΝ ΦΥΤΩΝ ΧΑΝΙΩΝ ', 'el');
INSERT INTO department_name (department_id, name, locale) VALUES (20087, 'ΚΕΝΤΡΟ ΑΝΑΝΕΩΣΙΜΩΝ ΠΗΓΩΝ ΚΑΙ ΕΞΟΙΚΟΝΟΜΗΣΗΣ ΕΝΕΡΓΕΙΑΣ - ΚΑΠΕ', 'el');
INSERT INTO department_name (department_id, name, locale) VALUES (20088, 'ΙΝΣΤΙΤΟΥΤΟ ΕΚΠΑΙΔΕΥΤΙΚΗΣ ΠΟΛΙΤΙΚΗΣ (Ι.Ε.Π.)', 'el');
INSERT INTO department_name (department_id, name, locale) VALUES (20089, 'ΚΕΝΤΡΟ ΕΛΛΗΝΙΚΗΣ ΓΛΩΣΣΑΣ', 'el');
INSERT INTO department_name (department_id, name, locale) VALUES (20090, 'ΚΕΝΤΡΟ ΕΡΕΥΝΑΣ ΓΙΑ ΘΕΜΑΤΑ ΙΣΟΤΗΤΑΣ ', 'el');
INSERT INTO department_name (department_id, name, locale) VALUES (20091, 'ΚΕΝΤΡΟ ΕΡΕΥΝΑΣ ΤΕΧΝΟΛΟΓΙΑΣ ΚΑΙ ΑΝΑΠΤΥΞΗΣ ΘΕΣΣΑΛΙΑΣ', 'el');
INSERT INTO department_name (department_id, name, locale) VALUES (20092, 'ΕΥΡΩΠΑΪΚΟ ΚΕΝΤΡΟ ΓΙΑ ΤΗΝ ΑΝΑΠΤΥΞΗ ΤΗΣ ΕΠΑΓΓΕΛΜΑΤΙΚΗΣ ΚΑΤΑΡΤΙΣΗΣ', 'el');
INSERT INTO department_name (department_id, name, locale) VALUES (20093, 'ΕΡΕΥΝΗΤΙΚΗ ΜΟΝΑΔΑ 1', 'el');
INSERT INTO department_name (department_id, name, locale) VALUES (20094, 'ΕΡΕΥΝΗΤΙΚΗ ΜΟΝΑΔΑ 3', 'el');
INSERT INTO department_name (department_id, name, locale) VALUES (20095, 'ΕΡΕΥΝΗΤΙΚΗ ΜΟΝΑΔΑ 6', 'el');
INSERT INTO department_name (department_id, name, locale) VALUES (20096, 'ΕΡΕΥΝΗΤΙΚΗ ΜΟΝΑΔΑ 8', 'el');
INSERT INTO department_name (department_id, name, locale) VALUES (20097, 'ΕΡΕΥΝΗΤΙΚΗ ΜΟΝΑΔΑ 9', 'el');
INSERT INTO department_name (department_id, name, locale) VALUES (97, 'ECONOMICS', 'en');
INSERT INTO department_name (department_id, name, locale) VALUES (98, 'INFORMATICS AND TELECOMMUNICATIONS', 'en');
INSERT INTO department_name (department_id, name, locale) VALUES (99, 'INFORMATICS', 'en');
INSERT INTO department_name (department_id, name, locale) VALUES (101, 'THEOLOGY', 'en');
INSERT INTO department_name (department_id, name, locale) VALUES (102, 'PHILOSOPHY', 'en');
INSERT INTO department_name (department_id, name, locale) VALUES (103, 'THEOLOGY', 'en');
INSERT INTO department_name (department_id, name, locale) VALUES (104, 'HISTORY, ARCHEOLOGY AND CULTURAL RESOURCES MANAGEMENT', 'en');
INSERT INTO department_name (department_id, name, locale) VALUES (105, 'SOCIAL THEOLOGY', 'en');
INSERT INTO department_name (department_id, name, locale) VALUES (106, 'GREEK PHILOLOGY', 'en');
INSERT INTO department_name (department_id, name, locale) VALUES (107, 'PASTORAL AND SOCIAL THEOLOGY', 'en');
INSERT INTO department_name (department_id, name, locale) VALUES (108, 'HISTORY AND ETHNOLOGY', 'en');
INSERT INTO department_name (department_id, name, locale) VALUES (109, 'PHILOLOGY', 'en');
INSERT INTO department_name (department_id, name, locale) VALUES (110, 'HISTORY AND ARCHAEOLOGY', 'en');
INSERT INTO department_name (department_id, name, locale) VALUES (111, 'PHILOLOGY', 'en');
INSERT INTO department_name (department_id, name, locale) VALUES (112, 'HISTORY AND ARCHAEOLOGY', 'en');
INSERT INTO department_name (department_id, name, locale) VALUES (113, 'PHILOLOGY', 'en');
INSERT INTO department_name (department_id, name, locale) VALUES (114, 'HISTORY AND ARCHAEOLOGY', 'en');
INSERT INTO department_name (department_id, name, locale) VALUES (115, 'PHILOLOGY', 'en');
INSERT INTO department_name (department_id, name, locale) VALUES (116, 'HISTORY AND ARCHAEOLOGY', 'en');
INSERT INTO department_name (department_id, name, locale) VALUES (117, 'LAW', 'en');
INSERT INTO department_name (department_id, name, locale) VALUES (118, 'PHILOSOPHY, PEDAGOGY AND PSYCHOLOGY', 'en');
INSERT INTO department_name (department_id, name, locale) VALUES (119, 'LAW', 'en');
INSERT INTO department_name (department_id, name, locale) VALUES (120, 'PHILOSOPHY AND PEDAGOGY', 'en');
INSERT INTO department_name (department_id, name, locale) VALUES (121, 'LAW', 'en');
INSERT INTO department_name (department_id, name, locale) VALUES (123, 'POLITICAL SCIENCE & PUBLIC ADMINISTRATION', 'en');
INSERT INTO department_name (department_id, name, locale) VALUES (124, 'PUBLIC ADMINISTRATION', 'en');
INSERT INTO department_name (department_id, name, locale) VALUES (125, 'POLITICAL SCIENCE AND HISTORY', 'en');
INSERT INTO department_name (department_id, name, locale) VALUES (126, 'SOCIOLOGY', 'en');
INSERT INTO department_name (department_id, name, locale) VALUES (127, 'ENGLISH LANGUAGE AND LITERATURE', 'en');
INSERT INTO department_name (department_id, name, locale) VALUES (128, 'PRIMARY EDUCATION', 'en');
INSERT INTO department_name (department_id, name, locale) VALUES (129, 'ENGLISH LANGUAGE AND LITERATURE', 'en');
INSERT INTO department_name (department_id, name, locale) VALUES (130, 'PRIMARY EDUCATION', 'en');
INSERT INTO department_name (department_id, name, locale) VALUES (131, 'FRENCH LANGUAGE AND LITERATURE', 'en');
INSERT INTO department_name (department_id, name, locale) VALUES (132, 'PRIMARY EDUCATION', 'en');
INSERT INTO department_name (department_id, name, locale) VALUES (133, 'FRENCH LANGUAGE AND LITERATURE', 'en');
INSERT INTO department_name (department_id, name, locale) VALUES (134, 'EARLY CHILDHOOD EDUCATION', 'en');
INSERT INTO department_name (department_id, name, locale) VALUES (135, 'GERMAN LANGUAGE AND LITERATURE', 'en');
INSERT INTO department_name (department_id, name, locale) VALUES (136, 'EDUCATIONAL SCIENCES AND EARLY CHILDHOOD EDUCATION', 'en');
INSERT INTO department_name (department_id, name, locale) VALUES (137, 'GERMAN LANGUAGE AND LITERATURE', 'en');
INSERT INTO department_name (department_id, name, locale) VALUES (138, 'PHILOSOPHY AND SOCIAL STUDIES', 'en');
INSERT INTO department_name (department_id, name, locale) VALUES (139, 'ITALIAN LANGUAGE AND LITERATURE', 'en');
INSERT INTO department_name (department_id, name, locale) VALUES (140, 'PRIMARY EDUCATION', 'en');
INSERT INTO department_name (department_id, name, locale) VALUES (141, 'PRIMARY EDUCATION', 'en');
INSERT INTO department_name (department_id, name, locale) VALUES (142, 'PRIMARY LEVEL EDUCATION', 'en');
INSERT INTO department_name (department_id, name, locale) VALUES (143, 'PRIMARY EDUCATION', 'en');
INSERT INTO department_name (department_id, name, locale) VALUES (144, 'HOME ECONOMICS AND ECOLOGY', 'en');
INSERT INTO department_name (department_id, name, locale) VALUES (145, 'HISTORY', 'en');
INSERT INTO department_name (department_id, name, locale) VALUES (146, 'THEATRE STUDIES', 'en');
INSERT INTO department_name (department_id, name, locale) VALUES (147, 'JOURNALISM AND MASS MEDIA STUDIES', 'en');
INSERT INTO department_name (department_id, name, locale) VALUES (148, 'COMMUNICATION AND MASS MEDIA STUDIES', 'en');
INSERT INTO department_name (department_id, name, locale) VALUES (149, 'SOCIOLOGY', 'en');
INSERT INTO department_name (department_id, name, locale) VALUES (150, 'INTERNATIONAL & EUROPEAN ECONOMIC STUDIES', 'en');
INSERT INTO department_name (department_id, name, locale) VALUES (151, 'PSYCHOLOGY', 'en');
INSERT INTO department_name (department_id, name, locale) VALUES (152, 'ECONOMIC AND REGIONAL DEVELOPMENT', 'en');
INSERT INTO department_name (department_id, name, locale) VALUES (153, ' COMMUNICATION, MEDIA AND CULTURE', 'en');
INSERT INTO department_name (department_id, name, locale) VALUES (154, 'EARLY CHILDHOOD EDUCATION', 'en');
INSERT INTO department_name (department_id, name, locale) VALUES (155, 'FINANCIAL MANAGEMENT AND BANKING', 'en');
INSERT INTO department_name (department_id, name, locale) VALUES (156, 'EARLY CHILDHOOD EDUCATION', 'en');
INSERT INTO department_name (department_id, name, locale) VALUES (157, 'MARITIME STUDIES', 'en');
INSERT INTO department_name (department_id, name, locale) VALUES (158, 'EARLY CHILDHOOD EDUCATION', 'en');
INSERT INTO department_name (department_id, name, locale) VALUES (159, 'SOCIAL POLICY', 'en');
INSERT INTO department_name (department_id, name, locale) VALUES (160, 'THE EDUCATION SCIENCES IN PRE-SCHOOL AGE', 'en');
INSERT INTO department_name (department_id, name, locale) VALUES (161, 'INTERNATIONAL AND EUROPEAN STUDIES', 'en');
INSERT INTO department_name (department_id, name, locale) VALUES (162, 'PRE-SCHOOL EDUCATION AND EDUCATIONAL DESIGN', 'en');
INSERT INTO department_name (department_id, name, locale) VALUES (163, 'FILM STUDIES', 'en');
INSERT INTO department_name (department_id, name, locale) VALUES (164, 'PRIMARY EDUCATION', 'en');
INSERT INTO department_name (department_id, name, locale) VALUES (165, 'SOCIAL ANTHROPOLOGY', 'en');
INSERT INTO department_name (department_id, name, locale) VALUES (166, 'EARLY CHILDHOOD EDUCATION', 'en');
INSERT INTO department_name (department_id, name, locale) VALUES (167, 'SOCIAL ANTHROPOLOGY AND HISTORY', 'en');
INSERT INTO department_name (department_id, name, locale) VALUES (168, 'DRAMA', 'en');
INSERT INTO department_name (department_id, name, locale) VALUES (169, 'THEATRE STUDIES', 'en');
INSERT INTO department_name (department_id, name, locale) VALUES (170, 'PSYCHOLOGY', 'en');
INSERT INTO department_name (department_id, name, locale) VALUES (171, 'PSYCHOLOGY', 'en');
INSERT INTO department_name (department_id, name, locale) VALUES (172, 'PSYCHOLOGY', 'en');
INSERT INTO department_name (department_id, name, locale) VALUES (173, 'THE PHILOSOPHY AND HISTORY OF SCIENCE', 'en');
INSERT INTO department_name (department_id, name, locale) VALUES (174, 'EDUCATIONAL AND SOCIAL POLICY', 'en');
INSERT INTO department_name (department_id, name, locale) VALUES (175, 'PHILOLOGY', 'en');
INSERT INTO department_name (department_id, name, locale) VALUES (176, 'BALKAN SLAVIC AND ORIENTAL STUDIES', 'en');
INSERT INTO department_name (department_id, name, locale) VALUES (177, 'HISTORY, ARCHAEOLOGY AND SOCIAL ANTHROPOLOGY', 'en');
INSERT INTO department_name (department_id, name, locale) VALUES (178, 'SPECIAL EDUCATION', 'en');
INSERT INTO department_name (department_id, name, locale) VALUES (179, 'EUROPEAN INTERNATIONAL AND AREA STUDIES', 'en');
INSERT INTO department_name (department_id, name, locale) VALUES (180, 'SHIPPING, TRADE AND TRANSPORT', 'en');
INSERT INTO department_name (department_id, name, locale) VALUES (181, 'MEDITERRANEAN STUDIES', 'en');
INSERT INTO department_name (department_id, name, locale) VALUES (182, 'ITALIAN LANGUAGE AND LITERATURE', 'en');
INSERT INTO department_name (department_id, name, locale) VALUES (183, 'SPANISH LANGUAGE AND LITERATURE', 'en');
INSERT INTO department_name (department_id, name, locale) VALUES (185, 'PLASTIC ARTS AND ART SCIENCES', 'en');
INSERT INTO department_name (department_id, name, locale) VALUES (186, 'LANGUAGE, LITERATURE AND CIVILIZATION OF THE BLACK SEA COUNTRIES', 'en');
INSERT INTO department_name (department_id, name, locale) VALUES (187, 'SOCIAL AND EDUCATIONAL POLICY', 'en');
INSERT INTO department_name (department_id, name, locale) VALUES (188, 'TURKISH AND MODERN ASIAN STUDIES', 'en');
INSERT INTO department_name (department_id, name, locale) VALUES (189, 'PHILOLOGY', 'en');
INSERT INTO department_name (department_id, name, locale) VALUES (190, 'NURSING', 'en');
INSERT INTO department_name (department_id, name, locale) VALUES (192, 'SLAVIC STUDIES', 'en');
INSERT INTO department_name (department_id, name, locale) VALUES (200, 'MATERIAL SCIENCE AND TECHNOLOGY', 'en');
INSERT INTO department_name (department_id, name, locale) VALUES (201, 'CIVIL ENGINEERING', 'en');
INSERT INTO department_name (department_id, name, locale) VALUES (203, 'CIVIL ENGINEERING', 'en');
INSERT INTO department_name (department_id, name, locale) VALUES (205, 'CIVIL ENGINEERING', 'en');
INSERT INTO department_name (department_id, name, locale) VALUES (207, 'CIVIL ENGINEERING', 'en');
INSERT INTO department_name (department_id, name, locale) VALUES (208, 'CIVIL ENGINEERING', 'en');
INSERT INTO department_name (department_id, name, locale) VALUES (209, 'MECHANICAL ENGINEERING', 'en');
INSERT INTO department_name (department_id, name, locale) VALUES (210, 'MECHANICAL ENGINEERING', 'en');
INSERT INTO department_name (department_id, name, locale) VALUES (211, 'MECHANICAL ENGINEERING', 'en');
INSERT INTO department_name (department_id, name, locale) VALUES (212, 'FORESTRY AND MANAGEMENT OF THE ENVIRONMENT AND NATURAL RESOURCES', 'en');
INSERT INTO department_name (department_id, name, locale) VALUES (213, 'DEPARTMENT MECHANICAL ENGINEERING AND AERONAUTICS', 'en');
INSERT INTO department_name (department_id, name, locale) VALUES (214, 'ENVIRONMENTAL ENGINEERING', 'en');
INSERT INTO department_name (department_id, name, locale) VALUES (215, 'COMPUTER ENGINEERING AND INFORMATICS', 'en');
INSERT INTO department_name (department_id, name, locale) VALUES (216, 'COMPUTER SCIENCES', 'en');
INSERT INTO department_name (department_id, name, locale) VALUES (217, 'ELECTRICAL AND COMPUTER ENGINEERING', 'en');
INSERT INTO department_name (department_id, name, locale) VALUES (219, 'ELECTRICAL AND COMPUTER ENGINEERING', 'en');
INSERT INTO department_name (department_id, name, locale) VALUES (220, 'ELECTRICAL AND COMPUTER ENGINEERING', 'en');
INSERT INTO department_name (department_id, name, locale) VALUES (221, 'ELECTRICAL AND COMPUTER ENGINEERING', 'en');
INSERT INTO department_name (department_id, name, locale) VALUES (222, 'FINANCIAL AND MANAGEMENT ENGINEERING', 'en');
INSERT INTO department_name (department_id, name, locale) VALUES (223, 'ELECTRICAL AND COMPUTER ENGINEERING', 'en');
INSERT INTO department_name (department_id, name, locale) VALUES (224, 'PRODUCTION ENGINEERING AND MANAGEMENT', 'en');
INSERT INTO department_name (department_id, name, locale) VALUES (225, 'RURAL AND SURVEYING ENGINEERING', 'en');
INSERT INTO department_name (department_id, name, locale) VALUES (227, 'RURAL AND SURVEYING ENGINEERING', 'en');
INSERT INTO department_name (department_id, name, locale) VALUES (228, 'PLANNING AND REGIONAL DEVELOPMENT', 'en');
INSERT INTO department_name (department_id, name, locale) VALUES (229, 'NAVAL ARCHITECTURE AND MARINE ENGINEERING', 'en');
INSERT INTO department_name (department_id, name, locale) VALUES (230, 'PRODUCTION ENGINEERING AND MANAGEMENT', 'en');
INSERT INTO department_name (department_id, name, locale) VALUES (231, 'ARCHITECTURE', 'en');
INSERT INTO department_name (department_id, name, locale) VALUES (232, 'ARCHITECTURE', 'en');
INSERT INTO department_name (department_id, name, locale) VALUES (233, 'ARCHITECTURE', 'en');
INSERT INTO department_name (department_id, name, locale) VALUES (234, 'ARCHITECTURE', 'en');
INSERT INTO department_name (department_id, name, locale) VALUES (235, 'CHEMICAL ENGINEERING', 'en');
INSERT INTO department_name (department_id, name, locale) VALUES (236, 'ARCHITECTURE', 'en');
INSERT INTO department_name (department_id, name, locale) VALUES (237, 'CHEMICAL ENGINEERING', 'en');
INSERT INTO department_name (department_id, name, locale) VALUES (238, 'PRODUCT & SYSTEMS DESIGN ENGINEERING', 'en');
INSERT INTO department_name (department_id, name, locale) VALUES (239, 'CHEMICAL ENGINEERING', 'en');
INSERT INTO department_name (department_id, name, locale) VALUES (240, 'MANAGEMENT SCIENCE & TECHNOLOGY', 'en');
INSERT INTO department_name (department_id, name, locale) VALUES (241, 'MINING ENGINEERING AND METALLURGY', 'en');
INSERT INTO department_name (department_id, name, locale) VALUES (242, 'MINERAL RESOURCES ENGINEERING', 'en');
INSERT INTO department_name (department_id, name, locale) VALUES (243, 'MATHEMATICS', 'en');
INSERT INTO department_name (department_id, name, locale) VALUES (245, 'MATHEMATICS', 'en');
INSERT INTO department_name (department_id, name, locale) VALUES (246, 'APPLIED MATHEMATICAL AND PHYSICAL SCIENCE', 'en');
INSERT INTO department_name (department_id, name, locale) VALUES (247, 'MATHEMATICS', 'en');
INSERT INTO department_name (department_id, name, locale) VALUES (249, 'MATHEMATICS', 'en');
INSERT INTO department_name (department_id, name, locale) VALUES (250, 'MARINE SCIENCES', 'en');
INSERT INTO department_name (department_id, name, locale) VALUES (253, 'PHYSICS', 'en');
INSERT INTO department_name (department_id, name, locale) VALUES (255, 'PHYSICS', 'en');
INSERT INTO department_name (department_id, name, locale) VALUES (257, 'PHYSICS', 'en');
INSERT INTO department_name (department_id, name, locale) VALUES (259, 'PHYSICS', 'en');
INSERT INTO department_name (department_id, name, locale) VALUES (261, 'PHYSICS', 'en');
INSERT INTO department_name (department_id, name, locale) VALUES (262, 'DIGITAL SYSTEMS', 'en');
INSERT INTO department_name (department_id, name, locale) VALUES (263, 'CHEMISTRY', 'en');
INSERT INTO department_name (department_id, name, locale) VALUES (265, 'CHEMISTRY', 'en');
INSERT INTO department_name (department_id, name, locale) VALUES (269, 'CHEMISTRY', 'en');
INSERT INTO department_name (department_id, name, locale) VALUES (270, 'CHEMISTRY', 'en');
INSERT INTO department_name (department_id, name, locale) VALUES (271, 'ENVIRONMENTAL AND NATURAL RESOURCES MANAGEMENT', 'en');
INSERT INTO department_name (department_id, name, locale) VALUES (272, 'MATERIALS SCIENCE AND ENGINEERING', 'en');
INSERT INTO department_name (department_id, name, locale) VALUES (273, 'AGRICULTURE', 'en');
INSERT INTO department_name (department_id, name, locale) VALUES (274, 'AGRICULTURE CROP PRODUCTION AND RURAL ENVIRONMENT', 'en');
INSERT INTO department_name (department_id, name, locale) VALUES (275, 'FORESTRY AND NATURAL ENVIRONMENT', 'en');
INSERT INTO department_name (department_id, name, locale) VALUES (276, 'ENVIRONMENT', 'en');
INSERT INTO department_name (department_id, name, locale) VALUES (277, 'BIOLOGY', 'en');
INSERT INTO department_name (department_id, name, locale) VALUES (279, 'BIOLOGY', 'en');
INSERT INTO department_name (department_id, name, locale) VALUES (280, 'BIOLOGICAL APPLICATIONS AND TECHNOLOGIES', 'en');
INSERT INTO department_name (department_id, name, locale) VALUES (281, 'BIOLOGY', 'en');
INSERT INTO department_name (department_id, name, locale) VALUES (282, 'BIOLOGY', 'en');
INSERT INTO department_name (department_id, name, locale) VALUES (283, 'GEOLOGY AND GEOENVIROMMENT', 'en');
INSERT INTO department_name (department_id, name, locale) VALUES (284, 'BIOCHEMISTRY AND BIOTECHNOLOGY', 'en');
INSERT INTO department_name (department_id, name, locale) VALUES (285, 'GEOLOGY', 'en');
INSERT INTO department_name (department_id, name, locale) VALUES (287, 'GEOLOGY', 'en');
INSERT INTO department_name (department_id, name, locale) VALUES (288, 'MATERIAL SCIENCE', 'en');
INSERT INTO department_name (department_id, name, locale) VALUES (289, 'PHARMACY', 'en');
INSERT INTO department_name (department_id, name, locale) VALUES (290, 'MOLECULAR BIOLOGY AND GENETICS', 'en');
INSERT INTO department_name (department_id, name, locale) VALUES (291, 'PHARMACY', 'en');
INSERT INTO department_name (department_id, name, locale) VALUES (293, 'PHARMACY', 'en');
INSERT INTO department_name (department_id, name, locale) VALUES (294, 'NUTRITION AND DIETETICS', 'en');
INSERT INTO department_name (department_id, name, locale) VALUES (295, 'MEDICINE', 'en');
INSERT INTO department_name (department_id, name, locale) VALUES (297, 'MEDICINE', 'en');
INSERT INTO department_name (department_id, name, locale) VALUES (299, 'MEDICINE', 'en');
INSERT INTO department_name (department_id, name, locale) VALUES (300, 'MEDICINE', 'en');
INSERT INTO department_name (department_id, name, locale) VALUES (301, 'MEDICINE', 'en');
INSERT INTO department_name (department_id, name, locale) VALUES (302, 'MEDICINE', 'en');
INSERT INTO department_name (department_id, name, locale) VALUES (303, 'DENTISTRY', 'en');
INSERT INTO department_name (department_id, name, locale) VALUES (304, 'MEDICINE', 'en');
INSERT INTO department_name (department_id, name, locale) VALUES (305, 'DENTISTRY', 'en');
INSERT INTO department_name (department_id, name, locale) VALUES (306, 'NURSING', 'en');
INSERT INTO department_name (department_id, name, locale) VALUES (307, 'VETERINARY MEDICINE', 'en');
INSERT INTO department_name (department_id, name, locale) VALUES (308, 'VETERINARY MEDICINE', 'en');
INSERT INTO department_name (department_id, name, locale) VALUES (309, 'ECONOMICS', 'en');
INSERT INTO department_name (department_id, name, locale) VALUES (310, 'GEOGRAPHY', 'en');
INSERT INTO department_name (department_id, name, locale) VALUES (311, 'ECONOMICS', 'en');
INSERT INTO department_name (department_id, name, locale) VALUES (312, 'ECONOMICS', 'en');
INSERT INTO department_name (department_id, name, locale) VALUES (313, 'BUSINESS ADMINISTRATION', 'en');
INSERT INTO department_name (department_id, name, locale) VALUES (314, 'MARKETING & COMMUNICATION', 'en');
INSERT INTO department_name (department_id, name, locale) VALUES (315, 'ECONOMICS', 'en');
INSERT INTO department_name (department_id, name, locale) VALUES (316, 'BUSINESS ADMINISTRATION', 'en');
INSERT INTO department_name (department_id, name, locale) VALUES (317, 'ECONOMICS', 'en');
INSERT INTO department_name (department_id, name, locale) VALUES (318, 'STATISTICS AND INSURANCE SCIENCE', 'en');
INSERT INTO department_name (department_id, name, locale) VALUES (319, 'ECONOMICS', 'en');
INSERT INTO department_name (department_id, name, locale) VALUES (320, 'BUSINESS ADMINISTRATION', 'en');
INSERT INTO department_name (department_id, name, locale) VALUES (321, 'ECONOMICS', 'en');
INSERT INTO department_name (department_id, name, locale) VALUES (322, 'BUSINESS ADMINISTRATION', 'en');
INSERT INTO department_name (department_id, name, locale) VALUES (323, 'CROP SCIENCE', 'en');
INSERT INTO department_name (department_id, name, locale) VALUES (324, 'ANIMAL SCIENCE AND AQUACULTURE', 'en');
INSERT INTO department_name (department_id, name, locale) VALUES (325, 'BIOTECHNOLOGY', 'en');
INSERT INTO department_name (department_id, name, locale) VALUES (326, 'AGRICULTURAL ECONOMICS AND RURAL DEVELOPMENT', 'en');
INSERT INTO department_name (department_id, name, locale) VALUES (327, 'NATURAL RESOURCES MANAGEMENT & AGRICULTURAL ENGINEERING', 'en');
INSERT INTO department_name (department_id, name, locale) VALUES (328, 'FOOD SCIENCE AND HUMAN NUTRITION', 'en');
INSERT INTO department_name (department_id, name, locale) VALUES (329, 'STATISTICS', 'en');
INSERT INTO department_name (department_id, name, locale) VALUES (330, 'INFORMATICS AND TELECOMMUNICATIONS', 'en');
INSERT INTO department_name (department_id, name, locale) VALUES (331, 'ELECTRONIC & COMPUTER ENGINEERING', 'en');
INSERT INTO department_name (department_id, name, locale) VALUES (332, 'MECHANICAL ENGINEERING', 'en');
INSERT INTO department_name (department_id, name, locale) VALUES (333, 'INFORMATICS', 'en');
INSERT INTO department_name (department_id, name, locale) VALUES (334, 'PRIMARY EDUCATION', 'en');
INSERT INTO department_name (department_id, name, locale) VALUES (335, 'APPLIED INFORMATICS', 'en');
INSERT INTO department_name (department_id, name, locale) VALUES (336, 'INDUSTRIAL MANAGEMENT & TECHNOLOGY', 'en');
INSERT INTO department_name (department_id, name, locale) VALUES (337, 'ACCOUNTING AND FINANCE', 'en');
INSERT INTO department_name (department_id, name, locale) VALUES (338, 'INFORMATICS', 'en');
INSERT INTO department_name (department_id, name, locale) VALUES (339, 'INFORMATICS', 'en');
INSERT INTO department_name (department_id, name, locale) VALUES (340, 'COMPUTER ENGINEERING AND INFORMATICS', 'en');
INSERT INTO department_name (department_id, name, locale) VALUES (341, 'EARLY CHILDHOOD EDUCATION', 'en');
INSERT INTO department_name (department_id, name, locale) VALUES (342, 'ARCHIVES, LIBRARY SCIENCE AND MUSEOLOGY', 'en');
INSERT INTO department_name (department_id, name, locale) VALUES (344, 'INFORMATION AND COMMUNICATION SYSTEMS ENGINEERING', 'en');
INSERT INTO department_name (department_id, name, locale) VALUES (345, 'ECONOMICS', 'en');
INSERT INTO department_name (department_id, name, locale) VALUES (346, 'AGRIBUSINESS MANAGEMENT', 'en');
INSERT INTO department_name (department_id, name, locale) VALUES (347, 'ACCOUNTING AND FINANCE', 'en');
INSERT INTO department_name (department_id, name, locale) VALUES (348, 'SOCIOLOGY', 'en');
INSERT INTO department_name (department_id, name, locale) VALUES (350, 'ECONOMICS', 'en');
INSERT INTO department_name (department_id, name, locale) VALUES (351, 'POLITICAL SCIENCES  ', 'en');
INSERT INTO department_name (department_id, name, locale) VALUES (352, 'BUSINESS ADMINISTRATION', 'en');
INSERT INTO department_name (department_id, name, locale) VALUES (353, 'AGRICULTURAL DEVELOPMENT', 'en');
INSERT INTO department_name (department_id, name, locale) VALUES (354, 'CULTURAL TECHNOLOGY AND COMMUNICATION', 'en');
INSERT INTO department_name (department_id, name, locale) VALUES (355, 'INTERNATIONAL AND EUROPEAN STUDIES', 'en');
INSERT INTO department_name (department_id, name, locale) VALUES (356, 'GEOGRAPHY', 'en');
INSERT INTO department_name (department_id, name, locale) VALUES (357, 'POLITICAL SCIENCES', 'en');
INSERT INTO department_name (department_id, name, locale) VALUES (360, 'ICTHYOLOGY AND AQUATIC ENVIRONMENT', 'en');
INSERT INTO department_name (department_id, name, locale) VALUES (361, 'ECONOMICS', 'en');
INSERT INTO department_name (department_id, name, locale) VALUES (362, 'THEATRE STUDIES', 'en');
INSERT INTO department_name (department_id, name, locale) VALUES (363, 'URBAN-REGIONAL PLANNING AND DEVELOPMENT ENGINEERING', 'en');
INSERT INTO department_name (department_id, name, locale) VALUES (366, 'INFORMATICS', 'en');
INSERT INTO department_name (department_id, name, locale) VALUES (367, 'AUDIO AND VISUAL ARTS', 'en');
INSERT INTO department_name (department_id, name, locale) VALUES (368, 'CULTURAL HERITAGE MANAGEMENT AND NEW TECHNOLOGIES', 'en');
INSERT INTO department_name (department_id, name, locale) VALUES (369, 'COMPUTER SCIENCE AND BIOMEDICAL INFORMATICS', 'en');
INSERT INTO department_name (department_id, name, locale) VALUES (370, 'ARCHITECTURE', 'en');
INSERT INTO department_name (department_id, name, locale) VALUES (371, 'ENGINEERING INFORMATICS AND TELECOMMUNICATIONS', 'en');
INSERT INTO department_name (department_id, name, locale) VALUES (372, 'FOOD AND NUTRITION SCIENCES', 'en');
INSERT INTO department_name (department_id, name, locale) VALUES (384, 'ART THEORY AND HISTORY', 'en');
INSERT INTO department_name (department_id, name, locale) VALUES (385, 'FOREIGN LANGUAGES, TRANSLATION AND INTERPRETING', 'en');
INSERT INTO department_name (department_id, name, locale) VALUES (400, 'SPORTS ORGANIZATION AND MANAGEMENT', 'en');
INSERT INTO department_name (department_id, name, locale) VALUES (401, 'PHYSICAL EDUCATION AND SPORTS SCIENCE', 'en');
INSERT INTO department_name (department_id, name, locale) VALUES (402, 'PHYSICAL EDUCATION AND SPORTS SCIENCE IN SERRES', 'en');
INSERT INTO department_name (department_id, name, locale) VALUES (403, 'PHYSICAL EDUCATION AND SPORTS SCIENCE', 'en');
INSERT INTO department_name (department_id, name, locale) VALUES (404, 'PHYSICAL EDUCATION AND SPORTS SCIENCE', 'en');
INSERT INTO department_name (department_id, name, locale) VALUES (405, 'PHYSICAL EDUCATION AND SPORTS SCIENCE', 'en');
INSERT INTO department_name (department_id, name, locale) VALUES (406, 'MUSIC STUDIES', 'en');
INSERT INTO department_name (department_id, name, locale) VALUES (407, 'MUSIC STUDIES', 'en');
INSERT INTO department_name (department_id, name, locale) VALUES (408, 'MUSIC STUDIES', 'en');
INSERT INTO department_name (department_id, name, locale) VALUES (409, 'MUSIC SCIENCE AND ART', 'en');
INSERT INTO department_name (department_id, name, locale) VALUES (411, 'POLITICAL SCIENCE AND INTERNATIONAL RELATIONS', 'en');
INSERT INTO department_name (department_id, name, locale) VALUES (412, 'INFORMATICS AND TELEMATICS', 'en');
INSERT INTO department_name (department_id, name, locale) VALUES (445, 'CIVIL ENGINEERING', 'en');
INSERT INTO department_name (department_id, name, locale) VALUES (447, 'CIVIL ENGINEERING', 'en');
INSERT INTO department_name (department_id, name, locale) VALUES (451, 'CIVIL ENGINEERING', 'en');
INSERT INTO department_name (department_id, name, locale) VALUES (453, 'CIVIL ENGINEERING DEPARTMENT', 'en');
INSERT INTO department_name (department_id, name, locale) VALUES (461, 'MECHANICAL ENGINEERING', 'en');
INSERT INTO department_name (department_id, name, locale) VALUES (465, 'MECHANICAL ENGINEERING', 'en');
INSERT INTO department_name (department_id, name, locale) VALUES (467, 'MECHANICAL ENGINEERING', 'en');
INSERT INTO department_name (department_id, name, locale) VALUES (475, 'MECHANICAL ENGINEERING', 'en');
INSERT INTO department_name (department_id, name, locale) VALUES (476, 'ENVIRONMENTAL ENGINEERING', 'en');
INSERT INTO department_name (department_id, name, locale) VALUES (477, 'MECHANICAL ENGINEERING EDUCATORS', 'en');
INSERT INTO department_name (department_id, name, locale) VALUES (479, 'MECHANICAL ENGINEERING', 'en');
INSERT INTO department_name (department_id, name, locale) VALUES (480, 'BIOMEDICAL ENGINEERING (FORMER MEDICAL INSTRUMENTS TECHNOLOGY)', 'en');
INSERT INTO department_name (department_id, name, locale) VALUES (483, 'ELECTRICAL ENGINEERING', 'en');
INSERT INTO department_name (department_id, name, locale) VALUES (487, 'ELECTRICAL ENGINEERING', 'en');
INSERT INTO department_name (department_id, name, locale) VALUES (489, 'ELECTRICAL ENGINEERING', 'en');
INSERT INTO department_name (department_id, name, locale) VALUES (491, 'ELECTRICAL ENGINEERING', 'en');
INSERT INTO department_name (department_id, name, locale) VALUES (493, 'ELECTRICAL ENGINEERING', 'en');
INSERT INTO department_name (department_id, name, locale) VALUES (495, 'ELECTRICAL ENGINEERING ', 'en');
INSERT INTO department_name (department_id, name, locale) VALUES (498, 'ELECTRICAL ENGINEERING', 'en');
INSERT INTO department_name (department_id, name, locale) VALUES (499, 'ELECTRICAL ENGINEERING', 'en');
INSERT INTO department_name (department_id, name, locale) VALUES (501, 'ELECTRONIC ENGINEERING', 'en');
INSERT INTO department_name (department_id, name, locale) VALUES (503, 'ELECTRONIC ENGINEERING', 'en');
INSERT INTO department_name (department_id, name, locale) VALUES (505, 'ELECTRONIC ENGINEERING', 'en');
INSERT INTO department_name (department_id, name, locale) VALUES (506, 'INFORMATICS ENGINEERING', 'en');
INSERT INTO department_name (department_id, name, locale) VALUES (511, 'NAVAL ARCHITECTURE ENGINNERING', 'en');
INSERT INTO department_name (department_id, name, locale) VALUES (512, 'ENERGY TECHNOLOGY ENGINEERING', 'en');
INSERT INTO department_name (department_id, name, locale) VALUES (515, 'FOOD TECHNOLOGY', 'en');
INSERT INTO department_name (department_id, name, locale) VALUES (516, 'VEHICLE ENGINEERING', 'en');
INSERT INTO department_name (department_id, name, locale) VALUES (518, 'PHOTOGRAPHY AND AUDIOVISUAL DEPARTMENT', 'en');
INSERT INTO department_name (department_id, name, locale) VALUES (519, 'INTERIOR ARCHITECTURE, DECORATION  AND DESIGN', 'en');
INSERT INTO department_name (department_id, name, locale) VALUES (520, 'DEPARTMENT  OF ANTIQUITIES AND WORKS OF ART CONSERVATION', 'en');
INSERT INTO department_name (department_id, name, locale) VALUES (522, 'WOOD AND FURNITURE DESIGN & TECHNOLOGY DEPARTMENT.', 'en');
INSERT INTO department_name (department_id, name, locale) VALUES (524, ' INFORMATICS AND MEANS OF MASS COMMUNICATION (AT PYRGOS)', 'en');
INSERT INTO department_name (department_id, name, locale) VALUES (526, 'MARKETING (COMMERCE AND ADVERTISING)', 'en');
INSERT INTO department_name (department_id, name, locale) VALUES (528, 'LANDSCAPE ARCHITECTURE', 'en');
INSERT INTO department_name (department_id, name, locale) VALUES (529, 'INFORMATICS ENGINEERING', 'en');
INSERT INTO department_name (department_id, name, locale) VALUES (532, 'NATURAL SOURCES AND ENVIRONMENTAL ENGINEERING DEPARTMENT', 'en');
INSERT INTO department_name (department_id, name, locale) VALUES (544, 'MECHANICAL & WATER-RESOURCES ENGINEERING', 'en');
INSERT INTO department_name (department_id, name, locale) VALUES (545, 'BIOSYSTEMS ENGINEERING', 'en');
INSERT INTO department_name (department_id, name, locale) VALUES (546, 'FOOD TECHNOLOGY', 'en');
INSERT INTO department_name (department_id, name, locale) VALUES (547, 'FISHERIES & AQUACULTURE TECHNOLOGY', 'en');
INSERT INTO department_name (department_id, name, locale) VALUES (549, 'LOGISTICS', 'en');
INSERT INTO department_name (department_id, name, locale) VALUES (550, 'FORESTRY AND NATURAL ENVIRONMENT MANAGEMENT', 'en');
INSERT INTO department_name (department_id, name, locale) VALUES (551, 'FORESTRY AND NATURAL ENVIRONMENT ADMINISTRATION', 'en');
INSERT INTO department_name (department_id, name, locale) VALUES (553, 'FORESTRY AND NATURAL ENVIRONMENT ADMINISTRATION', 'en');
INSERT INTO department_name (department_id, name, locale) VALUES (555, 'AQUACULTURE AND FISHERIES MANAGEMENT', 'en');
INSERT INTO department_name (department_id, name, locale) VALUES (557, 'AGRICULTURAL TECHNOLOGY', 'en');
INSERT INTO department_name (department_id, name, locale) VALUES (559, 'ACCOUNTING AND FINANCE', 'en');
INSERT INTO department_name (department_id, name, locale) VALUES (561, 'ACCOUNTING AND FINANCE', 'en');
INSERT INTO department_name (department_id, name, locale) VALUES (563, 'ACCOUNTING', 'en');
INSERT INTO department_name (department_id, name, locale) VALUES (565, 'ACCOUNTING AND FINANCE', 'en');
INSERT INTO department_name (department_id, name, locale) VALUES (569, 'ACCOUNTING AND FINANCE', 'en');
INSERT INTO department_name (department_id, name, locale) VALUES (575, 'ACCOUNTING AND FINANCE', 'en');
INSERT INTO department_name (department_id, name, locale) VALUES (577, 'ACCOUNTING AND FINANCE', 'en');
INSERT INTO department_name (department_id, name, locale) VALUES (580, 'INTERNATIONAL TRADE DEPARTMENT', 'en');
INSERT INTO department_name (department_id, name, locale) VALUES (581, 'MARKETING & ADVERTISING', 'en');
INSERT INTO department_name (department_id, name, locale) VALUES (583, 'MARKETING & ADVERTISING', 'en');
INSERT INTO department_name (department_id, name, locale) VALUES (587, 'BUSINESS ADMINISTRATION', 'en');
INSERT INTO department_name (department_id, name, locale) VALUES (595, 'BUSINESS ADMINISTRATION', 'en');
INSERT INTO department_name (department_id, name, locale) VALUES (596, 'BUSINESS ADMINISTRATION', 'en');
INSERT INTO department_name (department_id, name, locale) VALUES (597, 'BUSINESS ADMINISTRATION', 'en');
INSERT INTO department_name (department_id, name, locale) VALUES (599, 'LIBRARY SCIENCE & INFORMATION SYSTEMS', 'en');
INSERT INTO department_name (department_id, name, locale) VALUES (601, 'LIBRARY SCIENCE & INFORMATION SYSTEMS', 'en');
INSERT INTO department_name (department_id, name, locale) VALUES (607, 'TOURIST INDUSTRY', 'en');
INSERT INTO department_name (department_id, name, locale) VALUES (615, 'PHYSIOTHERAPY', 'en');
INSERT INTO department_name (department_id, name, locale) VALUES (616, 'PHYSIOTHERAPY', 'en');
INSERT INTO department_name (department_id, name, locale) VALUES (617, 'PHYSIOTHERAPY', 'en');
INSERT INTO department_name (department_id, name, locale) VALUES (618, 'SPEECH & LANGUAGE THERAPY', 'en');
INSERT INTO department_name (department_id, name, locale) VALUES (619, 'OCCUPATIONAL THERAPY', 'en');
INSERT INTO department_name (department_id, name, locale) VALUES (620, 'SPEECH & LANGUAGE THERAPY', 'en');
INSERT INTO department_name (department_id, name, locale) VALUES (621, 'MEDICAL LABORATORY STUDIES', 'en');
INSERT INTO department_name (department_id, name, locale) VALUES (623, 'MEDICAL LABORATORY STUDIES', 'en');
INSERT INTO department_name (department_id, name, locale) VALUES (625, 'MEDICAL LABORATORY STUDIES', 'en');
INSERT INTO department_name (department_id, name, locale) VALUES (627, 'MEDICAL RADIOLOGIC TECHNOLOGY', 'en');
INSERT INTO department_name (department_id, name, locale) VALUES (628, 'NUTRITION AND DIETARY APPLICATIONS', 'en');
INSERT INTO department_name (department_id, name, locale) VALUES (629, 'DENTAL TECHNOLOGY', 'en');
INSERT INTO department_name (department_id, name, locale) VALUES (635, 'OPTICS AND OPTOMETRY', 'en');
INSERT INTO department_name (department_id, name, locale) VALUES (637, 'AESTHETICS & COSMETOLOGY', 'en');
INSERT INTO department_name (department_id, name, locale) VALUES (639, 'AESTHETICS & COSMETOLOGY', 'en');
INSERT INTO department_name (department_id, name, locale) VALUES (641, 'SOCIAL WORK', 'en');
INSERT INTO department_name (department_id, name, locale) VALUES (643, 'SOCIAL WORK', 'en');
INSERT INTO department_name (department_id, name, locale) VALUES (644, 'MUSIC TECHNOLOGY & ACOUSTICS ENGINEERING', 'en');
INSERT INTO department_name (department_id, name, locale) VALUES (645, 'NURSING', 'en');
INSERT INTO department_name (department_id, name, locale) VALUES (647, 'NURSING', 'en');
INSERT INTO department_name (department_id, name, locale) VALUES (649, 'NURSING', 'en');
INSERT INTO department_name (department_id, name, locale) VALUES (651, 'NURSING', 'en');
INSERT INTO department_name (department_id, name, locale) VALUES (652, 'NURSING', 'en');
INSERT INTO department_name (department_id, name, locale) VALUES (653, 'NURSING', 'en');
INSERT INTO department_name (department_id, name, locale) VALUES (654, 'NURSING', 'en');
INSERT INTO department_name (department_id, name, locale) VALUES (655, 'MIDWIFERY', 'en');
INSERT INTO department_name (department_id, name, locale) VALUES (657, 'MIDWIFERY', 'en');
INSERT INTO department_name (department_id, name, locale) VALUES (659, 'PHYSIOTHERAPY', 'en');
INSERT INTO department_name (department_id, name, locale) VALUES (661, 'SOCIAL WORK', 'en');
INSERT INTO department_name (department_id, name, locale) VALUES (662, 'MIDWIFERY', 'en');
INSERT INTO department_name (department_id, name, locale) VALUES (663, 'SPEECH & LANGUAGE THERAPY', 'en');
INSERT INTO department_name (department_id, name, locale) VALUES (690, 'EARLY CHILDHOOD EDUCATION', 'en');
INSERT INTO department_name (department_id, name, locale) VALUES (692, 'EARLY CHILDHOOD EDUCATION', 'en');
INSERT INTO department_name (department_id, name, locale) VALUES (694, 'EARLY CHILDHOOD EDUCATION', 'en');
INSERT INTO department_name (department_id, name, locale) VALUES (696, 'TRADITIONAL MUSIC ', 'en');
INSERT INTO department_name (department_id, name, locale) VALUES (697, 'SOUND TECHNOLOGIES & MUSIC INSTRUMENTS', 'en');
INSERT INTO department_name (department_id, name, locale) VALUES (701, 'TEXTILE ENGINEERING', 'en');
INSERT INTO department_name (department_id, name, locale) VALUES (703, 'CLOTHING DESIGN AND TECHNOLOGY', 'en');
INSERT INTO department_name (department_id, name, locale) VALUES (705, 'ELECTRONICS', 'en');
INSERT INTO department_name (department_id, name, locale) VALUES (709, 'DEPARTEMENT OF ELECTRONICS', 'en');
INSERT INTO department_name (department_id, name, locale) VALUES (710, 'COMPUTER ENGINEERING', 'en');
INSERT INTO department_name (department_id, name, locale) VALUES (711, 'INFORMATION TECHNOLOGY', 'en');
INSERT INTO department_name (department_id, name, locale) VALUES (712, 'INFORMATION TECHNOLOGY', 'en');
INSERT INTO department_name (department_id, name, locale) VALUES (713, 'ELECTRONIC COMPUTER SYSTEMS', 'en');
INSERT INTO department_name (department_id, name, locale) VALUES (714, 'AUTOMATION', 'en');
INSERT INTO department_name (department_id, name, locale) VALUES (716, 'FOOD TECHNOLOGY', 'en');
INSERT INTO department_name (department_id, name, locale) VALUES (717, 'FOOD TECHNOLOGY', 'en');
INSERT INTO department_name (department_id, name, locale) VALUES (718, 'OENOLOGY AND BEVERAGE TECHNOLOGY', 'en');
INSERT INTO department_name (department_id, name, locale) VALUES (719, 'NUTRITION & DIETETICS', 'en');
INSERT INTO department_name (department_id, name, locale) VALUES (720, 'AUTOMATION ENGINEERING', 'en');
INSERT INTO department_name (department_id, name, locale) VALUES (722, 'AUTOMATION ENGINEERING', 'en');
INSERT INTO department_name (department_id, name, locale) VALUES (723, 'COMPUTER SCIENCE AND ENGINEERING', 'en');
INSERT INTO department_name (department_id, name, locale) VALUES (724, 'INFORMATICS ENGINEERING', 'en');
INSERT INTO department_name (department_id, name, locale) VALUES (725, 'MECHANICAL ENGINEERING DEPARTMENT', 'en');
INSERT INTO department_name (department_id, name, locale) VALUES (727, 'INFORMATICS & COMMUNICATIONS', 'en');
INSERT INTO department_name (department_id, name, locale) VALUES (730, 'DIGITAL MEDIA AND COMMUNICATION', 'en');
INSERT INTO department_name (department_id, name, locale) VALUES (731, 'ACCOUNTING AND FINANCE', 'en');
INSERT INTO department_name (department_id, name, locale) VALUES (735, 'INFORMATICS ENGINEERING', 'en');
INSERT INTO department_name (department_id, name, locale) VALUES (736, 'INFORMATION TECHNOLOGY', 'en');
INSERT INTO department_name (department_id, name, locale) VALUES (737, 'AIRCRAFT TECHNOLOGY ENGINEERING', 'en');
INSERT INTO department_name (department_id, name, locale) VALUES (739, 'FOOD TECHNOLOGY', 'en');
INSERT INTO department_name (department_id, name, locale) VALUES (740, 'LOGISTICS', 'en');
INSERT INTO department_name (department_id, name, locale) VALUES (741, 'PUBLIC RELATIONS & COMMUNICATION', 'en');
INSERT INTO department_name (department_id, name, locale) VALUES (742, 'OPTICS AND OPTOMETRY', 'en');
INSERT INTO department_name (department_id, name, locale) VALUES (744, 'NURSING', 'en');
INSERT INTO department_name (department_id, name, locale) VALUES (745, 'MARKETING (COMMERCE AND ADVERTISING)', 'en');
INSERT INTO department_name (department_id, name, locale) VALUES (747, 'NUTRITION & DIETETICS', 'en');
INSERT INTO department_name (department_id, name, locale) VALUES (750, 'INTERIOR ARCHITECTURE, DECORATION & DESIGN', 'en');
INSERT INTO department_name (department_id, name, locale) VALUES (751, 'DEPARTMENT OF BUSINESS ADMINISTRATION', 'en');
INSERT INTO department_name (department_id, name, locale) VALUES (752, 'OENOLOGY AND BEVERAGE TECHNOLOGY', 'en');
INSERT INTO department_name (department_id, name, locale) VALUES (755, 'ADMINISTRATION, ECONOMY AND COMMUNICATION OF CULTURAL NAD TOURISTIC UNITS', 'en');
INSERT INTO department_name (department_id, name, locale) VALUES (756, 'MANAGEMENT ECONOMICS AND COMMUNICATION OF CULTURAL AND TOURIST FACILITIES', 'en');
INSERT INTO department_name (department_id, name, locale) VALUES (757, 'AGRICULTURAL TECHNOLOGY', 'en');
INSERT INTO department_name (department_id, name, locale) VALUES (758, 'AGRICULTURAL TECHNOLOGY', 'en');
INSERT INTO department_name (department_id, name, locale) VALUES (759, 'AGRICULTURAL TECHNOLOGY', 'en');
INSERT INTO department_name (department_id, name, locale) VALUES (760, 'AGRICULTURAL TECHNOLOGY', 'en');
INSERT INTO department_name (department_id, name, locale) VALUES (761, 'AGRICULTURAL TECHNOLOGY', 'en');
INSERT INTO department_name (department_id, name, locale) VALUES (762, 'AGRICULTURAL TECHNOLOGY', 'en');
INSERT INTO department_name (department_id, name, locale) VALUES (765, 'BUSINESS ADMINISTRATION', 'en');
INSERT INTO department_name (department_id, name, locale) VALUES (766, 'BUSINESS ADMINISTRATION', 'en');
INSERT INTO department_name (department_id, name, locale) VALUES (767, 'MECHANICAL ENGINEERING', 'en');
INSERT INTO department_name (department_id, name, locale) VALUES (768, 'CIVIL ENGINEERING', 'en');
INSERT INTO department_name (department_id, name, locale) VALUES (769, 'CIVIL ENGINEERING', 'en');
INSERT INTO department_name (department_id, name, locale) VALUES (772, 'ACCOUNTING AND FINANCE', 'en');
INSERT INTO department_name (department_id, name, locale) VALUES (773, 'ACCOUNTING AND FINANCE', 'en');
INSERT INTO department_name (department_id, name, locale) VALUES (774, 'ACCOUNTING AND FINANCE', 'en');
INSERT INTO department_name (department_id, name, locale) VALUES (775, 'ACCOUNTING AND FINANCE', 'en');
INSERT INTO department_name (department_id, name, locale) VALUES (776, 'CIVIL ENGINEERING EDUCATORS', 'en');
INSERT INTO department_name (department_id, name, locale) VALUES (8012, '-', 'en');
INSERT INTO department_name (department_id, name, locale) VALUES (8013, '-', 'en');
INSERT INTO department_name (department_id, name, locale) VALUES (8014, '-', 'en');
INSERT INTO department_name (department_id, name, locale) VALUES (8017, 'GENERAL DEPTARTMENT OF EDUCATION ', 'en');
INSERT INTO department_name (department_id, name, locale) VALUES (9996, 'VISUAL AND APPLIED ARTS', 'en');
INSERT INTO department_name (department_id, name, locale) VALUES (9997, 'FINE ARTS', 'en');
INSERT INTO department_name (department_id, name, locale) VALUES (9998, 'VISUAL AND APPLIED ARTS', 'en');
INSERT INTO department_name (department_id, name, locale) VALUES (1001, 'BUSINESS ADMINISTRATION', 'en');
INSERT INTO department_name (department_id, name, locale) VALUES (1002, 'ELECTRICAL AND ELECTRONIC ENGINEERING EDUCATORS', 'en');
INSERT INTO department_name (department_id, name, locale) VALUES (1003, 'SOCIAL ADMINISTRATION', 'en');
INSERT INTO department_name (department_id, name, locale) VALUES (1004, 'MATHEMATICS', 'en');
INSERT INTO department_name (department_id, name, locale) VALUES (1005, 'MATHEMATICS AND APPLIED MATHEMATICS', 'en');
INSERT INTO department_name (department_id, name, locale) VALUES (1006, 'CIVIL ENGINEERING AND SURVEYING ENGINEERING AND GEOMATICS', 'en');
INSERT INTO department_name (department_id, name, locale) VALUES (1007, 'GRAPHIC DESIGN', 'en');
INSERT INTO department_name (department_id, name, locale) VALUES (1008, 'BUSINESS ADMINISTRATION', 'en');
INSERT INTO department_name (department_id, name, locale) VALUES (1009, 'PUBLIC HEALTH AND COMMUNITY HEALTH', 'en');
INSERT INTO department_name (department_id, name, locale) VALUES (1010, 'TECHNOLOGY OF PETROLEUM AND NATURAL GAS ENGINEERING AND MECHANICAL ENGINEERING', 'en');
INSERT INTO department_name (department_id, name, locale) VALUES (1011, 'MECHANICAL ENGINEERING AND INDUSTRIAL DESIGN ', 'en');
INSERT INTO department_name (department_id, name, locale) VALUES (1012, 'ENVIRONMENTAL ENGINEERING', 'en');
INSERT INTO department_name (department_id, name, locale) VALUES (1013, 'BUSINESS ADMINISTRATION (GREVENA)', 'en');
INSERT INTO department_name (department_id, name, locale) VALUES (1014, 'BUSINESS ADMINISTRATION', 'en');
INSERT INTO department_name (department_id, name, locale) VALUES (1015, 'BUSINESS ADMINISTRATION', 'en');
INSERT INTO department_name (department_id, name, locale) VALUES (1016, 'ENVIRONMENTAL TECHNOLOGISTS (A.T.)', 'en');
INSERT INTO department_name (department_id, name, locale) VALUES (1017, 'BUSINESS ADMINISTRATION', 'en');
INSERT INTO department_name (department_id, name, locale) VALUES (1018, 'CIVIL ENGINEERING AND SURVEYING ENGINEERING AND GEOMATICS', 'en');
INSERT INTO department_name (department_id, name, locale) VALUES (1020, 'BUSINESS ADMINISTRATION (IRAKLIO)', 'en');
INSERT INTO department_name (department_id, name, locale) VALUES (1021, 'BUSINESS ADMINISTRATION', 'en');
INSERT INTO department_name (department_id, name, locale) VALUES (1022, 'BUSINESS ADMINISTRATION', 'en');
INSERT INTO department_name (department_id, name, locale) VALUES (1023, '-', 'en');
INSERT INTO department_name (department_id, name, locale) VALUES (1024, '-', 'en');
INSERT INTO department_name (department_id, name, locale) VALUES (1025, '-', 'en');
INSERT INTO department_name (department_id, name, locale) VALUES (1026, '-', 'en');
INSERT INTO department_name (department_id, name, locale) VALUES (20001, 'RESEARCH CENTRE FOR BYZANTINE AND POST-BYZANTINE ART', 'en');
INSERT INTO department_name (department_id, name, locale) VALUES (20002, 'RESEARCH CENTRE FOR MODERN GREEK DIALECTS', 'en');
INSERT INTO department_name (department_id, name, locale) VALUES (20003, 'RESEARCH CENTER FOR ASTRONOMY AND APPLIED MATHEMATICS', 'en');
INSERT INTO department_name (department_id, name, locale) VALUES (20004, 'RESEARCH CENTER OF PURE AND APPLIED MATHEMATICS', 'en');
INSERT INTO department_name (department_id, name, locale) VALUES (20005, 'RESEARCH CENTER FOR SCIENTIFIC TERMS AND NEOLOGISMS', 'en');
INSERT INTO department_name (department_id, name, locale) VALUES (20006, 'RESEARCH CENTER FOR ANTIQUITY', 'en');
INSERT INTO department_name (department_id, name, locale) VALUES (20007, 'RESEARCH CENTER FOR GREEK AND LATIN LITERATURE', 'en');
INSERT INTO department_name (department_id, name, locale) VALUES (20008, 'RESEARCH CENTRE FOR GREEK SOCIETY', 'en');
INSERT INTO department_name (department_id, name, locale) VALUES (20009, 'HELLENIC FOLKLORE RESEARCH CENTRE', 'en');
INSERT INTO department_name (department_id, name, locale) VALUES (20010, 'RESEARCH CENTRE FOR GREEK PHILOSOPHY', 'en');
INSERT INTO department_name (department_id, name, locale) VALUES (20011, 'RESEARCH CENTER FOR THE HISTORY OF GREEK LAW', 'en');
INSERT INTO department_name (department_id, name, locale) VALUES (20012, 'RESEARCH CENTRE FOR THE STUDY OF MODERN GREEK HISTORY', 'en');
INSERT INTO department_name (department_id, name, locale) VALUES (20013, 'RESEARCH CENTRE FOR MEDIEVAL AND MODERN HELLENISM', 'en');
INSERT INTO department_name (department_id, name, locale) VALUES (20014, 'RESEARCH CENTRE FOR ATMOSPHERIC PHYSICS AND CLIMATOLOGY', 'en');
INSERT INTO department_name (department_id, name, locale) VALUES (20015, 'NATIONAL SCHOOL OF PUBLIC ADMINISTRATION AND LOCAL GOVERNMENT', 'en');
INSERT INTO department_name (department_id, name, locale) VALUES (20016, 'INSTITUTE OF GEODYNAMICS', 'en');
INSERT INTO department_name (department_id, name, locale) VALUES (20017, 'INSTITUTE FOR ASTRONOMY, ASTROPHYSICS, SPACE APPLICATIONS AND REMOTE SENSING', 'en');
INSERT INTO department_name (department_id, name, locale) VALUES (20018, 'INSTITUTE OF ENVIRONMENTAL RESEARCH AND SUSTAINABLE DEVELOPMENT', 'en');
INSERT INTO department_name (department_id, name, locale) VALUES (20019, 'NESTOR INSTITUTE FOR DEEP SEA RESEARCH, TECHNOLOGY AND NEUTRINO ASTROPARTICLE PHYSICS', 'en');
INSERT INTO department_name (department_id, name, locale) VALUES (20020, 'BIOSCIENCES AND APPLICATIONS', 'en');
INSERT INTO department_name (department_id, name, locale) VALUES (20021, 'INFORMATICS AND TELECOMMUNICATIONS', 'en');
INSERT INTO department_name (department_id, name, locale) VALUES (20022, 'ADVANCED MATERIALS, PHYSICOCHEMICAL PROCESSES, NANOTECHNOLOGY & MICROSYSTEMS', 'en');
INSERT INTO department_name (department_id, name, locale) VALUES (20023, 'NUCLEAR AND PARTICLE PHYSICS', 'en');
INSERT INTO department_name (department_id, name, locale) VALUES (20024, 'NUCLEAR AND RADIOLOGICAL SCIENCES, ENERGY, TECHNOLOGY AND SAFETY', 'en');
INSERT INTO department_name (department_id, name, locale) VALUES (20025, 'URBAN AND RURAL SOCIOLOGY ', 'en');
INSERT INTO department_name (department_id, name, locale) VALUES (20026, 'SOCIAL POLICY ', 'en');
INSERT INTO department_name (department_id, name, locale) VALUES (20027, 'POLITICAL SOCIOLOGY ', 'en');
INSERT INTO department_name (department_id, name, locale) VALUES (20028, 'INLAND WATERS', 'en');
INSERT INTO department_name (department_id, name, locale) VALUES (20029, 'MARINE BIOLOGY AND GENETICS', 'en');
INSERT INTO department_name (department_id, name, locale) VALUES (20030, 'MARINE BIOLOGICAL RESOURCES', 'en');
INSERT INTO department_name (department_id, name, locale) VALUES (20031, 'AQUACULTURE ', 'en');
INSERT INTO department_name (department_id, name, locale) VALUES (20032, 'OCEANOGRAPHY', 'en');
INSERT INTO department_name (department_id, name, locale) VALUES (20033, 'INSTITUTE OF ENGINEERING SEISMOLOGY & EARTHQUAKE ENGINEERING (ITSAK)', 'en');
INSERT INTO department_name (department_id, name, locale) VALUES (20034, 'AMERICAN FARM SCHOOL', 'en');
INSERT INTO department_name (department_id, name, locale) VALUES (20035, 'NEUROSURGICAL INSTITUTE - UNIVERSITY OF IOANNINA', 'en');
INSERT INTO department_name (department_id, name, locale) VALUES (20036, 'RESEARCH INSTITUTE OF URBAN ENVIRONMENT AND HUMAN RESOURCES - PANTEION UNIVERSITY OF ATHENS', 'en');
INSERT INTO department_name (department_id, name, locale) VALUES (20037, 'INSTITUTE OF INTERNATIONAL RELATIONS OF PANTEION UNIVERSITY', 'en');
INSERT INTO department_name (department_id, name, locale) VALUES (20038, 'RESEARCH INSTITUTE OF PROCEDURAL STUDIES - UOA', 'en');
INSERT INTO department_name (department_id, name, locale) VALUES (20039, 'INSTITUTE OF ACCELERATING SYSTEMS AND APPLICATIONS, ATHENS, GREECE', 'en');
INSERT INTO department_name (department_id, name, locale) VALUES (20040, 'UNIVERSITY RESEARCH INSTITUTE OF APPLIED COMMUNICATION - UOA', 'en');
INSERT INTO department_name (department_id, name, locale) VALUES (20041, 'RESEARCH INSTITUTE FOR THE STUDY OF GENETIC AND MALIGNANT DISORDERS IN CHILDHOOD, UNIVERSITY OF ATHENS, GREECE', 'en');
INSERT INTO department_name (department_id, name, locale) VALUES (20042, 'S, INSTITUTE OF APPLIED ECONOMIC AND SOCIAL SCIENCES, UNIVERSITY OF MACEDONIA', 'en');
INSERT INTO department_name (department_id, name, locale) VALUES (20043, 'REGIONAL DEVELOPMENT INSTITUTE OF PANTEION UNIVERSITY', 'en');
INSERT INTO department_name (department_id, name, locale) VALUES (20044, 'INSTITUTE OF STATISTICAL DOCUMENTATION RESEARCH AND ANALYSIS', 'en');
INSERT INTO department_name (department_id, name, locale) VALUES (20045, 'CONSTITUTIONAL RESEARCH INSTITUTE (UOA)', 'en');
INSERT INTO department_name (department_id, name, locale) VALUES (20046, 'INSTITUTE OF COMMUNICATION AND COMPUTER SYSTEMS (NTUA)', 'en');
INSERT INTO department_name (department_id, name, locale) VALUES (20047, 'TELECOMMUNICATION SYSTEMS RESEARCH INSTITUTE (T.S.I.)', 'en');
INSERT INTO department_name (department_id, name, locale) VALUES (20048, 'INSTITUTE OF PLASMA PHYSICS (UOC)', 'en');
INSERT INTO department_name (department_id, name, locale) VALUES (20049, 'SOLID EARTH PHYSICS INSTITUTE (UOA)', 'en');
INSERT INTO department_name (department_id, name, locale) VALUES (20050, 'UNIVERSITY MENTAL HEALTH RESEARCH INSTITUTE, ATHENS, GREECE', 'en');
INSERT INTO department_name (department_id, name, locale) VALUES (20051, 'HELLENIC NATIONAL CENTER FOR THE RESEARCH, PREVENTION AND TREATMENT OF DIABETES MELLITUS AND ITS COMPLICATIONS (H.N.D.C.)', 'en');
INSERT INTO department_name (department_id, name, locale) VALUES (20052, 'NATIONAL DOCUMENTATION CENTRE', 'en');
INSERT INTO department_name (department_id, name, locale) VALUES (20053, 'INSTITUTE OF BIOLOGY, MEDICINAL CHEMISTRY AND BIOTECHNOLOGY (IBMCB)', 'en');
INSERT INTO department_name (department_id, name, locale) VALUES (20054, 'THEORETICAL AND PHYSICAL CHEMISTRY INSTITUTE (TPCI)', 'en');
INSERT INTO department_name (department_id, name, locale) VALUES (20055, 'INSTITUTE OF HISTORICAL RESEARCH (IHR/NHRF)', 'en');
INSERT INTO department_name (department_id, name, locale) VALUES (20056, 'HELLENIC INSTITUTE OF TRANSPORT (HIT)', 'en');
INSERT INTO department_name (department_id, name, locale) VALUES (20057, 'INSTITUTE OF APPLIED BIOSCIENCES (INAB)', 'en');
INSERT INTO department_name (department_id, name, locale) VALUES (20058, 'INFORMATION TECHNOLOGIES INSTITUTE (ITI)', 'en');
INSERT INTO department_name (department_id, name, locale) VALUES (20059, 'CHEMICAL PROCESS & ENERGY RESOURCES INSTITUTE (CPERI)', 'en');
INSERT INTO department_name (department_id, name, locale) VALUES (20060, 'HELLENIC PASTEUR INSTITUTE (HPI)', 'en');
INSERT INTO department_name (department_id, name, locale) VALUES (20061, 'HELLENIC INSTITUTE FOR OCCUPATIONAL HEALTH AND SAFETY ', 'en');
INSERT INTO department_name (department_id, name, locale) VALUES (20062, 'HELLENIC ORGANIZATION FOR STANDARDIZATION (ELOT)', 'en');
INSERT INTO department_name (department_id, name, locale) VALUES (20064, 'INSTITUTE OF IMMUNOLOGY', 'en');
INSERT INTO department_name (department_id, name, locale) VALUES (20065, 'INSTITUTE OF CELLULAR & DEVELOPMENTAL BIOLOGY', 'en');
INSERT INTO department_name (department_id, name, locale) VALUES (20066, 'INSTITUTE OF MICROBIOLOGY-VIROLOGY', 'en');
INSERT INTO department_name (department_id, name, locale) VALUES (20067, 'INSTITUTE OF MOLECULAR BIOLOGY & GENETICS', 'en');
INSERT INTO department_name (department_id, name, locale) VALUES (20068, 'INSTITUTE OF MOLECULAR ONCOLOGY', 'en');
INSERT INTO department_name (department_id, name, locale) VALUES (20069, 'INDUSTRIAL SYSTEMS INSTITUTE ', 'en');
INSERT INTO department_name (department_id, name, locale) VALUES (20070, 'INSTITUTE FOR LANGUAGE AND SPEECH PROCESSING', 'en');
INSERT INTO department_name (department_id, name, locale) VALUES (20071, 'INSTITUTE FOR THE MANAGEMENT OF INFORMATION SYSTEMS ', 'en');
INSERT INTO department_name (department_id, name, locale) VALUES (20072, 'INFORMATION ANALYSIS AND MODELING UNIT (IAMU)', 'en');
INSERT INTO department_name (department_id, name, locale) VALUES (20073, 'HELLENIC TECHNOLOGY CLUSTERS INITIATIVE - CORALLIA', 'en');
INSERT INTO department_name (department_id, name, locale) VALUES (20074, 'SPACE PROGRAMMES UNIT (SPU) ', 'en');
INSERT INTO department_name (department_id, name, locale) VALUES (20075, 'EUGENIDES FOUNDATION', 'en');
INSERT INTO department_name (department_id, name, locale) VALUES (20076, 'BIOMEDICAL RESEARCH FOUNDATION OF THE ACADEMY OF ATHENS (BRFAA)', 'en');
INSERT INTO department_name (department_id, name, locale) VALUES (20077, 'FOUNDATION OF THE HELLENIC WORLD', 'en');
INSERT INTO department_name (department_id, name, locale) VALUES (20078, 'INSTITUTE OF CHEMICAL ENGINEERING SCIENCES (ICE-HT)', 'en');
INSERT INTO department_name (department_id, name, locale) VALUES (20079, 'INSTITUTE OF ELECTRONIC STRUCTURE AND LASER (IESL)', 'en');
INSERT INTO department_name (department_id, name, locale) VALUES (20080, 'INSTITUTE FOR MEDITERRANEAN STUDIES (IMS)', 'en');
INSERT INTO department_name (department_id, name, locale) VALUES (20081, 'INSTITUTE OF MOLECULAR BIOLOGY AND BIOTECHNOLOGY (IMBB)', 'en');
INSERT INTO department_name (department_id, name, locale) VALUES (20082, 'INSTITUTE OF COMPUTER SCIENCE (ICS)', 'en');
INSERT INTO department_name (department_id, name, locale) VALUES (20083, 'INSTITUTE OF APPLIED & COMPUTATIONAL MATHEMATICS (IACM)', 'en');
INSERT INTO department_name (department_id, name, locale) VALUES (20084, 'INSTITUTE FOR RESEARCH ON MUSIC AND ACOUSTICS', 'en');
INSERT INTO department_name (department_id, name, locale) VALUES (20085, 'INSTITUTE OF GEOLOGY & MINERAL EXPLORATION', 'en');
INSERT INTO department_name (department_id, name, locale) VALUES (20086, 'INSTITUTE FOR OLIVE TREE AND SUBTROPICAL PLANTS', 'en');
INSERT INTO department_name (department_id, name, locale) VALUES (20087, 'CENTRE FOR RENEWABLE ENERGY SOURCES AND SAVING (CRES)', 'en');
INSERT INTO department_name (department_id, name, locale) VALUES (20088, 'INSTITUTE OF EDUCATIONAL POLICY (IEP)', 'en');
INSERT INTO department_name (department_id, name, locale) VALUES (20089, 'CENTRE FOR THE GREEK LANGUAGE', 'en');
INSERT INTO department_name (department_id, name, locale) VALUES (20090, 'RESEARCH CENTER FOR GENDER EQUALITY', 'en');
INSERT INTO department_name (department_id, name, locale) VALUES (20091, 'INSTITUTE FOR RESEARCH AND TECHNOLOGY THESSALY (IRETETH)', 'en');
INSERT INTO department_name (department_id, name, locale) VALUES (20092, 'EUROPEAN CENTRE FOR THE DEVELOPMENT OF VOCATIONAL TRAINING', 'en');
INSERT INTO department_name (department_id, name, locale) VALUES (20093, 'SG1 - COMPUTER SCIENCE FOUNDATION', 'en');
INSERT INTO department_name (department_id, name, locale) VALUES (20094, 'SG3 - DYNAMIC SYSTEMS OF PREVAILING INTELLIGENCE', 'en');
INSERT INTO department_name (department_id, name, locale) VALUES (20095, 'SG6 - NETWORKS, TELEMATIC AND NEW SERVICES', 'en');
INSERT INTO department_name (department_id, name, locale) VALUES (20096, 'SG8 - SIGNAL PROCCESSING &TELECOMMUNICATIONS', 'en');
INSERT INTO department_name (department_id, name, locale) VALUES (20097, 'SG9 - (ATLANTIS GROUP)', 'en');


INSERT INTO sector (id, areaid, subjectid) VALUES (1, 1, 1);
INSERT INTO sector (id, areaid, subjectid) VALUES (2, 1, 2);
INSERT INTO sector (id, areaid, subjectid) VALUES (3, 1, 3);
INSERT INTO sector (id, areaid, subjectid) VALUES (4, 1, 4);
INSERT INTO sector (id, areaid, subjectid) VALUES (5, 1, 5);
INSERT INTO sector (id, areaid, subjectid) VALUES (6, 1, 6);
INSERT INTO sector (id, areaid, subjectid) VALUES (7, 1, 99);
INSERT INTO sector (id, areaid, subjectid) VALUES (8, 2, 1);
INSERT INTO sector (id, areaid, subjectid) VALUES (9, 2, 2);
INSERT INTO sector (id, areaid, subjectid) VALUES (10, 2, 3);
INSERT INTO sector (id, areaid, subjectid) VALUES (11, 2, 4);
INSERT INTO sector (id, areaid, subjectid) VALUES (12, 2, 5);
INSERT INTO sector (id, areaid, subjectid) VALUES (13, 2, 6);
INSERT INTO sector (id, areaid, subjectid) VALUES (14, 2, 7);
INSERT INTO sector (id, areaid, subjectid) VALUES (15, 2, 8);
INSERT INTO sector (id, areaid, subjectid) VALUES (16, 2, 9);
INSERT INTO sector (id, areaid, subjectid) VALUES (17, 2, 10);
INSERT INTO sector (id, areaid, subjectid) VALUES (18, 2, 11);
INSERT INTO sector (id, areaid, subjectid) VALUES (19, 2, 12);
INSERT INTO sector (id, areaid, subjectid) VALUES (20, 2, 13);
INSERT INTO sector (id, areaid, subjectid) VALUES (21, 2, 14);
INSERT INTO sector (id, areaid, subjectid) VALUES (22, 2, 15);
INSERT INTO sector (id, areaid, subjectid) VALUES (23, 2, 16);
INSERT INTO sector (id, areaid, subjectid) VALUES (24, 2, 17);
INSERT INTO sector (id, areaid, subjectid) VALUES (25, 2, 18);
INSERT INTO sector (id, areaid, subjectid) VALUES (26, 2, 19);
INSERT INTO sector (id, areaid, subjectid) VALUES (27, 2, 20);
INSERT INTO sector (id, areaid, subjectid) VALUES (28, 2, 21);
INSERT INTO sector (id, areaid, subjectid) VALUES (29, 2, 22);
INSERT INTO sector (id, areaid, subjectid) VALUES (30, 2, 23);
INSERT INTO sector (id, areaid, subjectid) VALUES (31, 2, 24);
INSERT INTO sector (id, areaid, subjectid) VALUES (32, 2, 25);
INSERT INTO sector (id, areaid, subjectid) VALUES (33, 2, 26);
INSERT INTO sector (id, areaid, subjectid) VALUES (34, 2, 27);
INSERT INTO sector (id, areaid, subjectid) VALUES (35, 2, 28);
INSERT INTO sector (id, areaid, subjectid) VALUES (36, 2, 29);
INSERT INTO sector (id, areaid, subjectid) VALUES (37, 2, 30);
INSERT INTO sector (id, areaid, subjectid) VALUES (38, 2, 31);
INSERT INTO sector (id, areaid, subjectid) VALUES (39, 2, 32);
INSERT INTO sector (id, areaid, subjectid) VALUES (40, 2, 33);
INSERT INTO sector (id, areaid, subjectid) VALUES (41, 2, 34);
INSERT INTO sector (id, areaid, subjectid) VALUES (42, 2, 35);
INSERT INTO sector (id, areaid, subjectid) VALUES (43, 2, 36);
INSERT INTO sector (id, areaid, subjectid) VALUES (44, 2, 37);
INSERT INTO sector (id, areaid, subjectid) VALUES (45, 2, 38);
INSERT INTO sector (id, areaid, subjectid) VALUES (46, 2, 39);
INSERT INTO sector (id, areaid, subjectid) VALUES (47, 2, 99);
INSERT INTO sector (id, areaid, subjectid) VALUES (48, 3, 1);
INSERT INTO sector (id, areaid, subjectid) VALUES (49, 3, 2);
INSERT INTO sector (id, areaid, subjectid) VALUES (50, 3, 3);
INSERT INTO sector (id, areaid, subjectid) VALUES (51, 3, 4);
INSERT INTO sector (id, areaid, subjectid) VALUES (52, 3, 5);
INSERT INTO sector (id, areaid, subjectid) VALUES (53, 3, 99);
INSERT INTO sector (id, areaid, subjectid) VALUES (54, 4, 1);
INSERT INTO sector (id, areaid, subjectid) VALUES (55, 4, 2);
INSERT INTO sector (id, areaid, subjectid) VALUES (56, 4, 3);
INSERT INTO sector (id, areaid, subjectid) VALUES (57, 4, 4);
INSERT INTO sector (id, areaid, subjectid) VALUES (58, 4, 5);
INSERT INTO sector (id, areaid, subjectid) VALUES (59, 4, 6);
INSERT INTO sector (id, areaid, subjectid) VALUES (60, 4, 7);
INSERT INTO sector (id, areaid, subjectid) VALUES (61, 4, 99);
INSERT INTO sector (id, areaid, subjectid) VALUES (62, 5, 1);
INSERT INTO sector (id, areaid, subjectid) VALUES (63, 5, 2);
INSERT INTO sector (id, areaid, subjectid) VALUES (64, 5, 3);
INSERT INTO sector (id, areaid, subjectid) VALUES (65, 5, 4);
INSERT INTO sector (id, areaid, subjectid) VALUES (66, 5, 5);
INSERT INTO sector (id, areaid, subjectid) VALUES (67, 5, 6);
INSERT INTO sector (id, areaid, subjectid) VALUES (68, 5, 7);
INSERT INTO sector (id, areaid, subjectid) VALUES (69, 5, 8);
INSERT INTO sector (id, areaid, subjectid) VALUES (70, 5, 9);
INSERT INTO sector (id, areaid, subjectid) VALUES (71, 5, 10);
INSERT INTO sector (id, areaid, subjectid) VALUES (72, 5, 11);
INSERT INTO sector (id, areaid, subjectid) VALUES (73, 5, 12);
INSERT INTO sector (id, areaid, subjectid) VALUES (74, 5, 13);
INSERT INTO sector (id, areaid, subjectid) VALUES (75, 5, 14);
INSERT INTO sector (id, areaid, subjectid) VALUES (76, 5, 99);
INSERT INTO sector (id, areaid, subjectid) VALUES (77, 6, 1);
INSERT INTO sector (id, areaid, subjectid) VALUES (78, 6, 2);
INSERT INTO sector (id, areaid, subjectid) VALUES (79, 6, 3);
INSERT INTO sector (id, areaid, subjectid) VALUES (80, 6, 4);
INSERT INTO sector (id, areaid, subjectid) VALUES (81, 6, 5);
INSERT INTO sector (id, areaid, subjectid) VALUES (82, 6, 6);
INSERT INTO sector (id, areaid, subjectid) VALUES (83, 6, 7);
INSERT INTO sector (id, areaid, subjectid) VALUES (84, 6, 8);
INSERT INTO sector (id, areaid, subjectid) VALUES (85, 6, 9);
INSERT INTO sector (id, areaid, subjectid) VALUES (86, 6, 10);
INSERT INTO sector (id, areaid, subjectid) VALUES (87, 6, 11);
INSERT INTO sector (id, areaid, subjectid) VALUES (88, 6, 99);
INSERT INTO sector (id, areaid, subjectid) VALUES (89, 7, 1);
INSERT INTO sector (id, areaid, subjectid) VALUES (90, 7, 2);
INSERT INTO sector (id, areaid, subjectid) VALUES (91, 7, 3);
INSERT INTO sector (id, areaid, subjectid) VALUES (92, 7, 4);
INSERT INTO sector (id, areaid, subjectid) VALUES (93, 7, 5);
INSERT INTO sector (id, areaid, subjectid) VALUES (94, 7, 6);
INSERT INTO sector (id, areaid, subjectid) VALUES (95, 7, 7);
INSERT INTO sector (id, areaid, subjectid) VALUES (96, 7, 8);
INSERT INTO sector (id, areaid, subjectid) VALUES (97, 7, 9);
INSERT INTO sector (id, areaid, subjectid) VALUES (98, 7, 10);
INSERT INTO sector (id, areaid, subjectid) VALUES (99, 7, 11);
INSERT INTO sector (id, areaid, subjectid) VALUES (100, 7, 12);
INSERT INTO sector (id, areaid, subjectid) VALUES (101, 7, 13);
INSERT INTO sector (id, areaid, subjectid) VALUES (102, 7, 14);
INSERT INTO sector (id, areaid, subjectid) VALUES (103, 7, 15);
INSERT INTO sector (id, areaid, subjectid) VALUES (104, 7, 16);
INSERT INTO sector (id, areaid, subjectid) VALUES (105, 7, 17);
INSERT INTO sector (id, areaid, subjectid) VALUES (106, 7, 99);
INSERT INTO sector (id, areaid, subjectid) VALUES (107, 8, 1);
INSERT INTO sector (id, areaid, subjectid) VALUES (108, 8, 2);
INSERT INTO sector (id, areaid, subjectid) VALUES (109, 8, 3);
INSERT INTO sector (id, areaid, subjectid) VALUES (110, 8, 4);
INSERT INTO sector (id, areaid, subjectid) VALUES (111, 8, 5);
INSERT INTO sector (id, areaid, subjectid) VALUES (112, 8, 6);
INSERT INTO sector (id, areaid, subjectid) VALUES (113, 8, 7);
INSERT INTO sector (id, areaid, subjectid) VALUES (114, 8, 8);
INSERT INTO sector (id, areaid, subjectid) VALUES (115, 8, 9);
INSERT INTO sector (id, areaid, subjectid) VALUES (116, 8, 10);
INSERT INTO sector (id, areaid, subjectid) VALUES (117, 8, 11);
INSERT INTO sector (id, areaid, subjectid) VALUES (118, 8, 12);
INSERT INTO sector (id, areaid, subjectid) VALUES (119, 8, 99);
INSERT INTO sector (id, areaid, subjectid) VALUES (120, 9, 1);
INSERT INTO sector (id, areaid, subjectid) VALUES (121, 9, 2);
INSERT INTO sector (id, areaid, subjectid) VALUES (122, 9, 3);
INSERT INTO sector (id, areaid, subjectid) VALUES (123, 9, 4);
INSERT INTO sector (id, areaid, subjectid) VALUES (124, 9, 5);
INSERT INTO sector (id, areaid, subjectid) VALUES (125, 9, 6);
INSERT INTO sector (id, areaid, subjectid) VALUES (126, 9, 7);
INSERT INTO sector (id, areaid, subjectid) VALUES (127, 9, 8);
INSERT INTO sector (id, areaid, subjectid) VALUES (128, 9, 9);
INSERT INTO sector (id, areaid, subjectid) VALUES (129, 9, 10);
INSERT INTO sector (id, areaid, subjectid) VALUES (130, 9, 11);
INSERT INTO sector (id, areaid, subjectid) VALUES (131, 9, 12);
INSERT INTO sector (id, areaid, subjectid) VALUES (132, 9, 13);
INSERT INTO sector (id, areaid, subjectid) VALUES (133, 9, 99);
INSERT INTO sector (id, areaid, subjectid) VALUES (134, 10, 1);
INSERT INTO sector (id, areaid, subjectid) VALUES (135, 10, 2);
INSERT INTO sector (id, areaid, subjectid) VALUES (136, 10, 3);
INSERT INTO sector (id, areaid, subjectid) VALUES (137, 10, 4);
INSERT INTO sector (id, areaid, subjectid) VALUES (138, 10, 5);
INSERT INTO sector (id, areaid, subjectid) VALUES (139, 10, 6);
INSERT INTO sector (id, areaid, subjectid) VALUES (140, 10, 7);
INSERT INTO sector (id, areaid, subjectid) VALUES (141, 10, 8);
INSERT INTO sector (id, areaid, subjectid) VALUES (142, 10, 9);
INSERT INTO sector (id, areaid, subjectid) VALUES (143, 10, 10);
INSERT INTO sector (id, areaid, subjectid) VALUES (144, 10, 11);
INSERT INTO sector (id, areaid, subjectid) VALUES (145, 10, 12);
INSERT INTO sector (id, areaid, subjectid) VALUES (146, 10, 13);
INSERT INTO sector (id, areaid, subjectid) VALUES (147, 10, 14);
INSERT INTO sector (id, areaid, subjectid) VALUES (148, 10, 15);
INSERT INTO sector (id, areaid, subjectid) VALUES (149, 10, 99);
INSERT INTO sector (id, areaid, subjectid) VALUES (150, 11, 1);
INSERT INTO sector (id, areaid, subjectid) VALUES (151, 11, 2);
INSERT INTO sector (id, areaid, subjectid) VALUES (152, 11, 3);
INSERT INTO sector (id, areaid, subjectid) VALUES (153, 11, 4);
INSERT INTO sector (id, areaid, subjectid) VALUES (154, 11, 5);
INSERT INTO sector (id, areaid, subjectid) VALUES (155, 11, 6);
INSERT INTO sector (id, areaid, subjectid) VALUES (156, 11, 7);
INSERT INTO sector (id, areaid, subjectid) VALUES (157, 11, 8);
INSERT INTO sector (id, areaid, subjectid) VALUES (158, 11, 9);
INSERT INTO sector (id, areaid, subjectid) VALUES (159, 11, 10);
INSERT INTO sector (id, areaid, subjectid) VALUES (160, 11, 11);
INSERT INTO sector (id, areaid, subjectid) VALUES (161, 11, 12);
INSERT INTO sector (id, areaid, subjectid) VALUES (162, 11, 13);
INSERT INTO sector (id, areaid, subjectid) VALUES (163, 11, 14);
INSERT INTO sector (id, areaid, subjectid) VALUES (164, 11, 15);
INSERT INTO sector (id, areaid, subjectid) VALUES (165, 11, 16);
INSERT INTO sector (id, areaid, subjectid) VALUES (166, 11, 17);
INSERT INTO sector (id, areaid, subjectid) VALUES (167, 11, 18);
INSERT INTO sector (id, areaid, subjectid) VALUES (168, 11, 19);
INSERT INTO sector (id, areaid, subjectid) VALUES (169, 11, 20);
INSERT INTO sector (id, areaid, subjectid) VALUES (170, 11, 21);
INSERT INTO sector (id, areaid, subjectid) VALUES (171, 11, 22);
INSERT INTO sector (id, areaid, subjectid) VALUES (172, 11, 23);
INSERT INTO sector (id, areaid, subjectid) VALUES (173, 11, 24);
INSERT INTO sector (id, areaid, subjectid) VALUES (174, 11, 99);
INSERT INTO sector (id, areaid, subjectid) VALUES (175, 12, 1);
INSERT INTO sector (id, areaid, subjectid) VALUES (176, 12, 2);
INSERT INTO sector (id, areaid, subjectid) VALUES (177, 12, 3);
INSERT INTO sector (id, areaid, subjectid) VALUES (178, 12, 4);
INSERT INTO sector (id, areaid, subjectid) VALUES (179, 12, 5);
INSERT INTO sector (id, areaid, subjectid) VALUES (180, 12, 6);
INSERT INTO sector (id, areaid, subjectid) VALUES (181, 12, 99);
INSERT INTO sector (id, areaid, subjectid) VALUES (182, 13, 1);
INSERT INTO sector (id, areaid, subjectid) VALUES (183, 13, 2);
INSERT INTO sector (id, areaid, subjectid) VALUES (184, 13, 3);
INSERT INTO sector (id, areaid, subjectid) VALUES (185, 13, 4);
INSERT INTO sector (id, areaid, subjectid) VALUES (186, 13, 5);
INSERT INTO sector (id, areaid, subjectid) VALUES (187, 13, 6);
INSERT INTO sector (id, areaid, subjectid) VALUES (188, 13, 99);
INSERT INTO sector (id, areaid, subjectid) VALUES (189, 14, 1);
INSERT INTO sector (id, areaid, subjectid) VALUES (190, 14, 2);
INSERT INTO sector (id, areaid, subjectid) VALUES (191, 14, 3);
INSERT INTO sector (id, areaid, subjectid) VALUES (192, 14, 4);
INSERT INTO sector (id, areaid, subjectid) VALUES (193, 14, 5);
INSERT INTO sector (id, areaid, subjectid) VALUES (194, 14, 6);
INSERT INTO sector (id, areaid, subjectid) VALUES (195, 14, 7);
INSERT INTO sector (id, areaid, subjectid) VALUES (196, 14, 8);
INSERT INTO sector (id, areaid, subjectid) VALUES (197, 14, 9);
INSERT INTO sector (id, areaid, subjectid) VALUES (198, 14, 10);
INSERT INTO sector (id, areaid, subjectid) VALUES (199, 14, 11);
INSERT INTO sector (id, areaid, subjectid) VALUES (200, 14, 12);
INSERT INTO sector (id, areaid, subjectid) VALUES (201, 14, 13);
INSERT INTO sector (id, areaid, subjectid) VALUES (202, 14, 14);
INSERT INTO sector (id, areaid, subjectid) VALUES (203, 14, 15);
INSERT INTO sector (id, areaid, subjectid) VALUES (204, 14, 16);
INSERT INTO sector (id, areaid, subjectid) VALUES (205, 14, 17);
INSERT INTO sector (id, areaid, subjectid) VALUES (206, 14, 18);
INSERT INTO sector (id, areaid, subjectid) VALUES (207, 14, 19);
INSERT INTO sector (id, areaid, subjectid) VALUES (208, 14, 20);
INSERT INTO sector (id, areaid, subjectid) VALUES (209, 14, 99);
INSERT INTO sector (id, areaid, subjectid) VALUES (210, 15, 1);
INSERT INTO sector (id, areaid, subjectid) VALUES (211, 15, 2);
INSERT INTO sector (id, areaid, subjectid) VALUES (212, 15, 3);
INSERT INTO sector (id, areaid, subjectid) VALUES (213, 15, 4);
INSERT INTO sector (id, areaid, subjectid) VALUES (214, 15, 99);
INSERT INTO sector (id, areaid, subjectid) VALUES (215, 16, 1);
INSERT INTO sector (id, areaid, subjectid) VALUES (216, 16, 2);
INSERT INTO sector (id, areaid, subjectid) VALUES (217, 16, 3);
INSERT INTO sector (id, areaid, subjectid) VALUES (218, 16, 4);
INSERT INTO sector (id, areaid, subjectid) VALUES (219, 16, 5);
INSERT INTO sector (id, areaid, subjectid) VALUES (220, 16, 6);
INSERT INTO sector (id, areaid, subjectid) VALUES (221, 16, 99);
INSERT INTO sector (id, areaid, subjectid) VALUES (222, 17, 1);
INSERT INTO sector (id, areaid, subjectid) VALUES (223, 17, 2);
INSERT INTO sector (id, areaid, subjectid) VALUES (224, 17, 3);
INSERT INTO sector (id, areaid, subjectid) VALUES (225, 17, 4);
INSERT INTO sector (id, areaid, subjectid) VALUES (226, 17, 5);
INSERT INTO sector (id, areaid, subjectid) VALUES (227, 17, 6);
INSERT INTO sector (id, areaid, subjectid) VALUES (228, 17, 7);
INSERT INTO sector (id, areaid, subjectid) VALUES (229, 17, 8);
INSERT INTO sector (id, areaid, subjectid) VALUES (230, 17, 9);
INSERT INTO sector (id, areaid, subjectid) VALUES (231, 17, 10);
INSERT INTO sector (id, areaid, subjectid) VALUES (232, 17, 11);
INSERT INTO sector (id, areaid, subjectid) VALUES (233, 17, 12);
INSERT INTO sector (id, areaid, subjectid) VALUES (234, 17, 13);
INSERT INTO sector (id, areaid, subjectid) VALUES (235, 17, 14);
INSERT INTO sector (id, areaid, subjectid) VALUES (236, 17, 15);
INSERT INTO sector (id, areaid, subjectid) VALUES (237, 17, 16);
INSERT INTO sector (id, areaid, subjectid) VALUES (238, 17, 17);
INSERT INTO sector (id, areaid, subjectid) VALUES (239, 17, 18);
INSERT INTO sector (id, areaid, subjectid) VALUES (240, 17, 19);
INSERT INTO sector (id, areaid, subjectid) VALUES (241, 17, 20);
INSERT INTO sector (id, areaid, subjectid) VALUES (242, 17, 21);
INSERT INTO sector (id, areaid, subjectid) VALUES (243, 17, 22);
INSERT INTO sector (id, areaid, subjectid) VALUES (244, 17, 23);
INSERT INTO sector (id, areaid, subjectid) VALUES (245, 17, 24);
INSERT INTO sector (id, areaid, subjectid) VALUES (246, 17, 25);
INSERT INTO sector (id, areaid, subjectid) VALUES (247, 17, 26);
INSERT INTO sector (id, areaid, subjectid) VALUES (248, 17, 27);
INSERT INTO sector (id, areaid, subjectid) VALUES (249, 17, 28);
INSERT INTO sector (id, areaid, subjectid) VALUES (250, 17, 29);
INSERT INTO sector (id, areaid, subjectid) VALUES (251, 17, 30);
INSERT INTO sector (id, areaid, subjectid) VALUES (252, 17, 31);
INSERT INTO sector (id, areaid, subjectid) VALUES (253, 17, 32);
INSERT INTO sector (id, areaid, subjectid) VALUES (254, 17, 33);
INSERT INTO sector (id, areaid, subjectid) VALUES (255, 17, 34);
INSERT INTO sector (id, areaid, subjectid) VALUES (256, 17, 35);
INSERT INTO sector (id, areaid, subjectid) VALUES (257, 17, 36);
INSERT INTO sector (id, areaid, subjectid) VALUES (258, 17, 37);
INSERT INTO sector (id, areaid, subjectid) VALUES (259, 17, 38);
INSERT INTO sector (id, areaid, subjectid) VALUES (260, 17, 99);
INSERT INTO sector (id, areaid, subjectid) VALUES (261, 18, 1);
INSERT INTO sector (id, areaid, subjectid) VALUES (262, 18, 2);
INSERT INTO sector (id, areaid, subjectid) VALUES (263, 18, 99);
INSERT INTO sector (id, areaid, subjectid) VALUES (264, 19, 1);
INSERT INTO sector (id, areaid, subjectid) VALUES (265, 19, 2);
INSERT INTO sector (id, areaid, subjectid) VALUES (266, 19, 99);
INSERT INTO sector (id, areaid, subjectid) VALUES (267, 20, 1);
INSERT INTO sector (id, areaid, subjectid) VALUES (268, 20, 2);
INSERT INTO sector (id, areaid, subjectid) VALUES (269, 20, 3);
INSERT INTO sector (id, areaid, subjectid) VALUES (270, 20, 4);
INSERT INTO sector (id, areaid, subjectid) VALUES (271, 20, 99);
INSERT INTO sector (id, areaid, subjectid) VALUES (272, 21, 1);
INSERT INTO sector (id, areaid, subjectid) VALUES (273, 21, 2);
INSERT INTO sector (id, areaid, subjectid) VALUES (274, 21, 3);
INSERT INTO sector (id, areaid, subjectid) VALUES (275, 21, 4);
INSERT INTO sector (id, areaid, subjectid) VALUES (276, 21, 99);
INSERT INTO sector (id, areaid, subjectid) VALUES (277, 22, 1);
INSERT INTO sector (id, areaid, subjectid) VALUES (278, 22, 2);
INSERT INTO sector (id, areaid, subjectid) VALUES (279, 22, 3);
INSERT INTO sector (id, areaid, subjectid) VALUES (280, 22, 99);
INSERT INTO sector (id, areaid, subjectid) VALUES (281, 23, 1);
INSERT INTO sector (id, areaid, subjectid) VALUES (282, 23, 2);
INSERT INTO sector (id, areaid, subjectid) VALUES (283, 23, 3);
INSERT INTO sector (id, areaid, subjectid) VALUES (284, 23, 4);
INSERT INTO sector (id, areaid, subjectid) VALUES (285, 23, 5);
INSERT INTO sector (id, areaid, subjectid) VALUES (286, 23, 6);
INSERT INTO sector (id, areaid, subjectid) VALUES (287, 23, 7);
INSERT INTO sector (id, areaid, subjectid) VALUES (288, 23, 8);
INSERT INTO sector (id, areaid, subjectid) VALUES (289, 23, 9);
INSERT INTO sector (id, areaid, subjectid) VALUES (290, 23, 10);
INSERT INTO sector (id, areaid, subjectid) VALUES (291, 23, 11);
INSERT INTO sector (id, areaid, subjectid) VALUES (292, 23, 12);
INSERT INTO sector (id, areaid, subjectid) VALUES (293, 23, 13);
INSERT INTO sector (id, areaid, subjectid) VALUES (294, 23, 14);
INSERT INTO sector (id, areaid, subjectid) VALUES (295, 23, 15);
INSERT INTO sector (id, areaid, subjectid) VALUES (296, 23, 16);
INSERT INTO sector (id, areaid, subjectid) VALUES (297, 23, 17);
INSERT INTO sector (id, areaid, subjectid) VALUES (298, 23, 18);
INSERT INTO sector (id, areaid, subjectid) VALUES (299, 23, 19);
INSERT INTO sector (id, areaid, subjectid) VALUES (300, 23, 20);
INSERT INTO sector (id, areaid, subjectid) VALUES (301, 23, 21);
INSERT INTO sector (id, areaid, subjectid) VALUES (302, 23, 22);
INSERT INTO sector (id, areaid, subjectid) VALUES (303, 23, 23);
INSERT INTO sector (id, areaid, subjectid) VALUES (304, 23, 24);
INSERT INTO sector (id, areaid, subjectid) VALUES (305, 23, 25);
INSERT INTO sector (id, areaid, subjectid) VALUES (306, 23, 26);
INSERT INTO sector (id, areaid, subjectid) VALUES (307, 23, 27);
INSERT INTO sector (id, areaid, subjectid) VALUES (308, 23, 28);
INSERT INTO sector (id, areaid, subjectid) VALUES (309, 23, 29);
INSERT INTO sector (id, areaid, subjectid) VALUES (310, 23, 30);
INSERT INTO sector (id, areaid, subjectid) VALUES (311, 23, 31);
INSERT INTO sector (id, areaid, subjectid) VALUES (312, 23, 32);
INSERT INTO sector (id, areaid, subjectid) VALUES (313, 23, 33);
INSERT INTO sector (id, areaid, subjectid) VALUES (314, 23, 34);
INSERT INTO sector (id, areaid, subjectid) VALUES (315, 23, 99);
INSERT INTO sector (id, areaid, subjectid) VALUES (316, 24, 1);
INSERT INTO sector (id, areaid, subjectid) VALUES (317, 24, 2);
INSERT INTO sector (id, areaid, subjectid) VALUES (318, 24, 3);
INSERT INTO sector (id, areaid, subjectid) VALUES (319, 24, 4);
INSERT INTO sector (id, areaid, subjectid) VALUES (320, 24, 5);
INSERT INTO sector (id, areaid, subjectid) VALUES (321, 24, 6);
INSERT INTO sector (id, areaid, subjectid) VALUES (322, 24, 7);
INSERT INTO sector (id, areaid, subjectid) VALUES (323, 24, 8);
INSERT INTO sector (id, areaid, subjectid) VALUES (324, 24, 9);
INSERT INTO sector (id, areaid, subjectid) VALUES (325, 24, 10);
INSERT INTO sector (id, areaid, subjectid) VALUES (326, 24, 11);
INSERT INTO sector (id, areaid, subjectid) VALUES (327, 24, 12);
INSERT INTO sector (id, areaid, subjectid) VALUES (328, 24, 13);
INSERT INTO sector (id, areaid, subjectid) VALUES (329, 24, 14);
INSERT INTO sector (id, areaid, subjectid) VALUES (330, 24, 15);
INSERT INTO sector (id, areaid, subjectid) VALUES (331, 24, 16);
INSERT INTO sector (id, areaid, subjectid) VALUES (332, 24, 17);
INSERT INTO sector (id, areaid, subjectid) VALUES (333, 24, 18);
INSERT INTO sector (id, areaid, subjectid) VALUES (334, 24, 19);
INSERT INTO sector (id, areaid, subjectid) VALUES (335, 24, 20);
INSERT INTO sector (id, areaid, subjectid) VALUES (336, 24, 21);
INSERT INTO sector (id, areaid, subjectid) VALUES (337, 24, 22);
INSERT INTO sector (id, areaid, subjectid) VALUES (338, 24, 23);
INSERT INTO sector (id, areaid, subjectid) VALUES (339, 24, 24);
INSERT INTO sector (id, areaid, subjectid) VALUES (340, 24, 25);
INSERT INTO sector (id, areaid, subjectid) VALUES (341, 24, 26);
INSERT INTO sector (id, areaid, subjectid) VALUES (342, 24, 27);
INSERT INTO sector (id, areaid, subjectid) VALUES (343, 24, 28);
INSERT INTO sector (id, areaid, subjectid) VALUES (344, 24, 29);
INSERT INTO sector (id, areaid, subjectid) VALUES (345, 24, 30);
INSERT INTO sector (id, areaid, subjectid) VALUES (346, 24, 31);
INSERT INTO sector (id, areaid, subjectid) VALUES (347, 24, 32);
INSERT INTO sector (id, areaid, subjectid) VALUES (348, 24, 33);
INSERT INTO sector (id, areaid, subjectid) VALUES (349, 24, 34);
INSERT INTO sector (id, areaid, subjectid) VALUES (350, 24, 35);
INSERT INTO sector (id, areaid, subjectid) VALUES (351, 24, 36);
INSERT INTO sector (id, areaid, subjectid) VALUES (352, 24, 37);
INSERT INTO sector (id, areaid, subjectid) VALUES (353, 24, 38);
INSERT INTO sector (id, areaid, subjectid) VALUES (354, 24, 39);
INSERT INTO sector (id, areaid, subjectid) VALUES (355, 24, 40);
INSERT INTO sector (id, areaid, subjectid) VALUES (356, 24, 41);
INSERT INTO sector (id, areaid, subjectid) VALUES (357, 24, 42);
INSERT INTO sector (id, areaid, subjectid) VALUES (358, 24, 43);
INSERT INTO sector (id, areaid, subjectid) VALUES (359, 24, 44);
INSERT INTO sector (id, areaid, subjectid) VALUES (360, 24, 45);
INSERT INTO sector (id, areaid, subjectid) VALUES (361, 24, 46);
INSERT INTO sector (id, areaid, subjectid) VALUES (362, 24, 47);
INSERT INTO sector (id, areaid, subjectid) VALUES (363, 24, 48);
INSERT INTO sector (id, areaid, subjectid) VALUES (364, 24, 49);
INSERT INTO sector (id, areaid, subjectid) VALUES (365, 24, 50);
INSERT INTO sector (id, areaid, subjectid) VALUES (366, 24, 51);
INSERT INTO sector (id, areaid, subjectid) VALUES (367, 24, 52);
INSERT INTO sector (id, areaid, subjectid) VALUES (368, 24, 99);
INSERT INTO sector (id, areaid, subjectid) VALUES (369, 25, 1);
INSERT INTO sector (id, areaid, subjectid) VALUES (370, 25, 2);
INSERT INTO sector (id, areaid, subjectid) VALUES (371, 25, 3);
INSERT INTO sector (id, areaid, subjectid) VALUES (372, 25, 4);
INSERT INTO sector (id, areaid, subjectid) VALUES (373, 25, 5);
INSERT INTO sector (id, areaid, subjectid) VALUES (374, 25, 6);
INSERT INTO sector (id, areaid, subjectid) VALUES (375, 25, 7);
INSERT INTO sector (id, areaid, subjectid) VALUES (376, 25, 8);
INSERT INTO sector (id, areaid, subjectid) VALUES (377, 25, 9);
INSERT INTO sector (id, areaid, subjectid) VALUES (378, 25, 10);
INSERT INTO sector (id, areaid, subjectid) VALUES (379, 25, 11);
INSERT INTO sector (id, areaid, subjectid) VALUES (380, 25, 12);
INSERT INTO sector (id, areaid, subjectid) VALUES (381, 25, 13);
INSERT INTO sector (id, areaid, subjectid) VALUES (382, 25, 14);
INSERT INTO sector (id, areaid, subjectid) VALUES (383, 25, 15);
INSERT INTO sector (id, areaid, subjectid) VALUES (384, 25, 16);
INSERT INTO sector (id, areaid, subjectid) VALUES (385, 25, 17);
INSERT INTO sector (id, areaid, subjectid) VALUES (386, 25, 18);
INSERT INTO sector (id, areaid, subjectid) VALUES (387, 25, 19);
INSERT INTO sector (id, areaid, subjectid) VALUES (388, 25, 20);
INSERT INTO sector (id, areaid, subjectid) VALUES (389, 25, 21);
INSERT INTO sector (id, areaid, subjectid) VALUES (390, 25, 22);
INSERT INTO sector (id, areaid, subjectid) VALUES (391, 25, 23);
INSERT INTO sector (id, areaid, subjectid) VALUES (392, 25, 24);
INSERT INTO sector (id, areaid, subjectid) VALUES (393, 25, 25);
INSERT INTO sector (id, areaid, subjectid) VALUES (394, 25, 26);
INSERT INTO sector (id, areaid, subjectid) VALUES (395, 25, 27);
INSERT INTO sector (id, areaid, subjectid) VALUES (396, 25, 28);
INSERT INTO sector (id, areaid, subjectid) VALUES (397, 25, 29);
INSERT INTO sector (id, areaid, subjectid) VALUES (398, 25, 30);
INSERT INTO sector (id, areaid, subjectid) VALUES (399, 25, 31);
INSERT INTO sector (id, areaid, subjectid) VALUES (400, 25, 32);
INSERT INTO sector (id, areaid, subjectid) VALUES (401, 25, 33);
INSERT INTO sector (id, areaid, subjectid) VALUES (402, 25, 34);
INSERT INTO sector (id, areaid, subjectid) VALUES (403, 25, 35);
INSERT INTO sector (id, areaid, subjectid) VALUES (404, 25, 36);
INSERT INTO sector (id, areaid, subjectid) VALUES (405, 25, 37);
INSERT INTO sector (id, areaid, subjectid) VALUES (406, 25, 38);
INSERT INTO sector (id, areaid, subjectid) VALUES (407, 25, 39);
INSERT INTO sector (id, areaid, subjectid) VALUES (408, 25, 40);
INSERT INTO sector (id, areaid, subjectid) VALUES (409, 25, 41);
INSERT INTO sector (id, areaid, subjectid) VALUES (410, 25, 42);
INSERT INTO sector (id, areaid, subjectid) VALUES (411, 25, 43);
INSERT INTO sector (id, areaid, subjectid) VALUES (412, 25, 44);
INSERT INTO sector (id, areaid, subjectid) VALUES (413, 25, 45);
INSERT INTO sector (id, areaid, subjectid) VALUES (414, 25, 46);
INSERT INTO sector (id, areaid, subjectid) VALUES (415, 25, 47);
INSERT INTO sector (id, areaid, subjectid) VALUES (416, 25, 99);


--
-- TOC entry 2447 (class 0 OID 135552)
-- Dependencies: 236
-- Data for Name: sector_name; Type: TABLE DATA; Schema: public; Owner: apella
--

INSERT INTO sector_name (sector_id, area, subject, locale) VALUES (1, 'ΛΟΓΙΚΗ', 'ΓΕΝΙΚΗ ΛΟΓΙΚΗ ', 'el');
INSERT INTO sector_name (sector_id, area, subject, locale) VALUES (2, 'ΛΟΓΙΚΗ', 'ΠΑΡΑΓΩΓΙΚΗ ΛΟΓΙΚΗ                 ', 'el');
INSERT INTO sector_name (sector_id, area, subject, locale) VALUES (3, 'ΛΟΓΙΚΗ', 'ΜΑΘΗΜΑΤΙΚΗ (ΣΥΜΒΟΛΙΚΗ) ΛΟΓΙΚΗ', 'el');
INSERT INTO sector_name (sector_id, area, subject, locale) VALUES (4, 'ΛΟΓΙΚΗ', 'ΕΠΑΓΩΓΙΚΗ ΛΟΓΙΚΗ                 ', 'el');
INSERT INTO sector_name (sector_id, area, subject, locale) VALUES (5, 'ΛΟΓΙΚΗ', 'ΨΗΦΙΑΚΗ ΛΟΓΙΚΗ', 'el');
INSERT INTO sector_name (sector_id, area, subject, locale) VALUES (6, 'ΛΟΓΙΚΗ', 'ΦΙΛΟΣΟΦΙΚΗ ΛΟΓΙΚΗ', 'el');
INSERT INTO sector_name (sector_id, area, subject, locale) VALUES (7, 'ΛΟΓΙΚΗ', 'ΑΛΛΕΣ ΕΙΔΙΚΟΤΗΤΕΣ ΤΗΣ ΛΟΓΙΚΗΣ', 'el');
INSERT INTO sector_name (sector_id, area, subject, locale) VALUES (8, 'ΜΑΘΗΜΑΤΙΚΑ', ' ΙΣΤΟΡΙΑ ΚΑΙ ΒΙΟΓΡΑΦΙΕΣ', 'el');
INSERT INTO sector_name (sector_id, area, subject, locale) VALUES (9, 'ΜΑΘΗΜΑΤΙΚΑ', 'ΜΑΘΗΜΑΤΙΚΗ ΛΟΓΙΚΗ ΚΑΙ ΘΕΜΕΛΙΩΣΗ ΤΩΝ MΑΘΗΜΑΤΙΚΩΝ', 'el');
INSERT INTO sector_name (sector_id, area, subject, locale) VALUES (10, 'ΜΑΘΗΜΑΤΙΚΑ', 'ΣΥΝΔΥΑΣΤΙΚΗ', 'el');
INSERT INTO sector_name (sector_id, area, subject, locale) VALUES (11, 'ΜΑΘΗΜΑΤΙΚΑ', 'ΔΙΑΤΑΞΕΙΣ, ΣΥΝΔΕΣΜΟΙ (ΠΛΕΓΜΑΤΑ), ΔΙΑΤΕΤΑΓΜΕΝΕΣ ΑΛΓΕΒΡΙΚΕΣ ΔΟΜΕΣ', 'el');
INSERT INTO sector_name (sector_id, area, subject, locale) VALUES (12, 'ΜΑΘΗΜΑΤΙΚΑ', 'ΓΕΝΙΚΑ ΑΛΓΕΒΡΙΚΑ ΣΥΣΤΗΜΑΤΑ', 'el');
INSERT INTO sector_name (sector_id, area, subject, locale) VALUES (13, 'ΜΑΘΗΜΑΤΙΚΑ', 'ΘΕΩΡΙΑ ΑΡΙΘΜΩΝ', 'el');
INSERT INTO sector_name (sector_id, area, subject, locale) VALUES (14, 'ΜΑΘΗΜΑΤΙΚΑ', 'ΘΕΩΡΙΑ ΣΩΜΑΤΩΝ ΚΑΙ ΠΟΛΥΩΝΥΜΩΝ', 'el');
INSERT INTO sector_name (sector_id, area, subject, locale) VALUES (15, 'ΜΑΘΗΜΑΤΙΚΑ', '(ANTI)ΜΕΤΑΘΕΤΙΚΗ  ΑΛΓΕΒΡΑ', 'el');
INSERT INTO sector_name (sector_id, area, subject, locale) VALUES (16, 'ΜΑΘΗΜΑΤΙΚΑ', 'ΑΛΓΕΒΡΙΚΗ ΓΕΩΜΕΤΡΙΑ', 'el');
INSERT INTO sector_name (sector_id, area, subject, locale) VALUES (17, 'ΜΑΘΗΜΑΤΙΚΑ', 'ΓΡΑΜΜΙΚΗ ΚΑΙ ΠΟΛΥΓΡΑΜΜΙΚΗ ΑΛΓΕΒΡΑ, ΘΕΩΡΙΑ ΠΙΝΑΚΩΝ ', 'el');
INSERT INTO sector_name (sector_id, area, subject, locale) VALUES (18, 'ΜΑΘΗΜΑΤΙΚΑ', 'ΠΡΟΣΕΤΑΙΡΙΣΤΙΚΟΙ ΔΑΚΤΥΛΙΟΙ ΚΑΙ ΑΛΓΕΒΡΕΣ', 'el');
INSERT INTO sector_name (sector_id, area, subject, locale) VALUES (19, 'ΜΑΘΗΜΑΤΙΚΑ', 'ΜΗ ΠΡΟΣΕΤΑΙΡΙΣΤΙΚΟΙ ΔΑΚΤΥΛΙΟΙ ΚΑΙ ΑΛΓΕΒΡΕΣ', 'el');
INSERT INTO sector_name (sector_id, area, subject, locale) VALUES (20, 'ΜΑΘΗΜΑΤΙΚΑ', 'ΘΕΩΡΙΑ ΚΑΤΗΓΟΡΙΩΝ, ΟΜΟΛΟΓΙΚΗ ΑΛΓΕΒΡΑ', 'el');
INSERT INTO sector_name (sector_id, area, subject, locale) VALUES (21, 'ΜΑΘΗΜΑΤΙΚΑ', 'Κ-ΘΕΩΡΙΑ', 'el');
INSERT INTO sector_name (sector_id, area, subject, locale) VALUES (22, 'ΜΑΘΗΜΑΤΙΚΑ', 'ΘΕΩΡΙΑ ΟΜΑΔΩΝ ΚΑΙ ΓΕΝΙΚΕΥΣΕΙΣ', 'el');
INSERT INTO sector_name (sector_id, area, subject, locale) VALUES (23, 'ΜΑΘΗΜΑΤΙΚΑ', 'ΤΟΠΟΛΟΓΙΚΕΣ ΟΜΑΔΕΣ, ΟΜΑΔΕΣ LIE', 'el');
INSERT INTO sector_name (sector_id, area, subject, locale) VALUES (24, 'ΜΑΘΗΜΑΤΙΚΑ', 'ΠΡΑΓΜΑΤΙΚΕΣ ΣΥΝΑΡΤΗΣΕΙΣ', 'el');
INSERT INTO sector_name (sector_id, area, subject, locale) VALUES (25, 'ΜΑΘΗΜΑΤΙΚΑ', 'ΜΕΤΡΟ ΚΑΙ ΟΛΟΚΛΗΡΩΣΗ', 'el');
INSERT INTO sector_name (sector_id, area, subject, locale) VALUES (26, 'ΜΑΘΗΜΑΤΙΚΑ', 'ΣΥΝΑΡΤΗΣΕΙΣ ΜΙΑΣ ΜΙΓΑΔΙΚΗΣ ΜΕΤΑΒΛΗΤΗΣ', 'el');
INSERT INTO sector_name (sector_id, area, subject, locale) VALUES (27, 'ΜΑΘΗΜΑΤΙΚΑ', 'ΘΕΩΡΙΑ ΔΥΝΑΜΙΚΟΥ', 'el');
INSERT INTO sector_name (sector_id, area, subject, locale) VALUES (28, 'ΜΑΘΗΜΑΤΙΚΑ', 'ΑΝΑΛΥΤΙΚΟΙ ΧΩΡΟΙ ΜΙΓΑΔΙΚΩΝ ΜΕΤΑΒΛΗΤΩΝ', 'el');
INSERT INTO sector_name (sector_id, area, subject, locale) VALUES (29, 'ΜΑΘΗΜΑΤΙΚΑ', 'ΣΥΝΗΘΕΙΣ ΔΙΑΦΟΡΙΚΕΣ ΕΞΙΣΩΣΕΙΣ', 'el');
INSERT INTO sector_name (sector_id, area, subject, locale) VALUES (30, 'ΜΑΘΗΜΑΤΙΚΑ', 'ΔΙΑΦΟΡΙΚΕΣ ΕΞΙΣΩΣΕΙΣ ΜΕ ΜΕΡΙΚΕΣ ΠΑΡΑΓΩΓΟΥΣ', 'el');
INSERT INTO sector_name (sector_id, area, subject, locale) VALUES (31, 'ΜΑΘΗΜΑΤΙΚΑ', ' ΣΥΝΑΡΤΗΣΙΑΚΕΣ ΕΞΙΣΩΣΕΙΣ ΚΑΙ ΕΞΙΣΩΣΕΙΣ ΔΙΑΦΟΡΩΝ', 'el');
INSERT INTO sector_name (sector_id, area, subject, locale) VALUES (32, 'ΜΑΘΗΜΑΤΙΚΑ', 'ΑΡΜΟΝΙΚΗ ΑΝΑΛΥΣΗ ΕΠΙ ΕΥΚΛΕΙΔΕΙΩΝ ΧΩΡΩΝ', 'el');
INSERT INTO sector_name (sector_id, area, subject, locale) VALUES (33, 'ΜΑΘΗΜΑΤΙΚΑ', 'ΟΛΟΚΛΗΡΩΤΙΚΕΣ ΕΞΙΣΩΣΕΙΣ', 'el');
INSERT INTO sector_name (sector_id, area, subject, locale) VALUES (34, 'ΜΑΘΗΜΑΤΙΚΑ', 'ΣΥΝΑΡΤΗΣΙΑΚΗ ΑΝΑΛΥΣΗ', 'el');
INSERT INTO sector_name (sector_id, area, subject, locale) VALUES (35, 'ΜΑΘΗΜΑΤΙΚΑ', 'ΘΕΩΡΙΑ ΤΕΛΕΣΤΩΝ', 'el');
INSERT INTO sector_name (sector_id, area, subject, locale) VALUES (36, 'ΜΑΘΗΜΑΤΙΚΑ', 'ΛΟΓΙΣΜΟΣ ΜΕΤΑΒΟΛΩΝ ΚΑΙ ΒΕΛΤΙΣΤΟΣ ΕΛΕΓΧΟΣ, ΒΕΛΤΙΣΤΟΠΟΙΗΣΗ', 'el');
INSERT INTO sector_name (sector_id, area, subject, locale) VALUES (37, 'ΜΑΘΗΜΑΤΙΚΑ', 'ΓΕΩΜΕΤΡΙΑ', 'el');
INSERT INTO sector_name (sector_id, area, subject, locale) VALUES (38, 'ΜΑΘΗΜΑΤΙΚΑ', 'ΚΥΡΤΗ ΚΑΙ ΔΙΑΚΡΙΤΗ ΓΕΩΜΕΤΡΙΑ', 'el');
INSERT INTO sector_name (sector_id, area, subject, locale) VALUES (39, 'ΜΑΘΗΜΑΤΙΚΑ', 'ΔΙΑΦΟΡΙΚΗ ΓΕΩΜΕΤΡΙΑ', 'el');
INSERT INTO sector_name (sector_id, area, subject, locale) VALUES (40, 'ΜΑΘΗΜΑΤΙΚΑ', 'ΓΕΝΙΚΗ ΤΟΠΟΛΟΓΙΑ', 'el');
INSERT INTO sector_name (sector_id, area, subject, locale) VALUES (41, 'ΜΑΘΗΜΑΤΙΚΑ', 'ΑΛΓΕΒΡΙΚΗ ΤΟΠΟΛΟΓΙΑ', 'el');
INSERT INTO sector_name (sector_id, area, subject, locale) VALUES (42, 'ΜΑΘΗΜΑΤΙΚΑ', 'ΘΕΩΡΙΑ ΠΙΘΑΝΟΤΗΤΩΝ ΚΑΙ ΣΤΟΧΑΣΤΙΚΕΣ ΔΙΑΔΙΚΑΣΙΕΣ', 'el');
INSERT INTO sector_name (sector_id, area, subject, locale) VALUES (43, 'ΜΑΘΗΜΑΤΙΚΑ', 'ΣΤΑΤΙΣΤΙΚΗ', 'el');
INSERT INTO sector_name (sector_id, area, subject, locale) VALUES (44, 'ΜΑΘΗΜΑΤΙΚΑ', 'ΑΡΙΘΜΗΤΙΚΗ ΑΝΑΛΥΣΗ', 'el');
INSERT INTO sector_name (sector_id, area, subject, locale) VALUES (45, 'ΜΑΘΗΜΑΤΙΚΑ', 'ΕΠΙΧΕΙΡΗΣΙΑΚΗ ΕΡΕΥΝΑ, ΜΑΘΗΜΑΤΙΚΟΣ ΠΡΟΓΡΑΜΜΑΤΙΣΜΟΣ', 'el');
INSERT INTO sector_name (sector_id, area, subject, locale) VALUES (46, 'ΜΑΘΗΜΑΤΙΚΑ', 'ΜΑΘΗΜΑΤΙΚΗ ΕΚΠΑΙΔΕΥΣΗ (ΔΙΔΑΚΤΙΚΗ ΜΑΘΗΜΑΤΙΚΩΝ)', 'el');
INSERT INTO sector_name (sector_id, area, subject, locale) VALUES (47, 'ΜΑΘΗΜΑΤΙΚΑ', 'ΑΛΛΕΣ ΜΑΘΗΜΑΤΙΚΕΣ ΕΙΔΙΚΟΤΗΤΕΣ', 'el');
INSERT INTO sector_name (sector_id, area, subject, locale) VALUES (48, 'ΠΛΗΡΟΦΟΡΙΚΗ', 'ΘΕΩΡΙΑ ΥΠΟΛΟΓΙΣΤΙΚΗΣ ΕΠΙΣΤΗΜΗΣ', 'el');
INSERT INTO sector_name (sector_id, area, subject, locale) VALUES (49, 'ΠΛΗΡΟΦΟΡΙΚΗ', 'ΛΟΓΙΣΜΙΚΟ', 'el');
INSERT INTO sector_name (sector_id, area, subject, locale) VALUES (50, 'ΠΛΗΡΟΦΟΡΙΚΗ', 'ΥΛΙΚΟ - ΤΕΧΝΟΛΟΓΙΕΣ ΥΠΟΛΟΓΙΣΤΩΝ', 'el');
INSERT INTO sector_name (sector_id, area, subject, locale) VALUES (51, 'ΠΛΗΡΟΦΟΡΙΚΗ', 'ΣΥΣΤΗΜΑΤΑ', 'el');
INSERT INTO sector_name (sector_id, area, subject, locale) VALUES (52, 'ΠΛΗΡΟΦΟΡΙΚΗ', 'ΤΕΧΝΗΤΗ ΝΟΗΜΟΣΥΝΗ', 'el');
INSERT INTO sector_name (sector_id, area, subject, locale) VALUES (53, 'ΠΛΗΡΟΦΟΡΙΚΗ', 'ΑΛΛΕΣ ΕΙΔΙΚΟΤΗΤΕΣ ΤΗΣ ΠΛΗΡΟΦΟΡΙΚΗΣ', 'el');
INSERT INTO sector_name (sector_id, area, subject, locale) VALUES (54, 'ΑΣΤΡΟΝΟΜΙΑ ΚΑΙ ΑΣΤΡΟΦΥΣΙΚΗ', 'ΒΑΣΙΚΗ ΑΣΤΡΟΝΟΜΙΑ ΚΑΙ ΑΣΤΡΟΦΥΣΙΚΗ', 'el');
INSERT INTO sector_name (sector_id, area, subject, locale) VALUES (55, 'ΑΣΤΡΟΝΟΜΙΑ ΚΑΙ ΑΣΤΡΟΦΥΣΙΚΗ', 'ΚΟΣΜΟΛΟΓΙΑ ΚΑΙ ΣΚΟΤΕΙΝΗ ΥΛΗ', 'el');
INSERT INTO sector_name (sector_id, area, subject, locale) VALUES (56, 'ΑΣΤΡΟΝΟΜΙΑ ΚΑΙ ΑΣΤΡΟΦΥΣΙΚΗ', 'ΟΜΑΔΕΣ ΓΑΛΑΞΙΩΝ, ΣΜΗΝΗ ΚΑΙ ΥΠΕΡΣΜΗΝΗ. ΔΟΜΗ ΤΟΥ ΣΥΜΠΑΝΤΟΣ', 'el');
INSERT INTO sector_name (sector_id, area, subject, locale) VALUES (57, 'ΑΣΤΡΟΝΟΜΙΑ ΚΑΙ ΑΣΤΡΟΦΥΣΙΚΗ', 'ΔΟΜΗ ΤΟΥ ΓΑΛΑΞΙΑ, ΑΣΤΡΙΚΑ ΣΜΗΝΗ ΚΑΙ ΠΛΗΘΥΣΜΟΙ', 'el');
INSERT INTO sector_name (sector_id, area, subject, locale) VALUES (58, 'ΑΣΤΡΟΝΟΜΙΑ ΚΑΙ ΑΣΤΡΟΦΥΣΙΚΗ', 'ΔΙΑΣΤΡΙΚΗ ΥΛΗ, ΑΣΤΡΙΚΗ ΔΟΜΗ ΚΑΙ ΕΞΕΛΙΞΗ', 'el');
INSERT INTO sector_name (sector_id, area, subject, locale) VALUES (59, 'ΑΣΤΡΟΝΟΜΙΑ ΚΑΙ ΑΣΤΡΟΦΥΣΙΚΗ', 'ΗΛΙΑΚΗ ΦΥΣΙΚΗ, ΠΛΑΝΗΤΕΣ ΚΑΙ ΠΛΑΝΗΤΙΚΑ ΣΥΣΤΗΜΑΤΑ ', 'el');
INSERT INTO sector_name (sector_id, area, subject, locale) VALUES (60, 'ΑΣΤΡΟΝΟΜΙΑ ΚΑΙ ΑΣΤΡΟΦΥΣΙΚΗ', 'ΟΡΓΑΝΑ ΕΡΕΥΝΑΣ ΓΙΑ ΤΗΝ ΑΣΤΡΟΝΟΜΙΑ ΚΑΙ ΤΟ ΔΙΑΣΤΗΜΑ', 'el');
INSERT INTO sector_name (sector_id, area, subject, locale) VALUES (61, 'ΑΣΤΡΟΝΟΜΙΑ ΚΑΙ ΑΣΤΡΟΦΥΣΙΚΗ', 'ΑΛΛΕΣ ΑΣΤΡΟΝΟΜΙΚΕΣ ΕΙΔΙΚΟΤΗΤΕΣ', 'el');
INSERT INTO sector_name (sector_id, area, subject, locale) VALUES (62, 'ΦΥΣΙΚΗ', 'ΓΕΝΙΚΗ ΦΥΣΙΚΗ', 'el');
INSERT INTO sector_name (sector_id, area, subject, locale) VALUES (63, 'ΦΥΣΙΚΗ', 'ΦΥΣΙΚΗ ΣΤΟΙΧΕΙΩΔΩΝ ΣΩΜΑΤΙΔΙΩΝ ΚΑΙ ΠΕΔΙΩΝ', 'el');
INSERT INTO sector_name (sector_id, area, subject, locale) VALUES (64, 'ΦΥΣΙΚΗ', 'ΠΥΡΗΝΙΚΗ ΦΥΣΙΚΗ', 'el');
INSERT INTO sector_name (sector_id, area, subject, locale) VALUES (65, 'ΦΥΣΙΚΗ', 'ΑΤΟΜΙΚΗ ΚΑΙ ΜΟΡΙΑΚΗ ΦΥΣΙΚΗ', 'el');
INSERT INTO sector_name (sector_id, area, subject, locale) VALUES (66, 'ΦΥΣΙΚΗ', 'ΗΛΕΚΤΡΟΜΑΓΝΗΤΙΣΜΟΣ ', 'el');
INSERT INTO sector_name (sector_id, area, subject, locale) VALUES (67, 'ΦΥΣΙΚΗ', 'ΟΠΤΙΚΗ', 'el');
INSERT INTO sector_name (sector_id, area, subject, locale) VALUES (68, 'ΦΥΣΙΚΗ', 'ΑΚΟΥΣΤΙΚΗ', 'el');
INSERT INTO sector_name (sector_id, area, subject, locale) VALUES (69, 'ΦΥΣΙΚΗ', 'ΜΗΧΑΝΙΚΗ', 'el');
INSERT INTO sector_name (sector_id, area, subject, locale) VALUES (70, 'ΦΥΣΙΚΗ', 'ΡΕΥΣΤΟΔΥΝΑΜΙΚΗ', 'el');
INSERT INTO sector_name (sector_id, area, subject, locale) VALUES (71, 'ΦΥΣΙΚΗ', 'ΦΥΣΙΚΗ ΠΛΑΣΜΑΤΟΣ ', 'el');
INSERT INTO sector_name (sector_id, area, subject, locale) VALUES (72, 'ΦΥΣΙΚΗ', 'ΦΥΣΙΚΗ ΣΥΜΠΥΚΝΩΜΕΝΗΣ ΎΛΗΣ ΚΑΙ ΣΤΕΡΕΑΣ KΑΤΑΣΤΑΣΗΣ', 'el');
INSERT INTO sector_name (sector_id, area, subject, locale) VALUES (73, 'ΦΥΣΙΚΗ', 'ΗΛΕΚΤΡΟΝΙΚΗ ΦΥΣΙΚΗ ΚΑΙ ΣΧΕΤΙΚΕΣ ΕΠΙΣΤΗΜΟΝΙΚΕΣ ΠΕΡΙΟΧΕΣ', 'el');
INSERT INTO sector_name (sector_id, area, subject, locale) VALUES (74, 'ΦΥΣΙΚΗ', 'ΔΙΑΘΕΜΑΤΙΚΕΣ ΠΕΡΙΟΧΕΣ ΤΗΣ ΦΥΣΙΚΗΣ', 'el');
INSERT INTO sector_name (sector_id, area, subject, locale) VALUES (75, 'ΦΥΣΙΚΗ', 'ΓΕΩΦΥΣΙΚΗ ΚΑΙ ΦΥΣΙΚΗ ΠΕΡΙΒΑΛΛΟΝΤΟΣ', 'el');
INSERT INTO sector_name (sector_id, area, subject, locale) VALUES (76, 'ΦΥΣΙΚΗ', 'ΑΛΛΕΣ ΕΙΔΙΚΟΤΗΤΕΣ ΤΗΣ ΦΥΣΙΚΗΣ', 'el');
INSERT INTO sector_name (sector_id, area, subject, locale) VALUES (77, 'ΧΗΜΕΙΑ', 'ΑΝΑΛΥΤΙΚΗ ΧΗΜΕΙΑ', 'el');
INSERT INTO sector_name (sector_id, area, subject, locale) VALUES (78, 'ΧΗΜΕΙΑ', 'ΑΝΟΡΓΑΝΗ ΧΗΜΕΙΑ', 'el');
INSERT INTO sector_name (sector_id, area, subject, locale) VALUES (79, 'ΧΗΜΕΙΑ', 'ΒΙΟΧΗΜΕΙΑ                       ', 'el');
INSERT INTO sector_name (sector_id, area, subject, locale) VALUES (80, 'ΧΗΜΕΙΑ', 'ΧΗΜΕΙΑ ΜΑΚΡΟΜΟΡΙΩΝ', 'el');
INSERT INTO sector_name (sector_id, area, subject, locale) VALUES (81, 'ΧΗΜΕΙΑ', 'ΟΡΓΑΝΙΚΗ ΧΗΜΕΙΑ', 'el');
INSERT INTO sector_name (sector_id, area, subject, locale) VALUES (82, 'ΧΗΜΕΙΑ', 'ΠΥΡΗΝΙΚΗ ΧΗΜΕΙΑ', 'el');
INSERT INTO sector_name (sector_id, area, subject, locale) VALUES (83, 'ΧΗΜΕΙΑ', 'ΚΛΙΝΙΚΗ ΧΗΜΕΙΑ', 'el');
INSERT INTO sector_name (sector_id, area, subject, locale) VALUES (84, 'ΧΗΜΕΙΑ', 'XHMEIA ΠΕΡΙΒΑΛΛΟΝΤΟΣ', 'el');
INSERT INTO sector_name (sector_id, area, subject, locale) VALUES (85, 'ΧΗΜΕΙΑ', 'ΔΙΔΑΚΤΙΚΗ ΤΗΣ ΧΗΜΕΙΑΣ', 'el');
INSERT INTO sector_name (sector_id, area, subject, locale) VALUES (86, 'ΧΗΜΕΙΑ', 'ΧΗΜΕΙΑ ΤΡΟΦΙΜΩΝ', 'el');
INSERT INTO sector_name (sector_id, area, subject, locale) VALUES (87, 'ΧΗΜΕΙΑ', 'ΦΥΣΙΚΟΧΗΜΕIA', 'el');
INSERT INTO sector_name (sector_id, area, subject, locale) VALUES (88, 'ΧΗΜΕΙΑ', 'ΑΛΛΕΣ ΕΙΔΙΚΟΤΗΤΕΣ ΤΗΣ ΧΗΜΕΙΑΣ', 'el');
INSERT INTO sector_name (sector_id, area, subject, locale) VALUES (89, 'ΕΠΙΣΤΗΜΕΣ THΣ ΖΩΗΣ               ', 'ΦΥΣΙΚΗ ΑΝΘΡΩΠΟΛΟΓΙΑ', 'el');
INSERT INTO sector_name (sector_id, area, subject, locale) VALUES (90, 'ΕΠΙΣΤΗΜΕΣ THΣ ΖΩΗΣ               ', 'ΒΙΟΜΑΘΗΜΑΤΙΚΑ/ΜΑΘΗΜΑΤΙΚΗ ΒΙΟΛΟΓΙΑ', 'el');
INSERT INTO sector_name (sector_id, area, subject, locale) VALUES (91, 'ΕΠΙΣΤΗΜΕΣ THΣ ΖΩΗΣ               ', 'ΒΙΟΕΠΙΣΤΗΜΕΣ', 'el');
INSERT INTO sector_name (sector_id, area, subject, locale) VALUES (92, 'ΕΠΙΣΤΗΜΕΣ THΣ ΖΩΗΣ               ', 'ΒΙΟΛΟΓΙΑ ΚΥΤΤΑΡΟΥ/ΚΥΤΤΑΡΙΚΗ ΒΙΟΛΟΓΙΑ', 'el');
INSERT INTO sector_name (sector_id, area, subject, locale) VALUES (93, 'ΕΠΙΣΤΗΜΕΣ THΣ ΖΩΗΣ               ', 'ΓΕΝΕΤΙΚΗ', 'el');
INSERT INTO sector_name (sector_id, area, subject, locale) VALUES (94, 'ΕΠΙΣΤΗΜΕΣ THΣ ΖΩΗΣ               ', 'ΦΥΣΙΟΛΟΓΙΑ ΤΟΥ ΑΝΘΡΩΠΟΥ', 'el');
INSERT INTO sector_name (sector_id, area, subject, locale) VALUES (95, 'ΕΠΙΣΤΗΜΕΣ THΣ ΖΩΗΣ               ', 'ΑΝΟΣΟΛΟΓΙΑ', 'el');
INSERT INTO sector_name (sector_id, area, subject, locale) VALUES (96, 'ΕΠΙΣΤΗΜΕΣ THΣ ΖΩΗΣ               ', 'ΜΙΚΡΟΒΙΟΛΟΓΙΑ', 'el');
INSERT INTO sector_name (sector_id, area, subject, locale) VALUES (97, 'ΕΠΙΣΤΗΜΕΣ THΣ ΖΩΗΣ               ', 'ΜΟΡΙΑΚΗ ΒΙΟΛΟΓΙΑ', 'el');
INSERT INTO sector_name (sector_id, area, subject, locale) VALUES (98, 'ΕΠΙΣΤΗΜΕΣ THΣ ΖΩΗΣ               ', 'ΡΑΔΙΟΒΙΟΛΟΓΙΑ', 'el');
INSERT INTO sector_name (sector_id, area, subject, locale) VALUES (99, 'ΕΠΙΣΤΗΜΕΣ THΣ ΖΩΗΣ               ', 'ΙΟΛΟΓΙΑ', 'el');
INSERT INTO sector_name (sector_id, area, subject, locale) VALUES (100, 'ΕΠΙΣΤΗΜΕΣ THΣ ΖΩΗΣ               ', 'ΘΑΛΑΣΣΙΑ ΒΙΟΛΟΓΙΑ', 'el');
INSERT INTO sector_name (sector_id, area, subject, locale) VALUES (101, 'ΕΠΙΣΤΗΜΕΣ THΣ ΖΩΗΣ               ', 'ΒΟΤΑΝΙΚΗ/ΒΙΟΛΟΓΙΑ ΦΥΤΩΝ ', 'el');
INSERT INTO sector_name (sector_id, area, subject, locale) VALUES (102, 'ΕΠΙΣΤΗΜΕΣ THΣ ΖΩΗΣ               ', 'ΖΩΟΛΟΓΙΑ/ΒΙΟΛΟΓΙΑ ΤΩΝ ΖΩΩΝ', 'el');
INSERT INTO sector_name (sector_id, area, subject, locale) VALUES (103, 'ΕΠΙΣΤΗΜΕΣ THΣ ΖΩΗΣ               ', 'ΕΝΤΟΜΟΛΟΓΙΑ', 'el');
INSERT INTO sector_name (sector_id, area, subject, locale) VALUES (104, 'ΕΠΙΣΤΗΜΕΣ THΣ ΖΩΗΣ               ', 'ΑΘΛΗΤΙΚΗ ΕΠΙΣΤΗΜΗ/ΕΠΙΣΤΗΜΗ ΦΥΣΙΚΗΣ ΑΓΩΓΗΣ ΚΑΙ ΑΘΛΗΤΙΣΜΟΥ', 'el');
INSERT INTO sector_name (sector_id, area, subject, locale) VALUES (105, 'ΕΠΙΣΤΗΜΕΣ THΣ ΖΩΗΣ               ', 'ΟΙΚΟΛΟΓΙΑ ', 'el');
INSERT INTO sector_name (sector_id, area, subject, locale) VALUES (106, 'ΕΠΙΣΤΗΜΕΣ THΣ ΖΩΗΣ               ', 'ΑΛΛΕΣ ΕΙΔΙΚΟΤΗΤΕΣ ΕΠΙΣΤΗΜΩΝ ΖΩΗΣ', 'el');
INSERT INTO sector_name (sector_id, area, subject, locale) VALUES (107, 'ΕΠΙΣΤΗΜΕΣ ΤΗΣ ΓΗΣ ΚΑΙ TOY ΔΙΑΣΤΗΜΑΤΟΣ', 'ΓΕΩΓΡΑΦΙΑ', 'el');
INSERT INTO sector_name (sector_id, area, subject, locale) VALUES (108, 'ΕΠΙΣΤΗΜΕΣ ΤΗΣ ΓΗΣ ΚΑΙ TOY ΔΙΑΣΤΗΜΑΤΟΣ', 'ΓΕΝΙΚΗ ΓΕΩΛΟΓΙΑ', 'el');
INSERT INTO sector_name (sector_id, area, subject, locale) VALUES (109, 'ΕΠΙΣΤΗΜΕΣ ΤΗΣ ΓΗΣ ΚΑΙ TOY ΔΙΑΣΤΗΜΑΤΟΣ', 'ΥΛΙΚΑ ΤΗΣ ΓΗΣ', 'el');
INSERT INTO sector_name (sector_id, area, subject, locale) VALUES (110, 'ΕΠΙΣΤΗΜΕΣ ΤΗΣ ΓΗΣ ΚΑΙ TOY ΔΙΑΣΤΗΜΑΤΟΣ', 'ΤΕΚΤΟΝΙΚΗ ΓΕΩΛΟΓΙΑ', 'el');
INSERT INTO sector_name (sector_id, area, subject, locale) VALUES (111, 'ΕΠΙΣΤΗΜΕΣ ΤΗΣ ΓΗΣ ΚΑΙ TOY ΔΙΑΣΤΗΜΑΤΟΣ', 'ΠΑΛΑΙΟΝΤΟΛΟΓΙΑ', 'el');
INSERT INTO sector_name (sector_id, area, subject, locale) VALUES (112, 'ΕΠΙΣΤΗΜΕΣ ΤΗΣ ΓΗΣ ΚΑΙ TOY ΔΙΑΣΤΗΜΑΤΟΣ', 'ΓΕΩΦΥΣΙΚΗ                            ', 'el');
INSERT INTO sector_name (sector_id, area, subject, locale) VALUES (113, 'ΕΠΙΣΤΗΜΕΣ ΤΗΣ ΓΗΣ ΚΑΙ TOY ΔΙΑΣΤΗΜΑΤΟΣ', 'ΓΕΩΧΗΜΕΙΑ', 'el');
INSERT INTO sector_name (sector_id, area, subject, locale) VALUES (114, 'ΕΠΙΣΤΗΜΕΣ ΤΗΣ ΓΗΣ ΚΑΙ TOY ΔΙΑΣΤΗΜΑΤΟΣ', 'ΥΔΡΟ(ΓΕΩ)ΛΟΓΙΑ', 'el');
INSERT INTO sector_name (sector_id, area, subject, locale) VALUES (115, 'ΕΠΙΣΤΗΜΕΣ ΤΗΣ ΓΗΣ ΚΑΙ TOY ΔΙΑΣΤΗΜΑΤΟΣ', 'ΤΕΧΝΙΚΗ ΓΕΩΛΟΓΙΑ', 'el');
INSERT INTO sector_name (sector_id, area, subject, locale) VALUES (116, 'ΕΠΙΣΤΗΜΕΣ ΤΗΣ ΓΗΣ ΚΑΙ TOY ΔΙΑΣΤΗΜΑΤΟΣ', 'ΩΚΕΑΝΟΓΡΑΦΙΑ', 'el');
INSERT INTO sector_name (sector_id, area, subject, locale) VALUES (117, 'ΕΠΙΣΤΗΜΕΣ ΤΗΣ ΓΗΣ ΚΑΙ TOY ΔΙΑΣΤΗΜΑΤΟΣ', 'ΚΛΙΜΑΤΟΛΟΓΙΑ', 'el');
INSERT INTO sector_name (sector_id, area, subject, locale) VALUES (118, 'ΕΠΙΣΤΗΜΕΣ ΤΗΣ ΓΗΣ ΚΑΙ TOY ΔΙΑΣΤΗΜΑΤΟΣ', 'ΜΕΤΕΩΡΟΛΟΓΙΑ                           ', 'el');
INSERT INTO sector_name (sector_id, area, subject, locale) VALUES (119, 'ΕΠΙΣΤΗΜΕΣ ΤΗΣ ΓΗΣ ΚΑΙ TOY ΔΙΑΣΤΗΜΑΤΟΣ', 'ΑΛΛΕΣ ΕΠΙΣΤΗΜΕΣ ΤΗΣ  ΓΗΣ ΚΑΙ ΤΟΥ ΔΙΑΣΤΗΜΑΤΟΣ', 'el');
INSERT INTO sector_name (sector_id, area, subject, locale) VALUES (120, 'ΓΕΩΠΟΝΙΚΕΣ ΕΠΙΣΤΗΜΕΣ', 'ΕΔΑΦΟΛΟΓΙΑ', 'el');
INSERT INTO sector_name (sector_id, area, subject, locale) VALUES (121, 'ΓΕΩΠΟΝΙΚΕΣ ΕΠΙΣΤΗΜΕΣ', 'ΓΕΩΡΓΙΚΗ ΧΗΜΕΙΑ', 'el');
INSERT INTO sector_name (sector_id, area, subject, locale) VALUES (122, 'ΓΕΩΠΟΝΙΚΕΣ ΕΠΙΣΤΗΜΕΣ', 'ΓΕΩΡΓΙΚΗ ΜΗΧΑΝΙΚΗ            ', 'el');
INSERT INTO sector_name (sector_id, area, subject, locale) VALUES (123, 'ΓΕΩΠΟΝΙΚΕΣ ΕΠΙΣΤΗΜΕΣ', 'ΕΠΙΣΤΗΜΗ ΦΥΤΙΚΗΣ ΠΑΡΑΓΩΓΗΣ', 'el');
INSERT INTO sector_name (sector_id, area, subject, locale) VALUES (124, 'ΓΕΩΠΟΝΙΚΕΣ ΕΠΙΣΤΗΜΕΣ', 'ΦΥΤΟΠΑΘΟΛΟΓΙΑ         ', 'el');
INSERT INTO sector_name (sector_id, area, subject, locale) VALUES (125, 'ΓΕΩΠΟΝΙΚΕΣ ΕΠΙΣΤΗΜΕΣ', 'KTHNIATΡΙΚΗ ΕΠΙΣΤΗΜΗ', 'el');
INSERT INTO sector_name (sector_id, area, subject, locale) VALUES (126, 'ΓΕΩΠΟΝΙΚΕΣ ΕΠΙΣΤΗΜΕΣ', 'ΕΠΙΣΤΗΜΗ ΖΩΪΚΗΣ ΠΑΡΑΓΩΓΗΣ', 'el');
INSERT INTO sector_name (sector_id, area, subject, locale) VALUES (127, 'ΓΕΩΠΟΝΙΚΕΣ ΕΠΙΣΤΗΜΕΣ', 'ΙΧΘΥΟΛΟΓΙΑ', 'el');
INSERT INTO sector_name (sector_id, area, subject, locale) VALUES (128, 'ΓΕΩΠΟΝΙΚΕΣ ΕΠΙΣΤΗΜΕΣ', 'ΑΓΡΟΤΙΚΗ ΟΙΚΟΝΟΜΙΑ & ΑΝΑΠΤΥΞΗ', 'el');
INSERT INTO sector_name (sector_id, area, subject, locale) VALUES (129, 'ΓΕΩΠΟΝΙΚΕΣ ΕΠΙΣΤΗΜΕΣ', 'ΔΑΣΟΠΟΝΙΑ', 'el');
INSERT INTO sector_name (sector_id, area, subject, locale) VALUES (130, 'ΓΕΩΠΟΝΙΚΕΣ ΕΠΙΣΤΗΜΕΣ', 'ΔΙΑΧΕΙΡΙΣΗ/ΔΙΕΥΘΕΤΗΣΗ ΟΡΕΙΝΩΝ ΥΔΑΤΩΝ', 'el');
INSERT INTO sector_name (sector_id, area, subject, locale) VALUES (131, 'ΓΕΩΠΟΝΙΚΕΣ ΕΠΙΣΤΗΜΕΣ', 'ΛΙΒΑΔΟΠΟΝΙΑ    ', 'el');
INSERT INTO sector_name (sector_id, area, subject, locale) VALUES (132, 'ΓΕΩΠΟΝΙΚΕΣ ΕΠΙΣΤΗΜΕΣ', 'ΓΕΩΡΓΙΚΗ ΦΑΡΜΑΚΟΛΟΓΙΑ', 'el');
INSERT INTO sector_name (sector_id, area, subject, locale) VALUES (133, 'ΓΕΩΠΟΝΙΚΕΣ ΕΠΙΣΤΗΜΕΣ', 'ΑΛΛΕΣ ΓΕΩΠΟΝΙΚΕΣ ΕΙΔΙΚΟΤΗΤΕΣ', 'el');
INSERT INTO sector_name (sector_id, area, subject, locale) VALUES (134, 'ΙΑΤΡΙΚΕΣ ΕΠΙΣΤΗΜΕΣ', 'ΚΛΙΝΙΚΗ ΙΑΤΡΙΚΗ', 'el');
INSERT INTO sector_name (sector_id, area, subject, locale) VALUES (135, 'ΙΑΤΡΙΚΕΣ ΕΠΙΣΤΗΜΕΣ', 'ΕΠΙΔΗΜΙΟΛΟΓΙΑ', 'el');
INSERT INTO sector_name (sector_id, area, subject, locale) VALUES (136, 'ΙΑΤΡΙΚΕΣ ΕΠΙΣΤΗΜΕΣ', 'ΕΡΓΑΣΙΑΚΗ ΙΑΤΡΙΚΗ', 'el');
INSERT INTO sector_name (sector_id, area, subject, locale) VALUES (137, 'ΙΑΤΡΙΚΕΣ ΕΠΙΣΤΗΜΕΣ', 'ΠΥΡΗΝΙΚΗ ΙΑΤΡΙΚΗ ', 'el');
INSERT INTO sector_name (sector_id, area, subject, locale) VALUES (138, 'ΙΑΤΡΙΚΕΣ ΕΠΙΣΤΗΜΕΣ', 'ΕΣΩΤΕΡΙΚΗ (ΜΗ ΧΕΙΡΟΥΡΓΙΚΗ) ΙΑΤΡΙΚΗ', 'el');
INSERT INTO sector_name (sector_id, area, subject, locale) VALUES (139, 'ΙΑΤΡΙΚΕΣ ΕΠΙΣΤΗΜΕΣ', 'ΔΙΑΙΤΗΤΙΚΗ (ΔΙΑΙΤΟΛΟΓΙΑ)', 'el');
INSERT INTO sector_name (sector_id, area, subject, locale) VALUES (140, 'ΙΑΤΡΙΚΕΣ ΕΠΙΣΤΗΜΕΣ', 'ΠΑΘΟΛΟΓΙΑ', 'el');
INSERT INTO sector_name (sector_id, area, subject, locale) VALUES (141, 'ΙΑΤΡΙΚΕΣ ΕΠΙΣΤΗΜΕΣ', 'ΦΑΡΜΑΚΕΥΤΙΚΗ', 'el');
INSERT INTO sector_name (sector_id, area, subject, locale) VALUES (142, 'ΙΑΤΡΙΚΕΣ ΕΠΙΣΤΗΜΕΣ', 'ΦΑΡΜAΚΟΛΟΓΙΑ', 'el');
INSERT INTO sector_name (sector_id, area, subject, locale) VALUES (143, 'ΙΑΤΡΙΚΕΣ ΕΠΙΣΤΗΜΕΣ', 'ΠΡΟΛΗΠΤΙΚΗ ΙΑΤΡΙΚΗ', 'el');
INSERT INTO sector_name (sector_id, area, subject, locale) VALUES (144, 'ΙΑΤΡΙΚΕΣ ΕΠΙΣΤΗΜΕΣ', 'ΨΥΧΙΑΤΡΙΚΗ', 'el');
INSERT INTO sector_name (sector_id, area, subject, locale) VALUES (145, 'ΙΑΤΡΙΚΕΣ ΕΠΙΣΤΗΜΕΣ', 'ΔΗΜΟΣΙΑ ΥΓΕΙΑ', 'el');
INSERT INTO sector_name (sector_id, area, subject, locale) VALUES (146, 'ΙΑΤΡΙΚΕΣ ΕΠΙΣΤΗΜΕΣ', 'ΧΕΙΡΟΥΡΓΙΚΗ                        ', 'el');
INSERT INTO sector_name (sector_id, area, subject, locale) VALUES (147, 'ΙΑΤΡΙΚΕΣ ΕΠΙΣΤΗΜΕΣ', 'ΤΟΞΙΚΟΛΟΓΙΑ ', 'el');
INSERT INTO sector_name (sector_id, area, subject, locale) VALUES (148, 'ΙΑΤΡΙΚΕΣ ΕΠΙΣΤΗΜΕΣ', 'ΟΔΟΝΤΙΑΤΡΙΚΗ                            ', 'el');
INSERT INTO sector_name (sector_id, area, subject, locale) VALUES (149, 'ΙΑΤΡΙΚΕΣ ΕΠΙΣΤΗΜΕΣ', 'ΑΛΛΕΣ ΙΑΤΡΙΚΕΣ ΕΙΔΙΚΟΤΗΤΕΣ', 'el');
INSERT INTO sector_name (sector_id, area, subject, locale) VALUES (150, 'ΤΕΧΝΟΛΟΓΙΑ KAI ΕΠΙΣΤΗΜΕΣ ΜΗΧΑΝΙΚΩΝ      ', 'ΑΕΡΟΝΑΥΤΙΚΗ ΜΗΧΑΝΟΛΟΓΙΑ KAI ΤΕΧΝΟΛΟΓΙΑ/ΑΕΡΟΝΑΥΠΗΓΙΚΗ ', 'el');
INSERT INTO sector_name (sector_id, area, subject, locale) VALUES (151, 'ΤΕΧΝΟΛΟΓΙΑ KAI ΕΠΙΣΤΗΜΕΣ ΜΗΧΑΝΙΚΩΝ      ', 'ΒΙΟΧΗΜΙΚΗ ΤΕΧΝΟΛΟΓΙΑ KAI MHXANIKH-ΒΙΟΤΕΧΝΟΛΟΓΙΑ', 'el');
INSERT INTO sector_name (sector_id, area, subject, locale) VALUES (152, 'ΤΕΧΝΟΛΟΓΙΑ KAI ΕΠΙΣΤΗΜΕΣ ΜΗΧΑΝΙΚΩΝ      ', 'ΧΗΜΙΚΗ ΤΕΧΝΟΛΟΓΙΑ KAI MHXANIKH', 'el');
INSERT INTO sector_name (sector_id, area, subject, locale) VALUES (153, 'ΤΕΧΝΟΛΟΓΙΑ KAI ΕΠΙΣΤΗΜΕΣ ΜΗΧΑΝΙΚΩΝ      ', 'ΤΕΧΝΟΛΟΓΙΑ KAI MHXANIKH KΑΥΣΙΜΩΝ', 'el');
INSERT INTO sector_name (sector_id, area, subject, locale) VALUES (154, 'ΤΕΧΝΟΛΟΓΙΑ KAI ΕΠΙΣΤΗΜΕΣ ΜΗΧΑΝΙΚΩΝ      ', 'ΤΕΧΝΟΛΟΓΙΑ KAI MHXANIKH ΚΑΤΑΣΚΕΥΩΝ', 'el');
INSERT INTO sector_name (sector_id, area, subject, locale) VALUES (155, 'ΤΕΧΝΟΛΟΓΙΑ KAI ΕΠΙΣΤΗΜΕΣ ΜΗΧΑΝΙΚΩΝ      ', 'ΗΛΕΚΤΡΟΛΟΓΙΑ, ΕΝΕΡΓΕΙΑΚΗ ΤΕΧΝΟΛΟΓΙΑ ΚΑΙ ΜΗΧΑΝΙΚΗ', 'el');
INSERT INTO sector_name (sector_id, area, subject, locale) VALUES (156, 'ΤΕΧΝΟΛΟΓΙΑ KAI ΕΠΙΣΤΗΜΕΣ ΜΗΧΑΝΙΚΩΝ      ', 'ΗΛΕΚΤΡΟΝΙΚΗ ΤΕΧΝΟΛΟΓΙΑ KAI MHXANIKH', 'el');
INSERT INTO sector_name (sector_id, area, subject, locale) VALUES (157, 'ΤΕΧΝΟΛΟΓΙΑ KAI ΕΠΙΣΤΗΜΕΣ ΜΗΧΑΝΙΚΩΝ      ', 'ΜΗΧΑΝΙΚΗ ΚΑΙ ΤΕΧΝΟΛΟΓΙΑ ΤΗΛΕΠΙΚΟΙΝΩΝΙΩΝ', 'el');
INSERT INTO sector_name (sector_id, area, subject, locale) VALUES (158, 'ΤΕΧΝΟΛΟΓΙΑ KAI ΕΠΙΣΤΗΜΕΣ ΜΗΧΑΝΙΚΩΝ      ', 'ΤΕΧΝΟΛΟΓΙΑ ΚΑΙ ΜΗΧΑΝΙΚΗ ΠΕΡΙΒΑΛΛΟΝΤΟΣ               ', 'el');
INSERT INTO sector_name (sector_id, area, subject, locale) VALUES (159, 'ΤΕΧΝΟΛΟΓΙΑ KAI ΕΠΙΣΤΗΜΕΣ ΜΗΧΑΝΙΚΩΝ      ', 'ΤΕΧΝΟΛΟΓΙΑ KAI MHXANIKH ΤΡΟΦΙΜΩΝ', 'el');
INSERT INTO sector_name (sector_id, area, subject, locale) VALUES (160, 'ΤΕΧΝΟΛΟΓΙΑ KAI ΕΠΙΣΤΗΜΕΣ ΜΗΧΑΝΙΚΩΝ      ', 'ΒΙΟΜΗΧΑΝΙΚΗ ΤΕΧΝΟΛΟΓΙΑ KAI MHXANIKH', 'el');
INSERT INTO sector_name (sector_id, area, subject, locale) VALUES (161, 'ΤΕΧΝΟΛΟΓΙΑ KAI ΕΠΙΣΤΗΜΕΣ ΜΗΧΑΝΙΚΩΝ      ', 'TΕΧΝΟΛΟΓΙΑ KAI MHXANIKH ΟΡΓΑΝΩΝ ΜΕΤΡΗΣHΣ ΚΑΙ ΕΛΕΓΧΟΥ', 'el');
INSERT INTO sector_name (sector_id, area, subject, locale) VALUES (162, 'ΤΕΧΝΟΛΟΓΙΑ KAI ΕΠΙΣΤΗΜΕΣ ΜΗΧΑΝΙΚΩΝ      ', 'ΤΕΧΝΟΛΟΓΙΑ KAI MHXANIKH ΥΛΙΚΩΝ', 'el');
INSERT INTO sector_name (sector_id, area, subject, locale) VALUES (163, 'ΤΕΧΝΟΛΟΓΙΑ KAI ΕΠΙΣΤΗΜΕΣ ΜΗΧΑΝΙΚΩΝ      ', 'ΜΗΧΑΝΟΛΟΓΙΚΗ ΜΗΧΑΝΙΚΗ ΚΑΙ ΤΕΧΝΟΛΟΓΙΑ', 'el');
INSERT INTO sector_name (sector_id, area, subject, locale) VALUES (164, 'ΤΕΧΝΟΛΟΓΙΑ KAI ΕΠΙΣΤΗΜΕΣ ΜΗΧΑΝΙΚΩΝ      ', 'ΙΑΤΡΙΚΗ ΤΕΧΝΟΛΟΓΙΑ ΚΑΙ ΜΗΧΑΝΙΚΗ', 'el');
INSERT INTO sector_name (sector_id, area, subject, locale) VALUES (165, 'ΤΕΧΝΟΛΟΓΙΑ KAI ΕΠΙΣΤΗΜΕΣ ΜΗΧΑΝΙΚΩΝ      ', 'ΤΕΧΝΟΛΟΓΙΑ KAI MHXANIKH  ΟΡΥΧΕΙΩΝ KAI ΜΕΤΑΛΛΟΥΡΓΙΑΣ ', 'el');
INSERT INTO sector_name (sector_id, area, subject, locale) VALUES (166, 'ΤΕΧΝΟΛΟΓΙΑ KAI ΕΠΙΣΤΗΜΕΣ ΜΗΧΑΝΙΚΩΝ      ', 'ΤΕΧΝΟΛΟΓΙΑ ΚΑΙ ΜΗΧΑΝΙΚΗ ΜΕΤΑΛΛΙΚΩΝ ΠΡΟΪΟΝΤΩΝ', 'el');
INSERT INTO sector_name (sector_id, area, subject, locale) VALUES (167, 'ΤΕΧΝΟΛΟΓΙΑ KAI ΕΠΙΣΤΗΜΕΣ ΜΗΧΑΝΙΚΩΝ      ', 'ΜΕΤΑΦΟΡΕΣ ΚΑΙ ΤΕΧΝΟΛΟΓΙΑ ΜΕΤΑΦΟΡΙΚΩΝ ΜΕΣΩΝ', 'el');
INSERT INTO sector_name (sector_id, area, subject, locale) VALUES (168, 'ΤΕΧΝΟΛΟΓΙΑ KAI ΕΠΙΣΤΗΜΕΣ ΜΗΧΑΝΙΚΩΝ      ', 'ΝΑΥΤΙΚΗ ΤΕΧΝΟΛΟΓΙΑ', 'el');
INSERT INTO sector_name (sector_id, area, subject, locale) VALUES (169, 'ΤΕΧΝΟΛΟΓΙΑ KAI ΕΠΙΣΤΗΜΕΣ ΜΗΧΑΝΙΚΩΝ      ', 'ΤΕΧΝΟΛΟΓΙΑ ΚΑΙ ΜΗΧΑΝΙΚΗ ΚΛΩΣΤΟΫΦΑΝΤΟΥΡΓΙΑΣ ', 'el');
INSERT INTO sector_name (sector_id, area, subject, locale) VALUES (170, 'ΤΕΧΝΟΛΟΓΙΑ KAI ΕΠΙΣΤΗΜΕΣ ΜΗΧΑΝΙΚΩΝ      ', 'ΤΕΧΝΟΛΟΓΙΑ ΔΙΑΣΤΗΜΑΤΟΣ', 'el');
INSERT INTO sector_name (sector_id, area, subject, locale) VALUES (171, 'ΤΕΧΝΟΛΟΓΙΑ KAI ΕΠΙΣΤΗΜΕΣ ΜΗΧΑΝΙΚΩΝ      ', 'ΧΩΡΟΤΑΞΙΑ/ΠΕΡΙΦΕΡΕΙΑΚΟΣ ΣΧΕΔΙΑΣΜΟΣ - ΠΟΛΕΟΔΟΜΙΑ/ΑΣΤΙΚΟΣ ΣΧΕΔΙΑΣΜΟΣ', 'el');
INSERT INTO sector_name (sector_id, area, subject, locale) VALUES (172, 'ΤΕΧΝΟΛΟΓΙΑ KAI ΕΠΙΣΤΗΜΕΣ ΜΗΧΑΝΙΚΩΝ      ', 'ΑΡΧΙΤΕΚΤΟΝΙΚΗ', 'el');
INSERT INTO sector_name (sector_id, area, subject, locale) VALUES (173, 'ΤΕΧΝΟΛΟΓΙΑ KAI ΕΠΙΣΤΗΜΕΣ ΜΗΧΑΝΙΚΩΝ      ', 'ΕΠΙΣΤΗΜΕΣ ΑΓΡΟΝΟΜΟΥ-ΤΟΠΟΓΡΑΦΟΥ ΜΗΧΑΝΙΚΟΥ', 'el');
INSERT INTO sector_name (sector_id, area, subject, locale) VALUES (174, 'ΤΕΧΝΟΛΟΓΙΑ KAI ΕΠΙΣΤΗΜΕΣ ΜΗΧΑΝΙΚΩΝ      ', 'ΑΛΛΕΣ ΤΕΧΝΟΛΟΓΙΚΕΣ ΕΙΔΙΚΟΤΗΤΕΣ', 'el');
INSERT INTO sector_name (sector_id, area, subject, locale) VALUES (175, 'ΑΝΘΡΩΠΟΛΟΓΙΑ (ΜΗ ΦΥΣΙΚΗ) ', 'ΠΟΛΙΤΙΣΤΙΚΗ ΑΝΘΡΩΠΟΛΟΓΙΑ', 'el');
INSERT INTO sector_name (sector_id, area, subject, locale) VALUES (176, 'ΑΝΘΡΩΠΟΛΟΓΙΑ (ΜΗ ΦΥΣΙΚΗ) ', 'ΚΟΙΝΩΝΙΚΗ ΑΝΘΡΩΠΟΛΟΓΙΑ', 'el');
INSERT INTO sector_name (sector_id, area, subject, locale) VALUES (177, 'ΑΝΘΡΩΠΟΛΟΓΙΑ (ΜΗ ΦΥΣΙΚΗ) ', 'ΕΘΝΟΓΡΑΦΙΑ ΚΑΙ ΕΘΝΟΛΟΓΙΑ ', 'el');
INSERT INTO sector_name (sector_id, area, subject, locale) VALUES (178, 'ΑΝΘΡΩΠΟΛΟΓΙΑ (ΜΗ ΦΥΣΙΚΗ) ', 'ΕΚΠΑΙΔΕΥΤΙΚΗ ΑΝΘΡΩΠΟΛΟΓΙΑ', 'el');
INSERT INTO sector_name (sector_id, area, subject, locale) VALUES (179, 'ΑΝΘΡΩΠΟΛΟΓΙΑ (ΜΗ ΦΥΣΙΚΗ) ', 'ΠΟΛΙΤΙΚΗ ΑΝΘΡΩΠΟΛΟΓΙΑ', 'el');
INSERT INTO sector_name (sector_id, area, subject, locale) VALUES (180, 'ΑΝΘΡΩΠΟΛΟΓΙΑ (ΜΗ ΦΥΣΙΚΗ) ', 'ΟΙΚΟΝΟΜΙΚΗ ΑΝΘΡΩΠΟΛΟΓΙΑ', 'el');
INSERT INTO sector_name (sector_id, area, subject, locale) VALUES (181, 'ΑΝΘΡΩΠΟΛΟΓΙΑ (ΜΗ ΦΥΣΙΚΗ) ', 'ΑΛΛΕΣ ΕΙΔΙΚΟΤΗΤΕΣ ΑΝΘΡΩΠΟΛΟΓΙΑΣ ', 'el');
INSERT INTO sector_name (sector_id, area, subject, locale) VALUES (182, 'ΔΗΜΟΓΡΑΦΙΑ', 'ΘΕΩΡΙΑ ΚΑΙ ΜΕΘΟΔΟΛΟΓΙΑ ΕΡΕΥΝΑΣ ΚΑΙ ΑΝΑΛΥΣΗΣ', 'el');
INSERT INTO sector_name (sector_id, area, subject, locale) VALUES (183, 'ΔΗΜΟΓΡΑΦΙΑ', 'ΘΝΗΣΙΜΟΤΗΤΑ ΚΑΙ ΓΟΝΙΜΟΤΗΤΑ', 'el');
INSERT INTO sector_name (sector_id, area, subject, locale) VALUES (184, 'ΔΗΜΟΓΡΑΦΙΑ', 'ΙΣΤΟΡΙΚΗ ΔΗΜΟΓΡΑΦΙΑ', 'el');
INSERT INTO sector_name (sector_id, area, subject, locale) VALUES (185, 'ΔΗΜΟΓΡΑΦΙΑ', 'ΜΕΓΕΘΟΣ ΠΛΗΘΥΣΜΟΥ ΚΑΙ ΔΗΜΟΓΡΑΦΙΚΗ ΕΞΕΛΙΞΗ  ', 'el');
INSERT INTO sector_name (sector_id, area, subject, locale) VALUES (186, 'ΔΗΜΟΓΡΑΦΙΑ', 'ΓΕΩΓΡΑΦΙΚΗ ΔΗΜΟΓΡΑΦΙΑ', 'el');
INSERT INTO sector_name (sector_id, area, subject, locale) VALUES (187, 'ΔΗΜΟΓΡΑΦΙΑ', 'XAΡΑΚΤΗΡΙΣΤΙΚΑ ΠΛΗΘΥΣΜΟΥ ', 'el');
INSERT INTO sector_name (sector_id, area, subject, locale) VALUES (188, 'ΔΗΜΟΓΡΑΦΙΑ', 'ΑΛΛΕΣ ΔΗΜΟΓΡΑΦΙΚΕΣ ΕΙΔΙΚΟΤΗΤΕΣ', 'el');
INSERT INTO sector_name (sector_id, area, subject, locale) VALUES (189, 'ΟΙΚΟΝΟΜΙΚΕΣ ΕΠΙΣΤΗΜΕΣ', 'ΓΕΝΙΚΗ ΟΙΚΟΝΟΜΙΚΗ ΚΑΙ ΔΙΔΑΚΤΙΚΗ', 'el');
INSERT INTO sector_name (sector_id, area, subject, locale) VALUES (295, 'ΕTHICS', 'DEONTOLOGICAL ETHICS', 'en');
INSERT INTO sector_name (sector_id, area, subject, locale) VALUES (190, 'ΟΙΚΟΝΟΜΙΚΕΣ ΕΠΙΣΤΗΜΕΣ', 'ΙΣΤΟΡΙΑ ΤΗΣ ΟΙΚΟΝΟΜΙΚΗΣ ΣΚΕΨΗΣ, ΜΕΘΟΔΟΛΟΓΙΑ, ΚΑΙ ΕΤΕΡΟΔΟΞΕΣ ΠΡΟΣΕΓΓΙΣΕΙΣ', 'el');
INSERT INTO sector_name (sector_id, area, subject, locale) VALUES (191, 'ΟΙΚΟΝΟΜΙΚΕΣ ΕΠΙΣΤΗΜΕΣ', 'ΜΑΘΗΜΑΤΙΚΕΣ ΚΑΙ ΠΟΣΟΤΙΚΕΣ ΜΕΘΟΔΟΙ', 'el');
INSERT INTO sector_name (sector_id, area, subject, locale) VALUES (192, 'ΟΙΚΟΝΟΜΙΚΕΣ ΕΠΙΣΤΗΜΕΣ', 'ΜΙΚΡΟΟΙΚΟΝΟΜΙΚΗ', 'el');
INSERT INTO sector_name (sector_id, area, subject, locale) VALUES (193, 'ΟΙΚΟΝΟΜΙΚΕΣ ΕΠΙΣΤΗΜΕΣ', 'ΜΑΚΡΟΟΙΚΟΝΟΜΙΚΗ ΚΑΙ ΝΟΜΙΣΜΑΤΙΚΗ ΟΙΚΟΝΟΜΙΚΗ', 'el');
INSERT INTO sector_name (sector_id, area, subject, locale) VALUES (194, 'ΟΙΚΟΝΟΜΙΚΕΣ ΕΠΙΣΤΗΜΕΣ', 'ΔΙΕΘΝΗΣ ΟΙΚΟΝΟΜΙΚΗ', 'el');
INSERT INTO sector_name (sector_id, area, subject, locale) VALUES (195, 'ΟΙΚΟΝΟΜΙΚΕΣ ΕΠΙΣΤΗΜΕΣ', 'ΧΡΗΜΑΤΟΟΙΚΟΝΟΜΙΚΗ', 'el');
INSERT INTO sector_name (sector_id, area, subject, locale) VALUES (196, 'ΟΙΚΟΝΟΜΙΚΕΣ ΕΠΙΣΤΗΜΕΣ', 'ΔΗΜΟΣΙΟΝΟΜΙΚΑ', 'el');
INSERT INTO sector_name (sector_id, area, subject, locale) VALUES (197, 'ΟΙΚΟΝΟΜΙΚΕΣ ΕΠΙΣΤΗΜΕΣ', 'ΥΓΕΙΑ, ΕΚΠΑΙΔΕΥΣΗ, ΚΑΙ ΠΡΟΝΟΙΑ', 'el');
INSERT INTO sector_name (sector_id, area, subject, locale) VALUES (198, 'ΟΙΚΟΝΟΜΙΚΕΣ ΕΠΙΣΤΗΜΕΣ', 'ΕΡΓΑΣΙΑΚΗ  ΚΑΙ ΔΗΜΟΓΡΑΦΙΚΗ ΟΙΚΟΝΟΜΙΚΗ ', 'el');
INSERT INTO sector_name (sector_id, area, subject, locale) VALUES (199, 'ΟΙΚΟΝΟΜΙΚΕΣ ΕΠΙΣΤΗΜΕΣ', 'ΔΙΚΑΙΟ ΚΑΙ ΟΙΚΟΝΟΜΙΚΗ', 'el');
INSERT INTO sector_name (sector_id, area, subject, locale) VALUES (200, 'ΟΙΚΟΝΟΜΙΚΕΣ ΕΠΙΣΤΗΜΕΣ', 'ΒΙΟΜΗΧΑΝΙΚΗ ΟΡΓΑΝΩΣΗ', 'el');
INSERT INTO sector_name (sector_id, area, subject, locale) VALUES (201, 'ΟΙΚΟΝΟΜΙΚΕΣ ΕΠΙΣΤΗΜΕΣ', 'ΔΙΟΙΚΗΣΗ ΕΠΙΧΕΙΡΗΣΕΩΝ ΚΑΙ ΟΙΚΟΝΟΜΙΚΑ ΤΩΝ ΕΠΙΧΕΙΡΗΣΕΩΝ, ΜΑΡΚΕΤΙΝΓΚ, ΛΟΓΙΣΤΙΚΗ', 'el');
INSERT INTO sector_name (sector_id, area, subject, locale) VALUES (202, 'ΟΙΚΟΝΟΜΙΚΕΣ ΕΠΙΣΤΗΜΕΣ', 'ΟΙΚΟΝΟΜΙΚΗ ΙΣΤΟΡΙΑ', 'el');
INSERT INTO sector_name (sector_id, area, subject, locale) VALUES (203, 'ΟΙΚΟΝΟΜΙΚΕΣ ΕΠΙΣΤΗΜΕΣ', 'ΟΙΚΟΝΟΜΙΚΗ ΑΝΑΠΤΥΞΗ, ΤΕΧΝΟΛΟΓΙΚΗ ΑΛΛΑΓΗ, ΚΑΙ ΑΝΑΠΤΥΞΗ', 'el');
INSERT INTO sector_name (sector_id, area, subject, locale) VALUES (204, 'ΟΙΚΟΝΟΜΙΚΕΣ ΕΠΙΣΤΗΜΕΣ', 'ΟΙΚΟΝΟΜΙΚΑ ΣΥΣΤΗΜΑΤΑ', 'el');
INSERT INTO sector_name (sector_id, area, subject, locale) VALUES (205, 'ΟΙΚΟΝΟΜΙΚΕΣ ΕΠΙΣΤΗΜΕΣ', 'ΑΓΡΟΤΙΚΗ ΟΙΚΟΝΟΜΙΑ ΚΑΙ ΟΙΚΟΝΟΜΙΑ ΦΥΣΙΚΩΝ ΠΟΡΩΝ, ΠΕΡΙΒΑΛΛΟΝΤΙΚΗ ΚΑΙ ΟΙΚΟΛΟΓΙΚΗ ΟΙΚΟΝΟΜΙΑ', 'el');
INSERT INTO sector_name (sector_id, area, subject, locale) VALUES (206, 'ΟΙΚΟΝΟΜΙΚΕΣ ΕΠΙΣΤΗΜΕΣ', 'ΑΣΤΙΚΗ, ΑΓΡΟΤΙΚΗ, ΠΕΡΙΦΕΡΕΙΑΚΗ ΟΙΚΟΝΟΜΙΚΗ ΚΑΙ ΟΙΚΟΝΟΜΙΚΗ ΑΚΙΝΗΤΩΝ, ΚΑΙ ΜΕΤΑΦΟΡΩΝ', 'el');
INSERT INTO sector_name (sector_id, area, subject, locale) VALUES (207, 'ΟΙΚΟΝΟΜΙΚΕΣ ΕΠΙΣΤΗΜΕΣ', 'ΔΙΑΦΟΡΕΣ ΚΑΤΗΓΟΡΙΕΣ', 'el');
INSERT INTO sector_name (sector_id, area, subject, locale) VALUES (208, 'ΟΙΚΟΝΟΜΙΚΕΣ ΕΠΙΣΤΗΜΕΣ', 'ΑΛΛΑ ΕΙΔΙΚΑ ΘΕΜΑΤΑ', 'el');
INSERT INTO sector_name (sector_id, area, subject, locale) VALUES (209, 'ΟΙΚΟΝΟΜΙΚΕΣ ΕΠΙΣΤΗΜΕΣ', 'ΑΛΛΕΣ ΕΙΔΙΚΟΤΗΤΕΣ ΟΙΚΟΝΟΜΙΚΩΝ ΕΠΙΣΤΗΜΩΝ', 'el');
INSERT INTO sector_name (sector_id, area, subject, locale) VALUES (210, 'ΙΣΤΟΡΙΑ ', 'ΓΕΝΙΚΗ ΙΣΤΟΡΙΑ, ΘΕΩΡΙΑ  ', 'el');
INSERT INTO sector_name (sector_id, area, subject, locale) VALUES (211, 'ΙΣΤΟΡΙΑ ', 'ΙΣΤΟΡΙΑ ΤΩΝ ΧΩΡΩΝ', 'el');
INSERT INTO sector_name (sector_id, area, subject, locale) VALUES (212, 'ΙΣΤΟΡΙΑ ', 'ΙΣΤΟΡΙΑ ΤΩΝ ΕΠΙΣΤΗΜΩΝ ΚΑΙ ΤΗΣ ΤΕΧΝΟΛΟΓΙΑΣ', 'el');
INSERT INTO sector_name (sector_id, area, subject, locale) VALUES (213, 'ΙΣΤΟΡΙΑ ', 'ΑΡΧΑΙΟΛΟΓΙΑ', 'el');
INSERT INTO sector_name (sector_id, area, subject, locale) VALUES (214, 'ΙΣΤΟΡΙΑ ', 'ΑΛΛΕΣ ΙΣΤΟΡΙΚΕΣ ΕΠΙΣΤΗΜΕΣ', 'el');
INSERT INTO sector_name (sector_id, area, subject, locale) VALUES (215, 'ΝΟΜΙΚΕΣ ΕΠΙΣΤΗΜΕΣ', 'ΓΕΝΙΚΗ ΘΕΩΡΙΑ ΚΑΙ ΜΕΘΟΔΟΙ', 'el');
INSERT INTO sector_name (sector_id, area, subject, locale) VALUES (216, 'ΝΟΜΙΚΕΣ ΕΠΙΣΤΗΜΕΣ', 'ΕΘΝΙΚΟ ΔΙΚΑΙΟ', 'el');
INSERT INTO sector_name (sector_id, area, subject, locale) VALUES (217, 'ΝΟΜΙΚΕΣ ΕΠΙΣΤΗΜΕΣ', 'ΔΙΚΟΝΟΜΙΑ ', 'el');
INSERT INTO sector_name (sector_id, area, subject, locale) VALUES (218, 'ΝΟΜΙΚΕΣ ΕΠΙΣΤΗΜΕΣ', 'ΔΙΕΘΝΕΣ ΔΙΚΑΙΟ ', 'el');
INSERT INTO sector_name (sector_id, area, subject, locale) VALUES (219, 'ΝΟΜΙΚΕΣ ΕΠΙΣΤΗΜΕΣ', 'ΕΥΡΩΠΑΪΚΟ ΔΙΚΑΙΟ', 'el');
INSERT INTO sector_name (sector_id, area, subject, locale) VALUES (220, 'ΝΟΜΙΚΕΣ ΕΠΙΣΤΗΜΕΣ', 'ΝΟΜΟΛΟΓΙΑ', 'el');
INSERT INTO sector_name (sector_id, area, subject, locale) VALUES (221, 'ΝΟΜΙΚΕΣ ΕΠΙΣΤΗΜΕΣ', 'ΑΛΛΕΣ ΝΟΜΙΚΕΣ ΕΙΔΙΚΟΤΗΤΕΣ', 'el');
INSERT INTO sector_name (sector_id, area, subject, locale) VALUES (222, 'ΓΛΩΣΣΟΛΟΓΙΑ', 'ΕΦΑΡΜΟΣΜΕΝΗ ΓΛΩΣΣΟΛΟΓΙΑ', 'el');
INSERT INTO sector_name (sector_id, area, subject, locale) VALUES (223, 'ΓΛΩΣΣΟΛΟΓΙΑ', 'ΔΙΑΧΡΟΝΙΚΗ ΓΛΩΣΣΟΛΟΓΙΑ', 'el');
INSERT INTO sector_name (sector_id, area, subject, locale) VALUES (224, 'ΓΛΩΣΣΟΛΟΓΙΑ', 'ΘΕΩΡΗΤΙΚΗ ΓΛΩΣΣΟΛΟΓΙΑ', 'el');
INSERT INTO sector_name (sector_id, area, subject, locale) VALUES (225, 'ΓΛΩΣΣΟΛΟΓΙΑ', 'ΓΕΩΓΡΑΦΙΚΗ ΓΛΩΣΣΟΛΟΓΙΑ', 'el');
INSERT INTO sector_name (sector_id, area, subject, locale) VALUES (226, 'ΓΛΩΣΣΟΛΟΓΙΑ', 'ΣΥΓΧΡΟΝΙΚΗ ΓΛΩΣΣΟΛΟΓΙΑ', 'el');
INSERT INTO sector_name (sector_id, area, subject, locale) VALUES (227, 'ΓΛΩΣΣΟΛΟΓΙΑ', 'ΛΕΞΙΚΟΛΟΓΙΑ', 'el');
INSERT INTO sector_name (sector_id, area, subject, locale) VALUES (228, 'ΓΛΩΣΣΟΛΟΓΙΑ', 'ΚΟΙΝΩΝΙΚΗ ΓΛΩΣΣΟΛΟΓΙΑ', 'el');
INSERT INTO sector_name (sector_id, area, subject, locale) VALUES (229, 'ΓΛΩΣΣΟΛΟΓΙΑ', 'ΑΡΧΑΙΕΣ ΓΛΩΣΣΕΣ', 'el');
INSERT INTO sector_name (sector_id, area, subject, locale) VALUES (230, 'ΓΛΩΣΣΟΛΟΓΙΑ', 'ΚΛΑΣΙΚΕΣ ΓΛΩΣΣΕΣ', 'el');
INSERT INTO sector_name (sector_id, area, subject, locale) VALUES (231, 'ΓΛΩΣΣΟΛΟΓΙΑ', 'ΜΟΝΤΕΡΝΕΣ ΓΛΩΣΣΕΣ', 'el');
INSERT INTO sector_name (sector_id, area, subject, locale) VALUES (232, 'ΓΛΩΣΣΟΛΟΓΙΑ', 'ΞΕΝΕΣ ΓΛΩΣΣΕΣ', 'el');
INSERT INTO sector_name (sector_id, area, subject, locale) VALUES (233, 'ΓΛΩΣΣΟΛΟΓΙΑ', 'ΝΕΚΡΕΣ ΓΛΩΣΣΕΣ', 'el');
INSERT INTO sector_name (sector_id, area, subject, locale) VALUES (234, 'ΓΛΩΣΣΟΛΟΓΙΑ', 'ΠΟΛΥΓΛΩΣΣΙΑ', 'el');
INSERT INTO sector_name (sector_id, area, subject, locale) VALUES (235, 'ΓΛΩΣΣΟΛΟΓΙΑ', 'ΔΙΓΛΩΣΣΙΑ', 'el');
INSERT INTO sector_name (sector_id, area, subject, locale) VALUES (236, 'ΓΛΩΣΣΟΛΟΓΙΑ', 'ΣΥΓΚΡΙΤΙΚΗ ΓΛΩΣΣΟΛΟΓΙΑ', 'el');
INSERT INTO sector_name (sector_id, area, subject, locale) VALUES (237, 'ΓΛΩΣΣΟΛΟΓΙΑ', 'ΓΝΩΣΤΙΚΗ ΓΛΩΣΣΟΛΟΓΙΑ', 'el');
INSERT INTO sector_name (sector_id, area, subject, locale) VALUES (238, 'ΓΛΩΣΣΟΛΟΓΙΑ', 'ΙΣΤΟΡΙΚΗ ΓΛΩΣΣΟΛΟΓΙΑ', 'el');
INSERT INTO sector_name (sector_id, area, subject, locale) VALUES (239, 'ΓΛΩΣΣΟΛΟΓΙΑ', 'ΓΕΝΙΚΗ ΓΛΩΣΣΟΛΟΓΙΑ', 'el');
INSERT INTO sector_name (sector_id, area, subject, locale) VALUES (240, 'ΓΛΩΣΣΟΛΟΓΙΑ', 'ΒΙΟΓΛΩΣΣΟΛΟΓΙΑ', 'el');
INSERT INTO sector_name (sector_id, area, subject, locale) VALUES (241, 'ΓΛΩΣΣΟΛΟΓΙΑ', 'ΝΕΥΡΟΓΛΩΣΣΟΛΟΓΙΑ', 'el');
INSERT INTO sector_name (sector_id, area, subject, locale) VALUES (242, 'ΓΛΩΣΣΟΛΟΓΙΑ', 'ΨΥΧΟΓΛΩΣΣΟΛΟΓΙΑ', 'el');
INSERT INTO sector_name (sector_id, area, subject, locale) VALUES (243, 'ΓΛΩΣΣΟΛΟΓΙΑ', 'ΦΙΛΟΣΟΦΙΚΗ ΓΛΩΣΣΟΛΟΓΙΑ', 'el');
INSERT INTO sector_name (sector_id, area, subject, locale) VALUES (244, 'ΓΛΩΣΣΟΛΟΓΙΑ', 'ΚΕΙΜΕΝΟΓΛΩΣΣΟΛΟΓΙΑ', 'el');
INSERT INTO sector_name (sector_id, area, subject, locale) VALUES (245, 'ΓΛΩΣΣΟΛΟΓΙΑ', 'ΛΕΙΤΟΥΡΓΙΚΗ ΓΛΩΣΣΟΛΟΓΙΑ', 'el');
INSERT INTO sector_name (sector_id, area, subject, locale) VALUES (246, 'ΓΛΩΣΣΟΛΟΓΙΑ', 'ΤΥΠΟΛΟΓΙΚΗ ΓΛΩΣΣΟΛΟΓΙΑ', 'el');
INSERT INTO sector_name (sector_id, area, subject, locale) VALUES (247, 'ΓΛΩΣΣΟΛΟΓΙΑ', 'ΥΠΟΛΟΓΙΣΤΙΚΗ ΓΛΩΣΣΟΛΟΓΙΑ', 'el');
INSERT INTO sector_name (sector_id, area, subject, locale) VALUES (248, 'ΓΛΩΣΣΟΛΟΓΙΑ', 'ΕΠΙΚΟΙΝΩΝΙΑ ΚΑΙ ΓΛΩΣΣΟΛΟΓΙΑ', 'el');
INSERT INTO sector_name (sector_id, area, subject, locale) VALUES (249, 'ΓΛΩΣΣΟΛΟΓΙΑ', 'ΓΛΩΣΣΟΛΟΓΙΚΗ ΕΡΕΥΝΑ', 'el');
INSERT INTO sector_name (sector_id, area, subject, locale) VALUES (250, 'ΓΛΩΣΣΟΛΟΓΙΑ', 'ΓΡΑΜΜΑΤΙΚΗ, ΣΥΓΚΡΙΤΙΚΗ ΚΑΙ ΓΕΝΙΚΗ', 'el');
INSERT INTO sector_name (sector_id, area, subject, locale) VALUES (251, 'ΓΛΩΣΣΟΛΟΓΙΑ', 'ΙΔΙΩΜΑΤΙΣΜΟΙ', 'el');
INSERT INTO sector_name (sector_id, area, subject, locale) VALUES (252, 'ΓΛΩΣΣΟΛΟΓΙΑ', 'ΦΩΝΗΤΙΚΗ', 'el');
INSERT INTO sector_name (sector_id, area, subject, locale) VALUES (253, 'ΓΛΩΣΣΟΛΟΓΙΑ', 'ΦΩΝΟΛΟΓΙΑ', 'el');
INSERT INTO sector_name (sector_id, area, subject, locale) VALUES (254, 'ΓΛΩΣΣΟΛΟΓΙΑ', 'ΟΡΘΟΓΡΑΦΙΑ', 'el');
INSERT INTO sector_name (sector_id, area, subject, locale) VALUES (255, 'ΓΛΩΣΣΟΛΟΓΙΑ', 'ΣΗΜΕΙΟΛΟΓΙΑ', 'el');
INSERT INTO sector_name (sector_id, area, subject, locale) VALUES (256, 'ΓΛΩΣΣΟΛΟΓΙΑ', 'ΣΗΜΑΣΙΟΛΟΓΙΑ', 'el');
INSERT INTO sector_name (sector_id, area, subject, locale) VALUES (257, 'ΓΛΩΣΣΟΛΟΓΙΑ', 'ΕΡΜΗΝΕΙΑ', 'el');
INSERT INTO sector_name (sector_id, area, subject, locale) VALUES (258, 'ΓΛΩΣΣΟΛΟΓΙΑ', 'ΑΝΑΛΥΣΗ ΚΕΙΜΕΝΟΥ', 'el');
INSERT INTO sector_name (sector_id, area, subject, locale) VALUES (296, 'ΕTHICS', 'APPLIED ETHICS', 'en');
INSERT INTO sector_name (sector_id, area, subject, locale) VALUES (259, 'ΓΛΩΣΣΟΛΟΓΙΑ', 'ΜΕΤΑΦΡΑΣΗ', 'el');
INSERT INTO sector_name (sector_id, area, subject, locale) VALUES (260, 'ΓΛΩΣΣΟΛΟΓΙΑ', 'ΑΛΛΕΣ ΕΙΔΙΚΟΤΗΤΕΣ ΓΛΩΣΣΟΛΟΓΙΑΣ', 'el');
INSERT INTO sector_name (sector_id, area, subject, locale) VALUES (261, 'ΠΑΙΔΑΓΩΓΙΚΗ', 'ΘΕΩΡΙΑ ΚΑΙ ΜΕΘΟΔΟΙ ΤΗΣ ΕΚΠΑΙΔΕΥΣΗΣ', 'el');
INSERT INTO sector_name (sector_id, area, subject, locale) VALUES (262, 'ΠΑΙΔΑΓΩΓΙΚΗ', 'ΟΡΓΑΝΩΣΗ ΚΑΙ ΠΡΟΓΡΑΜΜΑΤΙΣΜΟΣ ΤΗΣ ΕΚΠΑΙΔΕΥΣΗΣ', 'el');
INSERT INTO sector_name (sector_id, area, subject, locale) VALUES (263, 'ΠΑΙΔΑΓΩΓΙΚΗ', 'ΑΛΛΕΣ ΠΑΙΔΑΓΩΓΙΚΕΣ ΕΙΔΙΚΟΤΗΤΕΣ', 'el');
INSERT INTO sector_name (sector_id, area, subject, locale) VALUES (264, 'ΠΟΛΙΤΙΚΕΣ ΕΠΙΣΤΗΜΕΣ', 'ΠΟΛΙΤΙΚΗ ΕΠΙΣΤΗΜΗ, ΓΕΝΙΚΑ', 'el');
INSERT INTO sector_name (sector_id, area, subject, locale) VALUES (265, 'ΠΟΛΙΤΙΚΕΣ ΕΠΙΣΤΗΜΕΣ', 'ΠΟΛΙΤIΚH EΠΙΣΤΗΜΩΝ', 'el');
INSERT INTO sector_name (sector_id, area, subject, locale) VALUES (266, 'ΠΟΛΙΤΙΚΕΣ ΕΠΙΣΤΗΜΕΣ', 'ΑΛΛΕΣ ΕΙΔΙΚΟΤΗΤΕΣ ΤΩΝ ΠΟΛΙΤΙΚΩΝ ΕΠΙΣΤΗΜΩΝ', 'el');
INSERT INTO sector_name (sector_id, area, subject, locale) VALUES (267, 'ΨΥΧΟΛΟΓΙΑ', 'ΓΕΝΙΚΗ ΨΥΧΟΛΟΓΙΑ ', 'el');
INSERT INTO sector_name (sector_id, area, subject, locale) VALUES (268, 'ΨΥΧΟΛΟΓΙΑ', 'ΨΥΧΟΛΟΓΙΑ ΕΦΗΒΟΥ ΚΑΙ ΠΑΙΔΙΟΥ ', 'el');
INSERT INTO sector_name (sector_id, area, subject, locale) VALUES (269, 'ΨΥΧΟΛΟΓΙΑ', 'ΚΛΙΝΙΚΗ ΨΥΧΟΛΟΓΙΑ ', 'el');
INSERT INTO sector_name (sector_id, area, subject, locale) VALUES (270, 'ΨΥΧΟΛΟΓΙΑ', 'ΠΕΙΡΑΜΑΤΙΚΗ ΨΥΧΟΛΟΓΙΑ', 'el');
INSERT INTO sector_name (sector_id, area, subject, locale) VALUES (271, 'ΨΥΧΟΛΟΓΙΑ', 'ΑΛΛΕΣ ΕΙΔΙΚΟΤΗΤΕΣ ΤΗΣ ΨΥΧΟΛΟΓΙΑΣ', 'el');
INSERT INTO sector_name (sector_id, area, subject, locale) VALUES (272, 'ΕΠΙΣΤΗΜΕΣ ΤΕΧΝΩΝ ΚΑΙ ΓΡΑΜΜΑΤΩΝ ', 'ΦΙΛΟΛΟΓΙΑ : ΘΕΩΡΙΑ, ΑΝΑΛΥΣΗ ΚΑΙ ΚΡΙΤΙΚΗ    ', 'el');
INSERT INTO sector_name (sector_id, area, subject, locale) VALUES (273, 'ΕΠΙΣΤΗΜΕΣ ΤΕΧΝΩΝ ΚΑΙ ΓΡΑΜΜΑΤΩΝ ', 'ΛΟΓΟΤΕΧΝΙΑ', 'el');
INSERT INTO sector_name (sector_id, area, subject, locale) VALUES (274, 'ΕΠΙΣΤΗΜΕΣ ΤΕΧΝΩΝ ΚΑΙ ΓΡΑΜΜΑΤΩΝ ', 'ΤΕΧΝΕΣ ΤΟΥ ΘΕΑΜΑΤΟΣ', 'el');
INSERT INTO sector_name (sector_id, area, subject, locale) VALUES (275, 'ΕΠΙΣΤΗΜΕΣ ΤΕΧΝΩΝ ΚΑΙ ΓΡΑΜΜΑΤΩΝ ', 'ΕΙΚΑΣΤΙΚΕΣ ΤΕΧΝΕΣ', 'el');
INSERT INTO sector_name (sector_id, area, subject, locale) VALUES (276, 'ΕΠΙΣΤΗΜΕΣ ΤΕΧΝΩΝ ΚΑΙ ΓΡΑΜΜΑΤΩΝ ', 'ΑΛΛΕΣ ΚΑΛΛΙΤΕΧΝΙΚΕΣ ΕΙΔΙΚΟΤΗΤΕΣ', 'el');
INSERT INTO sector_name (sector_id, area, subject, locale) VALUES (277, 'ΚΟΙΝΩΝΙΟΛΟΓΙΑ ', 'ΓΕΝΙΚH KOINΩΝΙΟΛΟΓΙΑ', 'el');
INSERT INTO sector_name (sector_id, area, subject, locale) VALUES (278, 'ΚΟΙΝΩΝΙΟΛΟΓΙΑ ', 'ΚΟΙΝΩΝΙΚΗ ΑΛΛΑΓΗ ΚΑΙ ΑΝΑΠΤΥΞΗ ', 'el');
INSERT INTO sector_name (sector_id, area, subject, locale) VALUES (279, 'ΚΟΙΝΩΝΙΟΛΟΓΙΑ ', 'ΚΟΙΝΩΝΙΚΗ ΜΟΡΦΟΛΟΓΙΑ', 'el');
INSERT INTO sector_name (sector_id, area, subject, locale) VALUES (280, 'ΚΟΙΝΩΝΙΟΛΟΓΙΑ ', 'ΑΛΛΕΣ ΚΟΙΝΩΝΙΟΛΟΓΙΚΕΣ ΕΙΔΙΚΟΤΗΤΕΣ', 'el');
INSERT INTO sector_name (sector_id, area, subject, locale) VALUES (281, 'ΗΘΙΚΗ ', 'ΚΛΑΣΙΚΗ ΗΘΙΚΗ', 'el');
INSERT INTO sector_name (sector_id, area, subject, locale) VALUES (282, 'ΗΘΙΚΗ ', 'ΗΘΙΚΗ ΤΩΝ ΑΤΟΜΩΝ', 'el');
INSERT INTO sector_name (sector_id, area, subject, locale) VALUES (283, 'ΗΘΙΚΗ ', 'ΗΘΙΚΗ ΤΩΝ ΚΟΙΝΩΝΙΚΩΝ ΟΜΑΔΩΝ', 'el');
INSERT INTO sector_name (sector_id, area, subject, locale) VALUES (284, 'ΗΘΙΚΗ ', 'ΗΘΙΚΗ ΤΩΝ ΕΠΙΣΤΗΜΩΝ', 'el');
INSERT INTO sector_name (sector_id, area, subject, locale) VALUES (285, 'ΗΘΙΚΗ ', 'ΙΑΤΡΙΚΗ ΗΘΙΚΗ ', 'el');
INSERT INTO sector_name (sector_id, area, subject, locale) VALUES (286, 'ΗΘΙΚΗ ', 'ΒΙΟΗΘΙΚΗ', 'el');
INSERT INTO sector_name (sector_id, area, subject, locale) VALUES (287, 'ΗΘΙΚΗ ', 'ΠΕΡΙΒΑΛΛΟΝΤΙΚΗ ΗΘΙΚΗ', 'el');
INSERT INTO sector_name (sector_id, area, subject, locale) VALUES (288, 'ΗΘΙΚΗ ', 'ΠΟΛΙΤΙΚΗ ΗΘΙΚΗ', 'el');
INSERT INTO sector_name (sector_id, area, subject, locale) VALUES (289, 'ΗΘΙΚΗ ', 'ΚΟΙΝΩΝΙΚΗ ΗΘΙΚΗ', 'el');
INSERT INTO sector_name (sector_id, area, subject, locale) VALUES (290, 'ΗΘΙΚΗ ', 'ΕΠΑΓΓΕΛΜΑΤΙΚΗ ΗΘΙΚΗ', 'el');
INSERT INTO sector_name (sector_id, area, subject, locale) VALUES (291, 'ΗΘΙΚΗ ', 'ΗΘΙΚΗ ΣΤΗΝ ΕΚΠΑΙΔΕΥΣΗ', 'el');
INSERT INTO sector_name (sector_id, area, subject, locale) VALUES (292, 'ΗΘΙΚΗ ', 'ΜΕΤΑ-ΗΘΙΚΗ', 'el');
INSERT INTO sector_name (sector_id, area, subject, locale) VALUES (293, 'ΗΘΙΚΗ ', 'ΗΘΙΚΗ ΤΗΣ ΕΠΙΚΟΙΝΩΝΙΑΣ', 'el');
INSERT INTO sector_name (sector_id, area, subject, locale) VALUES (294, 'ΗΘΙΚΗ ', 'ΑΝΘΡΩΠΟΛΟΓΙΚΗ ΗΘΙΚΗ', 'el');
INSERT INTO sector_name (sector_id, area, subject, locale) VALUES (295, 'ΗΘΙΚΗ ', 'ΔΕΟΝΤΟΛΟΓΙΚΗ ΗΘΙΚΗ', 'el');
INSERT INTO sector_name (sector_id, area, subject, locale) VALUES (296, 'ΗΘΙΚΗ ', 'ΕΦΑΡΜΟΣΜΕΝΗ ΗΘΙΚΗ', 'el');
INSERT INTO sector_name (sector_id, area, subject, locale) VALUES (297, 'ΗΘΙΚΗ ', 'ΗΘΙΚΗ ΤΩΝ ΕΠΙΧΕΙΡΗΣΕΩΝ', 'el');
INSERT INTO sector_name (sector_id, area, subject, locale) VALUES (298, 'ΗΘΙΚΗ ', 'ΘΕΩΡΗΤΙΚΗ ΗΘΙΚΗ', 'el');
INSERT INTO sector_name (sector_id, area, subject, locale) VALUES (299, 'ΗΘΙΚΗ ', 'ΘΡΗΣΚΕΥΤΙΚΗ ΗΘΙΚΗ', 'el');
INSERT INTO sector_name (sector_id, area, subject, locale) VALUES (300, 'ΗΘΙΚΗ ', 'ΧΡΙΣΤΙΑΝΙΚΗ ΗΘΙΚΗ', 'el');
INSERT INTO sector_name (sector_id, area, subject, locale) VALUES (301, 'ΗΘΙΚΗ ', 'ΚΑΝΟΝΙΣΤΙΚΗ ΗΘΙΚΗ', 'el');
INSERT INTO sector_name (sector_id, area, subject, locale) VALUES (302, 'ΗΘΙΚΗ ', 'ΝΟΜΙΚΗ ΗΘΙΚΗ', 'el');
INSERT INTO sector_name (sector_id, area, subject, locale) VALUES (303, 'ΗΘΙΚΗ ', 'ΤΕΛΕΟΛΟΓΙΚΗ ΗΘΙΚΗ', 'el');
INSERT INTO sector_name (sector_id, area, subject, locale) VALUES (304, 'ΗΘΙΚΗ ', 'ΦΕΜΙΝΙΣΤΙΚΗ ΗΘΙΚΗ', 'el');
INSERT INTO sector_name (sector_id, area, subject, locale) VALUES (305, 'ΗΘΙΚΗ ', 'ΗΘΙΚΗ ΤΩΝ ΣΠΟΡ', 'el');
INSERT INTO sector_name (sector_id, area, subject, locale) VALUES (306, 'ΗΘΙΚΗ ', 'ΗΘΙΚΕΣ ΕΝΝΟΙΕΣ', 'el');
INSERT INTO sector_name (sector_id, area, subject, locale) VALUES (307, 'ΗΘΙΚΗ ', 'ΗΘΙΚΗ ΑΞΙΑ', 'el');
INSERT INTO sector_name (sector_id, area, subject, locale) VALUES (308, 'ΗΘΙΚΗ ', 'ΣΥΣΤΗΜΑ ΑΞΙΩΝ', 'el');
INSERT INTO sector_name (sector_id, area, subject, locale) VALUES (309, 'ΗΘΙΚΗ ', 'ΘΕΩΡΙΕΣ ΗΘΙΚΗΣ', 'el');
INSERT INTO sector_name (sector_id, area, subject, locale) VALUES (310, 'ΗΘΙΚΗ ', 'ΗΘΙΚΗ ΤΗΣ ΤΕΧΝΟΛΟΓΙΑΣ', 'el');
INSERT INTO sector_name (sector_id, area, subject, locale) VALUES (311, 'ΗΘΙΚΗ ', 'ΚΛΙΝΙΚΗ ΗΘΙΚΗ', 'el');
INSERT INTO sector_name (sector_id, area, subject, locale) VALUES (312, 'ΗΘΙΚΗ ', 'ΥΠΕΥΘΥΝΟΤΗΤΑ', 'el');
INSERT INTO sector_name (sector_id, area, subject, locale) VALUES (313, 'ΗΘΙΚΗ ', 'ΠΕΙΘΑΡΧΙΑ', 'el');
INSERT INTO sector_name (sector_id, area, subject, locale) VALUES (314, 'ΗΘΙΚΗ ', 'ΣΥΝΕΙΔΗΣΗ', 'el');
INSERT INTO sector_name (sector_id, area, subject, locale) VALUES (315, 'ΗΘΙΚΗ ', 'ΑΛΛΕΣ ΕΙΔΙΚΟΤΗΤΕΣ ΣΧΕΤΙΚΕΣ MΕ ΤΗΝ ΗΘΙΚΗ', 'el');
INSERT INTO sector_name (sector_id, area, subject, locale) VALUES (316, 'ΦΙΛΟΣΟΦΙΑ ', 'ΦΙΛΟΣΟΦΙΑ ΤΗΣ ΓΝΩΣΗΣ ΚΑΙ ΕΠΙΣΤΗΜΟΛΟΓΙΑ', 'el');
INSERT INTO sector_name (sector_id, area, subject, locale) VALUES (317, 'ΦΙΛΟΣΟΦΙΑ ', 'ΦΙΛΟΣΟΦΙΚΗ ΑΝΘΡΩΠΟΛΟΓΙΑ', 'el');
INSERT INTO sector_name (sector_id, area, subject, locale) VALUES (318, 'ΦΙΛΟΣΟΦΙΑ ', 'ΓΕΝΙΚΗ ΦΙΛΟΣΟΦΙΑ', 'el');
INSERT INTO sector_name (sector_id, area, subject, locale) VALUES (319, 'ΦΙΛΟΣΟΦΙΑ ', 'ΦΙΛΟΣΟΦΙΚΑ ΣΥΣΤΗΜΑΤΑ', 'el');
INSERT INTO sector_name (sector_id, area, subject, locale) VALUES (320, 'ΦΙΛΟΣΟΦΙΑ ', 'ΦΙΛΟΣΟΦΙΑ ΤΗΣ ΕΠΙΣΤΗΜΗΣ', 'el');
INSERT INTO sector_name (sector_id, area, subject, locale) VALUES (321, 'ΦΙΛΟΣΟΦΙΑ ', 'ΦΙΛΟΣΟΦΙΑ ΤΗΣ ΦΥΣΗΣ', 'el');
INSERT INTO sector_name (sector_id, area, subject, locale) VALUES (322, 'ΦΙΛΟΣΟΦΙΑ ', 'ΚΟΙΝΩΝΙΚΗ ΦΙΛΟΣΟΦΙΑ', 'el');
INSERT INTO sector_name (sector_id, area, subject, locale) VALUES (323, 'ΦΙΛΟΣΟΦΙΑ ', 'ΙΣΤΟΡΙΑ ΤΗΣ ΦΙΛΟΣΟΦΙΑΣ', 'el');
INSERT INTO sector_name (sector_id, area, subject, locale) VALUES (324, 'ΦΙΛΟΣΟΦΙΑ ', 'ΦΑΙΝΟΜΕΝΟΛΟΓΙΑ', 'el');
INSERT INTO sector_name (sector_id, area, subject, locale) VALUES (325, 'ΦΙΛΟΣΟΦΙΑ ', 'ΦΙΛΟΣΟΦΙΚΗ ΛΟΓΙΚΗ', 'el');
INSERT INTO sector_name (sector_id, area, subject, locale) VALUES (326, 'ΦΙΛΟΣΟΦΙΑ ', 'ΑΙΣΘΗΤΙΚΗ', 'el');
INSERT INTO sector_name (sector_id, area, subject, locale) VALUES (327, 'ΦΙΛΟΣΟΦΙΑ ', 'ΔΙΑΛΕΚΤΙΚΗ', 'el');
INSERT INTO sector_name (sector_id, area, subject, locale) VALUES (328, 'ΦΙΛΟΣΟΦΙΑ ', 'ΑΝΘΡΩΠΙΣΜΟΣ', 'el');
INSERT INTO sector_name (sector_id, area, subject, locale) VALUES (329, 'ΦΙΛΟΣΟΦΙΑ ', 'ΥΠΑΡΞΙΣΜΟΣ', 'el');
INSERT INTO sector_name (sector_id, area, subject, locale) VALUES (330, 'ΦΙΛΟΣΟΦΙΑ ', 'ΥΛΙΣΜΟΣ', 'el');
INSERT INTO sector_name (sector_id, area, subject, locale) VALUES (331, 'ΦΙΛΟΣΟΦΙΑ ', 'ΙΔΕΑΛΙΣΜΟΣ', 'el');
INSERT INTO sector_name (sector_id, area, subject, locale) VALUES (332, 'ΦΙΛΟΣΟΦΙΑ ', 'ΠΡΑΓΜΑΤΙΣΜΟΣ', 'el');
INSERT INTO sector_name (sector_id, area, subject, locale) VALUES (333, 'ΦΙΛΟΣΟΦΙΑ ', 'ΕΦΑΡΜΟΣΜΕΝΗ ΦΙΛΟΣΟΦΙΑ', 'el');
INSERT INTO sector_name (sector_id, area, subject, locale) VALUES (334, 'ΦΙΛΟΣΟΦΙΑ ', 'ΑΝΑΛΥΤΙΚΗ ΦΙΛΟΣΟΦΙΑ', 'el');
INSERT INTO sector_name (sector_id, area, subject, locale) VALUES (335, 'ΦΙΛΟΣΟΦΙΑ ', 'ΕΚΠΑΙΔΕΥΤΙΚΗ ΦΙΛΟΣΟΦΙΑ', 'el');
INSERT INTO sector_name (sector_id, area, subject, locale) VALUES (336, 'ΦΙΛΟΣΟΦΙΑ ', 'ΦΙΛΟΣΟΦΙΑ ΤΗΣ ΓΛΩΣΣΑΣ', 'el');
INSERT INTO sector_name (sector_id, area, subject, locale) VALUES (337, 'ΦΙΛΟΣΟΦΙΑ ', 'ΠΟΛΙΤΙΚΗ ΦΙΛΟΣΟΦΙΑ', 'el');
INSERT INTO sector_name (sector_id, area, subject, locale) VALUES (338, 'ΦΙΛΟΣΟΦΙΑ ', 'ΦΙΛΟΣΟΦΙΑ ΤΗΣ ΘΡΗΣΚΕΙΑΣ', 'el');
INSERT INTO sector_name (sector_id, area, subject, locale) VALUES (297, 'ΕTHICS', 'BUSINESS ETHICS', 'en');
INSERT INTO sector_name (sector_id, area, subject, locale) VALUES (339, 'ΦΙΛΟΣΟΦΙΑ ', 'ΗΘΙΚΗ ΦΙΛΟΣΟΦΙΑ', 'el');
INSERT INTO sector_name (sector_id, area, subject, locale) VALUES (340, 'ΦΙΛΟΣΟΦΙΑ ', 'ΠΟΛΙΤΙΣΤΙΚΗ ΦΙΛΟΣΟΦΙΑ', 'el');
INSERT INTO sector_name (sector_id, area, subject, locale) VALUES (341, 'ΦΙΛΟΣΟΦΙΑ ', 'ΤΕΧΝΗ ΚΑΙ ΦΙΛΟΣΟΦΙΑ', 'el');
INSERT INTO sector_name (sector_id, area, subject, locale) VALUES (342, 'ΦΙΛΟΣΟΦΙΑ ', 'ΜΟΥΣΙΚΗ ΚΑΙ ΦΙΛΟΣΟΦΙΑ', 'el');
INSERT INTO sector_name (sector_id, area, subject, locale) VALUES (343, 'ΦΙΛΟΣΟΦΙΑ ', 'ΘΕΑΤΡΟ ΚΑΙ ΦΙΛΟΣΟΦΙΑ', 'el');
INSERT INTO sector_name (sector_id, area, subject, locale) VALUES (344, 'ΦΙΛΟΣΟΦΙΑ ', 'ΕΘΝΟΦΙΛΟΣΟΦΙΑ', 'el');
INSERT INTO sector_name (sector_id, area, subject, locale) VALUES (345, 'ΦΙΛΟΣΟΦΙΑ ', 'ΑΡΧΑΙΑ ΦΙΛΟΣΟΦΙΑ', 'el');
INSERT INTO sector_name (sector_id, area, subject, locale) VALUES (346, 'ΦΙΛΟΣΟΦΙΑ ', 'ΕΛΛΗΝΙΚΗ ΦΙΛΟΣΟΦΙΑ', 'el');
INSERT INTO sector_name (sector_id, area, subject, locale) VALUES (347, 'ΦΙΛΟΣΟΦΙΑ ', 'ΦΙΛΟΣΟΦΟΙ', 'el');
INSERT INTO sector_name (sector_id, area, subject, locale) VALUES (348, 'ΦΙΛΟΣΟΦΙΑ ', 'ΚΥΝΙΣΜΟΣ', 'el');
INSERT INTO sector_name (sector_id, area, subject, locale) VALUES (349, 'ΦΙΛΟΣΟΦΙΑ ', 'ΝΕΟΠΛΑΤΩΝΙΣΜΟΣ', 'el');
INSERT INTO sector_name (sector_id, area, subject, locale) VALUES (350, 'ΦΙΛΟΣΟΦΙΑ ', 'ΠΥΘΑΓΟΡΑΣ ΚΑΙ ΠΥΘΑΓΟΡΕΙΑ ΣΧΟΛΗ', 'el');
INSERT INTO sector_name (sector_id, area, subject, locale) VALUES (351, 'ΦΙΛΟΣΟΦΙΑ ', 'ΣΚΕΠΤΙΚΙΣΤΕΣ', 'el');
INSERT INTO sector_name (sector_id, area, subject, locale) VALUES (352, 'ΦΙΛΟΣΟΦΙΑ ', 'ΣΟΦΙΣΤΕΣ', 'el');
INSERT INTO sector_name (sector_id, area, subject, locale) VALUES (353, 'ΦΙΛΟΣΟΦΙΑ ', 'ΣΤΩΙΚΟΙ', 'el');
INSERT INTO sector_name (sector_id, area, subject, locale) VALUES (354, 'ΦΙΛΟΣΟΦΙΑ ', 'ΡΩΜΑΪΚΗ ΦΙΛΟΣΟΦΙΑ', 'el');
INSERT INTO sector_name (sector_id, area, subject, locale) VALUES (355, 'ΦΙΛΟΣΟΦΙΑ ', 'ΜΕΣΑΙΩΝΙΚΗ ΦΙΛΟΣΟΦΙΑ', 'el');
INSERT INTO sector_name (sector_id, area, subject, locale) VALUES (356, 'ΦΙΛΟΣΟΦΙΑ ', 'ΜΟΝΤΕΡΝΑ ΦΙΛΟΣΟΦΙΑ', 'el');
INSERT INTO sector_name (sector_id, area, subject, locale) VALUES (357, 'ΦΙΛΟΣΟΦΙΑ ', 'ΙΝΔΙΚΗ ΦΙΛΟΣΟΦΙΑ', 'el');
INSERT INTO sector_name (sector_id, area, subject, locale) VALUES (358, 'ΦΙΛΟΣΟΦΙΑ ', 'ΚΙΝΕΖΙΚΗ ΦΙΛΟΣΟΦΙΑ', 'el');
INSERT INTO sector_name (sector_id, area, subject, locale) VALUES (359, 'ΦΙΛΟΣΟΦΙΑ ', 'ΦΙΛΟΣΟΦΙΑ ΤΗΣ ΨΥΧΟΛΟΓΙΑΣ', 'el');
INSERT INTO sector_name (sector_id, area, subject, locale) VALUES (360, 'ΦΙΛΟΣΟΦΙΑ ', 'ΦΙΛΟΣΟΦΙΑ ΤΟΥ ΝΟΥ', 'el');
INSERT INTO sector_name (sector_id, area, subject, locale) VALUES (361, 'ΦΙΛΟΣΟΦΙΑ ', 'ΦΙΛΟΣΟΦΙΑ ΤΟΥ ΔΙΚΑΙΟΥ', 'el');
INSERT INTO sector_name (sector_id, area, subject, locale) VALUES (362, 'ΦΙΛΟΣΟΦΙΑ ', 'ΦΙΛΟΣΟΦΙΑ ΤΗΣ ΦΥΣΙΚΗΣ', 'el');
INSERT INTO sector_name (sector_id, area, subject, locale) VALUES (363, 'ΦΙΛΟΣΟΦΙΑ ', 'ΦΙΛΟΣΟΦΙΚΑ ΚΙΝΗΜΑΤΑ', 'el');
INSERT INTO sector_name (sector_id, area, subject, locale) VALUES (364, 'ΦΙΛΟΣΟΦΙΑ ', 'ΦΙΛΟΣΟΦΙΚΕΣ ΣΧΟΛΕΣ', 'el');
INSERT INTO sector_name (sector_id, area, subject, locale) VALUES (365, 'ΦΙΛΟΣΟΦΙΑ ', 'ΚΟΣΜΟΛΟΓΙΑ', 'el');
INSERT INTO sector_name (sector_id, area, subject, locale) VALUES (366, 'ΦΙΛΟΣΟΦΙΑ ', 'ΜΕΤΑΦΥΣΙΚΗ', 'el');
INSERT INTO sector_name (sector_id, area, subject, locale) VALUES (367, 'ΦΙΛΟΣΟΦΙΑ ', 'ΟΝΤΟΛΟΓΙΑ', 'el');
INSERT INTO sector_name (sector_id, area, subject, locale) VALUES (368, 'ΦΙΛΟΣΟΦΙΑ ', 'AΛΛΕΣ ΕΙΔΙΚΟΤΗΤΕΣ ΤΗΣ ΦΙΛΟΣΟΦΙΑΣ', 'el');
INSERT INTO sector_name (sector_id, area, subject, locale) VALUES (369, 'ΘΕΟΛΟΓΙΑ ', 'ΓΕΝΙΚΗ ΘΕΟΛΟΓΙΑ', 'el');
INSERT INTO sector_name (sector_id, area, subject, locale) VALUES (370, 'ΘΕΟΛΟΓΙΑ ', 'ΣΥΣΤΗΜΑΤΙΚΗ ΘΕΟΛΟΓΙΑ', 'el');
INSERT INTO sector_name (sector_id, area, subject, locale) VALUES (371, 'ΘΕΟΛΟΓΙΑ ', 'ΒΙΒΛΟΣ', 'el');
INSERT INTO sector_name (sector_id, area, subject, locale) VALUES (372, 'ΘΕΟΛΟΓΙΑ ', 'ΚΑΙΝΗ ΔΙΑΘΗΚΗ', 'el');
INSERT INTO sector_name (sector_id, area, subject, locale) VALUES (373, 'ΘΕΟΛΟΓΙΑ ', 'ΠΑΛΑΙΑ ΔΙΑΘΗΚΗ', 'el');
INSERT INTO sector_name (sector_id, area, subject, locale) VALUES (374, 'ΘΕΟΛΟΓΙΑ ', 'ΑΠΟΦΑΤΙΚΗ ΘΕΟΛΟΓΙΑ', 'el');
INSERT INTO sector_name (sector_id, area, subject, locale) VALUES (375, 'ΘΕΟΛΟΓΙΑ ', 'ΑΠΕΛΕΥΘΕΡΩΤΙΚΗ ΘΕΟΛΟΓΙΑ', 'el');
INSERT INTO sector_name (sector_id, area, subject, locale) VALUES (376, 'ΘΕΟΛΟΓΙΑ ', 'ΒΙΒΛΙΚΗ ΘΕΟΛΟΓΙΑ', 'el');
INSERT INTO sector_name (sector_id, area, subject, locale) VALUES (377, 'ΘΕΟΛΟΓΙΑ ', 'ΔΟΓΜΑΤΙΚΗ ΘΕΟΛΟΓΙΑ', 'el');
INSERT INTO sector_name (sector_id, area, subject, locale) VALUES (378, 'ΘΕΟΛΟΓΙΑ ', 'ΕΡΜΗΝΕΥΤΙΚΗ ΘΕΟΛΟΓΙΑ', 'el');
INSERT INTO sector_name (sector_id, area, subject, locale) VALUES (379, 'ΘΕΟΛΟΓΙΑ ', 'ΗΘΙΚΗ ΘΕΟΛΟΓΙΑ', 'el');
INSERT INTO sector_name (sector_id, area, subject, locale) VALUES (380, 'ΘΕΟΛΟΓΙΑ ', 'ΘΕΟΛΟΓΙΑ ΤΗΣ ΛΑΤΡΕΙΑΣ', 'el');
INSERT INTO sector_name (sector_id, area, subject, locale) VALUES (381, 'ΘΕΟΛΟΓΙΑ ', 'ΘΕΟΛΟΓΙΑ ΚΑΙ ΤΕΧΝΕΣ', 'el');
INSERT INTO sector_name (sector_id, area, subject, locale) VALUES (382, 'ΘΕΟΛΟΓΙΑ ', 'ΘΕΟΛΟΓΙΑ ΤΗΣ ΟΙΚΟΛΟΓΙΑΣ/ΟΙΚΟΛΟΓΙΚΗ ΘΕΟΛΟΓΙΑ', 'el');
INSERT INTO sector_name (sector_id, area, subject, locale) VALUES (383, 'ΘΕΟΛΟΓΙΑ ', 'ΙΣΤΟΡΙΚΗ ΘΕΟΛΟΓΙΑ', 'el');
INSERT INTO sector_name (sector_id, area, subject, locale) VALUES (384, 'ΘΕΟΛΟΓΙΑ ', 'ΠΡΑΚΤΙΚΗ ΘΕΟΛΟΓΙΑ', 'el');
INSERT INTO sector_name (sector_id, area, subject, locale) VALUES (385, 'ΘΕΟΛΟΓΙΑ ', 'ΠΟΙΜΑΝΤΙΚΗ ΘΕΟΛΟΓΙΑ', 'el');
INSERT INTO sector_name (sector_id, area, subject, locale) VALUES (386, 'ΘΕΟΛΟΓΙΑ ', 'ΠΟΙΜΑΝΤΙΚΗ ΔΙΑΚΟΝΙΑ ΤΗΣ ΥΓΕΙΑΣ', 'el');
INSERT INTO sector_name (sector_id, area, subject, locale) VALUES (387, 'ΘΕΟΛΟΓΙΑ ', 'ΦΥΣΙΚΗ ΘΕΟΛΟΓΙΑ', 'el');
INSERT INTO sector_name (sector_id, area, subject, locale) VALUES (388, 'ΘΕΟΛΟΓΙΑ ', 'ΦΟΝΤΑΜΕΝΤΑΛΙΣΤΙΚΗ ΘΕΟΛΟΓΙΑ', 'el');
INSERT INTO sector_name (sector_id, area, subject, locale) VALUES (389, 'ΘΕΟΛΟΓΙΑ ', 'ΟΡΘΟΔΟΞΗ ΘΕΟΛΟΓΙΑ', 'el');
INSERT INTO sector_name (sector_id, area, subject, locale) VALUES (390, 'ΘΕΟΛΟΓΙΑ ', 'ΧΡΙΣΤΙΑΝΙΚΗ ΘΕΟΛΟΓΙΑ', 'el');
INSERT INTO sector_name (sector_id, area, subject, locale) VALUES (391, 'ΘΕΟΛΟΓΙΑ ', 'ΙΣΛΑΜΙΚΗ ΘΕΟΛΟΓΙΑ', 'el');
INSERT INTO sector_name (sector_id, area, subject, locale) VALUES (392, 'ΘΕΟΛΟΓΙΑ ', 'ΠΡΟΤΕΣΤΑΝΤΙΚΗ ΘΕΟΛΟΓΙΑ', 'el');
INSERT INTO sector_name (sector_id, area, subject, locale) VALUES (393, 'ΘΕΟΛΟΓΙΑ ', 'ΡΩΜΑΙΟΚΑΘΟΛΙΚΗ ΘΕΟΛΟΓΙΑ', 'el');
INSERT INTO sector_name (sector_id, area, subject, locale) VALUES (394, 'ΘΕΟΛΟΓΙΑ ', 'ΘΕΟΛΟΓΙΑ ΤΩΝ ΘΡΗΣΚΕΙΩΝ', 'el');
INSERT INTO sector_name (sector_id, area, subject, locale) VALUES (395, 'ΘΕΟΛΟΓΙΑ ', 'ΑΘΕΪΣΜΟΣ', 'el');
INSERT INTO sector_name (sector_id, area, subject, locale) VALUES (396, 'ΘΕΟΛΟΓΙΑ ', 'ΧΡΙΣΤΙΑΝΙΣΜΟΣ', 'el');
INSERT INTO sector_name (sector_id, area, subject, locale) VALUES (397, 'ΘΕΟΛΟΓΙΑ ', 'ΚΑΘΟΛΙΚΗ ΕΚΚΛΗΣΙΑ', 'el');
INSERT INTO sector_name (sector_id, area, subject, locale) VALUES (398, 'ΘΕΟΛΟΓΙΑ ', 'ΑΓΙΟΛΟΓΙΑ', 'el');
INSERT INTO sector_name (sector_id, area, subject, locale) VALUES (399, 'ΘΕΟΛΟΓΙΑ ', 'ΠΑΤΕΡΕΣ ΤΗΣ ΕΚΚΛΗΣΙΑΣ', 'el');
INSERT INTO sector_name (sector_id, area, subject, locale) VALUES (400, 'ΘΕΟΛΟΓΙΑ ', 'ΘΕΟΤΟΚΟΣ', 'el');
INSERT INTO sector_name (sector_id, area, subject, locale) VALUES (401, 'ΘΕΟΛΟΓΙΑ ', 'ΕΚΚΛΗΣΙΑ', 'el');
INSERT INTO sector_name (sector_id, area, subject, locale) VALUES (402, 'ΘΕΟΛΟΓΙΑ ', 'ΕΚΚΛΗΣΙΑΣΤΙΚΗ ΓΡΑΜΜΑΤΟΛΟΓΙΑ', 'el');
INSERT INTO sector_name (sector_id, area, subject, locale) VALUES (403, 'ΘΕΟΛΟΓΙΑ ', 'ΕΚΚΛΗΣΙΟΛΟΓΙΑ', 'el');
INSERT INTO sector_name (sector_id, area, subject, locale) VALUES (404, 'ΘΕΟΛΟΓΙΑ ', 'ΕΚΚΛΗΣΙΑΣΤΙΚΗ ΙΣΤΟΡΙΑ', 'el');
INSERT INTO sector_name (sector_id, area, subject, locale) VALUES (405, 'ΘΕΟΛΟΓΙΑ ', 'ΙΣΤΟΡΙΑ ΤΩΝ ΔΟΓΜΑΤΩΝ', 'el');
INSERT INTO sector_name (sector_id, area, subject, locale) VALUES (406, 'ΘΕΟΛΟΓΙΑ ', 'ΘΡΗΣΚΕΙΟΛΟΓΙΑ', 'el');
INSERT INTO sector_name (sector_id, area, subject, locale) VALUES (407, 'ΘΕΟΛΟΓΙΑ ', 'ΘΡΗΣΚΕΥΤΙΚΕΣ ΤΕΛΕΤΕΣ', 'el');
INSERT INTO sector_name (sector_id, area, subject, locale) VALUES (408, 'ΘΕΟΛΟΓΙΑ ', 'ΘΡΗΣΚΕΥΤΙΚΗ ΑΓΩΓΗ', 'el');
INSERT INTO sector_name (sector_id, area, subject, locale) VALUES (409, 'ΘΕΟΛΟΓΙΑ ', 'ΘΡΗΣΚΕΥΤΙΚΟΙ ΘΕΣΜΟΙ', 'el');
INSERT INTO sector_name (sector_id, area, subject, locale) VALUES (410, 'ΘΕΟΛΟΓΙΑ ', 'ΑΙΡΕΣΕΙΣ', 'el');
INSERT INTO sector_name (sector_id, area, subject, locale) VALUES (411, 'ΘΕΟΛΟΓΙΑ ', 'ΙΕΡΑΠΟΣΤΟΛΙΚΗ', 'el');
INSERT INTO sector_name (sector_id, area, subject, locale) VALUES (412, 'ΘΕΟΛΟΓΙΑ ', 'ΕΞΟΜΟΛΟΓΗΤΙΚΗ', 'el');
INSERT INTO sector_name (sector_id, area, subject, locale) VALUES (413, 'ΘΕΟΛΟΓΙΑ ', 'ΛΕΙΤΟΥΡΓΙΚΗ', 'el');
INSERT INTO sector_name (sector_id, area, subject, locale) VALUES (414, 'ΘΕΟΛΟΓΙΑ ', 'ΚΑΤΗΧΗΤΙΚΗ', 'el');
INSERT INTO sector_name (sector_id, area, subject, locale) VALUES (415, 'ΘΕΟΛΟΓΙΑ ', 'ΑΠΟΛΟΓΗΤΙΚΗ', 'el');
INSERT INTO sector_name (sector_id, area, subject, locale) VALUES (416, 'ΘΕΟΛΟΓΙΑ ', 'AΛΛΕΣ ΘΕΟΛΟΓΙΚΕΣ ΕΙΔΙΚΟΤΗΤΕΣ ', 'el');
INSERT INTO sector_name (sector_id, area, subject, locale) VALUES (1, 'LOGIC ', 'GENERAL LOGIC', 'en');
INSERT INTO sector_name (sector_id, area, subject, locale) VALUES (2, 'LOGIC ', 'DEDUCTIVE LOGIC', 'en');
INSERT INTO sector_name (sector_id, area, subject, locale) VALUES (3, 'LOGIC ', 'MATHEMATICAL (SYMBOLIC) LOGIC', 'en');
INSERT INTO sector_name (sector_id, area, subject, locale) VALUES (4, 'LOGIC ', 'INDUCTIVE LOGIC', 'en');
INSERT INTO sector_name (sector_id, area, subject, locale) VALUES (5, 'LOGIC ', 'DIGITAL LOGIC', 'en');
INSERT INTO sector_name (sector_id, area, subject, locale) VALUES (6, 'LOGIC ', 'PHILOSOPHICAL LOGIC', 'en');
INSERT INTO sector_name (sector_id, area, subject, locale) VALUES (7, 'LOGIC ', 'OTHER SPECIALTIES OF LOGIC', 'en');
INSERT INTO sector_name (sector_id, area, subject, locale) VALUES (8, 'MATHEMATICS', 'HISTORY AND BIOGRAPHY', 'en');
INSERT INTO sector_name (sector_id, area, subject, locale) VALUES (9, 'MATHEMATICS', 'MATHEMATICAL LOGIC AND FOUNDATIONS', 'en');
INSERT INTO sector_name (sector_id, area, subject, locale) VALUES (10, 'MATHEMATICS', 'COMBINATORICS', 'en');
INSERT INTO sector_name (sector_id, area, subject, locale) VALUES (11, 'MATHEMATICS', 'ORDER, LATTICES, ORDERED ALGEBRAIC STRUCTURES', 'en');
INSERT INTO sector_name (sector_id, area, subject, locale) VALUES (12, 'MATHEMATICS', 'GENERAL ALGEBRAIC SYSTEMS', 'en');
INSERT INTO sector_name (sector_id, area, subject, locale) VALUES (13, 'MATHEMATICS', 'NUMBER THEORY', 'en');
INSERT INTO sector_name (sector_id, area, subject, locale) VALUES (14, 'MATHEMATICS', 'FIELD THEORY AND POLYNOMIALS', 'en');
INSERT INTO sector_name (sector_id, area, subject, locale) VALUES (15, 'MATHEMATICS', 'COMMUTATIVE ALGEBRA ', 'en');
INSERT INTO sector_name (sector_id, area, subject, locale) VALUES (16, 'MATHEMATICS', 'ALGEBRAIC GEOMETRY', 'en');
INSERT INTO sector_name (sector_id, area, subject, locale) VALUES (17, 'MATHEMATICS', 'LINEAR AND MULTILINEAR ALGEBRA; MATRIX THEORY ', 'en');
INSERT INTO sector_name (sector_id, area, subject, locale) VALUES (18, 'MATHEMATICS', 'ASSOCIATIVE RINGS AND ALGEBRAS ', 'en');
INSERT INTO sector_name (sector_id, area, subject, locale) VALUES (19, 'MATHEMATICS', 'NONASSOCIATIVE RINGS AND ALGEBRAS', 'en');
INSERT INTO sector_name (sector_id, area, subject, locale) VALUES (20, 'MATHEMATICS', 'CATEGORY THEORY; HOMOLOGICAL ALGEBRA', 'en');
INSERT INTO sector_name (sector_id, area, subject, locale) VALUES (21, 'MATHEMATICS', 'K-THEORY', 'en');
INSERT INTO sector_name (sector_id, area, subject, locale) VALUES (22, 'MATHEMATICS', 'GROUP THEORY AND GENERALIZATIONS ', 'en');
INSERT INTO sector_name (sector_id, area, subject, locale) VALUES (23, 'MATHEMATICS', 'TOPOLOGICAL GROUPS, LIE GROUPS', 'en');
INSERT INTO sector_name (sector_id, area, subject, locale) VALUES (24, 'MATHEMATICS', 'REAL FUNCTIONS ', 'en');
INSERT INTO sector_name (sector_id, area, subject, locale) VALUES (25, 'MATHEMATICS', 'MEASURE AND INTEGRATION', 'en');
INSERT INTO sector_name (sector_id, area, subject, locale) VALUES (26, 'MATHEMATICS', 'FUNCTIONS OF A COMPLEX VARIABLE', 'en');
INSERT INTO sector_name (sector_id, area, subject, locale) VALUES (27, 'MATHEMATICS', 'POTENTIAL THEORY', 'en');
INSERT INTO sector_name (sector_id, area, subject, locale) VALUES (28, 'MATHEMATICS', 'EVERAL COMPLEX VARIABLES AND ANALYTIC SPACES ', 'en');
INSERT INTO sector_name (sector_id, area, subject, locale) VALUES (29, 'MATHEMATICS', 'ORDINARY DIFFERENTIAL EQUATIONS ', 'en');
INSERT INTO sector_name (sector_id, area, subject, locale) VALUES (30, 'MATHEMATICS', 'PARTIAL DIFFERENTIAL EQUATIONS', 'en');
INSERT INTO sector_name (sector_id, area, subject, locale) VALUES (31, 'MATHEMATICS', 'DIFFERENCE EQUATIONS', 'en');
INSERT INTO sector_name (sector_id, area, subject, locale) VALUES (32, 'MATHEMATICS', 'HARMONIC ANALYSIS ON EUCLIDEAN SPACES ', 'en');
INSERT INTO sector_name (sector_id, area, subject, locale) VALUES (33, 'MATHEMATICS', 'INTEGRAL EQUATIONS ', 'en');
INSERT INTO sector_name (sector_id, area, subject, locale) VALUES (34, 'MATHEMATICS', 'FUNCTIONAL ANALYSIS', 'en');
INSERT INTO sector_name (sector_id, area, subject, locale) VALUES (35, 'MATHEMATICS', 'OPERATOR THEORY', 'en');
INSERT INTO sector_name (sector_id, area, subject, locale) VALUES (36, 'MATHEMATICS', 'CALCULUS OF VARIATIONS AND OPTIMAL CONTROL; OPTIMIZATION ', 'en');
INSERT INTO sector_name (sector_id, area, subject, locale) VALUES (37, 'MATHEMATICS', 'GEOMETRY', 'en');
INSERT INTO sector_name (sector_id, area, subject, locale) VALUES (38, 'MATHEMATICS', 'CONVEX AND DISCRETE GEOMETRY', 'en');
INSERT INTO sector_name (sector_id, area, subject, locale) VALUES (39, 'MATHEMATICS', 'DIFFERENTIAL GEOMETRY', 'en');
INSERT INTO sector_name (sector_id, area, subject, locale) VALUES (40, 'MATHEMATICS', 'GENERAL TOPOLOGY ', 'en');
INSERT INTO sector_name (sector_id, area, subject, locale) VALUES (41, 'MATHEMATICS', 'ALGEBRAIC TOPOLOGY ', 'en');
INSERT INTO sector_name (sector_id, area, subject, locale) VALUES (42, 'MATHEMATICS', 'PROBABILITY THEORY AND STOCHASTIC PROCESSES', 'en');
INSERT INTO sector_name (sector_id, area, subject, locale) VALUES (43, 'MATHEMATICS', 'STATISTICS ', 'en');
INSERT INTO sector_name (sector_id, area, subject, locale) VALUES (44, 'MATHEMATICS', 'NUMERICAL ANALYSIS ', 'en');
INSERT INTO sector_name (sector_id, area, subject, locale) VALUES (45, 'MATHEMATICS', 'OPERATIONS RESEARCH, MATHEMATICAL PROGRAMMING', 'en');
INSERT INTO sector_name (sector_id, area, subject, locale) VALUES (46, 'MATHEMATICS', 'MATHEMATICS EDUCATION', 'en');
INSERT INTO sector_name (sector_id, area, subject, locale) VALUES (47, 'MATHEMATICS', 'OTHER MATHEMATICAL SPECIALTIES', 'en');
INSERT INTO sector_name (sector_id, area, subject, locale) VALUES (48, 'COMPUTER SCIENCE', 'THEORETICAL COMPUTER SCIENCE', 'en');
INSERT INTO sector_name (sector_id, area, subject, locale) VALUES (49, 'COMPUTER SCIENCE', 'SOFTWARE', 'en');
INSERT INTO sector_name (sector_id, area, subject, locale) VALUES (50, 'COMPUTER SCIENCE', 'HARDWARE - COMPUTER TECHNOLOGIES', 'en');
INSERT INTO sector_name (sector_id, area, subject, locale) VALUES (51, 'COMPUTER SCIENCE', 'SYSTEMS', 'en');
INSERT INTO sector_name (sector_id, area, subject, locale) VALUES (52, 'COMPUTER SCIENCE', 'ARTIFICIAL INTELLIGENCE', 'en');
INSERT INTO sector_name (sector_id, area, subject, locale) VALUES (53, 'COMPUTER SCIENCE', 'OTHER COMPUTER SCIENCE SPECIALTIES', 'en');
INSERT INTO sector_name (sector_id, area, subject, locale) VALUES (54, 'ASTRONOMY AND ASTROPHYSICS', 'FUNDAMENTAL ASTRONOMY AND ASTROPHYSICS', 'en');
INSERT INTO sector_name (sector_id, area, subject, locale) VALUES (55, 'ASTRONOMY AND ASTROPHYSICS', 'COSMOLOGY AND DARK MATTER ', 'en');
INSERT INTO sector_name (sector_id, area, subject, locale) VALUES (56, 'ASTRONOMY AND ASTROPHYSICS', 'GALAXY GROUPS, CLUSTERS, AND SUPERCLUSTERS; STRUCTURE OF THE UNIVERSE', 'en');
INSERT INTO sector_name (sector_id, area, subject, locale) VALUES (57, 'ASTRONOMY AND ASTROPHYSICS', 'GALACTIC STRUCTURE, STELLAR CLUSTERS AND POPULATIONS', 'en');
INSERT INTO sector_name (sector_id, area, subject, locale) VALUES (58, 'ASTRONOMY AND ASTROPHYSICS', 'INTERSTELLAR MATTER, STELLAR STRUCTURE AND EVOLUTION', 'en');
INSERT INTO sector_name (sector_id, area, subject, locale) VALUES (59, 'ASTRONOMY AND ASTROPHYSICS', 'SOLAR PHYSICS, PLANETS AND PLANETARY SYSTEMS', 'en');
INSERT INTO sector_name (sector_id, area, subject, locale) VALUES (60, 'ASTRONOMY AND ASTROPHYSICS', 'ASTRONOMICAL AND SPACE-RESEARCH INSTRUMENTATION', 'en');
INSERT INTO sector_name (sector_id, area, subject, locale) VALUES (61, 'ASTRONOMY AND ASTROPHYSICS', 'OTHER ASTRONOMICAL SPECIALTIES', 'en');
INSERT INTO sector_name (sector_id, area, subject, locale) VALUES (62, 'PHYSICS', 'GENERAL PHYSICS', 'en');
INSERT INTO sector_name (sector_id, area, subject, locale) VALUES (63, 'PHYSICS', 'THE PHYSICS OF ELEMENTARY PARTICLES AND FIELDS', 'en');
INSERT INTO sector_name (sector_id, area, subject, locale) VALUES (64, 'PHYSICS', 'NUCLEAR PHYSICS', 'en');
INSERT INTO sector_name (sector_id, area, subject, locale) VALUES (65, 'PHYSICS', 'ATOMIC AND MOLECULAR PHYSICS', 'en');
INSERT INTO sector_name (sector_id, area, subject, locale) VALUES (66, 'PHYSICS', 'ELECTROMAGNETISM ', 'en');
INSERT INTO sector_name (sector_id, area, subject, locale) VALUES (67, 'PHYSICS', 'OPTICS', 'en');
INSERT INTO sector_name (sector_id, area, subject, locale) VALUES (68, 'PHYSICS', 'ACOUSTICS', 'en');
INSERT INTO sector_name (sector_id, area, subject, locale) VALUES (69, 'PHYSICS', 'MECHANICS', 'en');
INSERT INTO sector_name (sector_id, area, subject, locale) VALUES (70, 'PHYSICS', 'FLUID DYNAMICS', 'en');
INSERT INTO sector_name (sector_id, area, subject, locale) VALUES (71, 'PHYSICS', 'PHYSICS OF PLASMAS ', 'en');
INSERT INTO sector_name (sector_id, area, subject, locale) VALUES (72, 'PHYSICS', 'CONDENSED MATTER AND SOLID STATE PHYSICS', 'en');
INSERT INTO sector_name (sector_id, area, subject, locale) VALUES (73, 'PHYSICS', 'ELECTRONIC PHYSICS AND RELATED AREAS OF SCIENCE', 'en');
INSERT INTO sector_name (sector_id, area, subject, locale) VALUES (74, 'PHYSICS', 'INDERDISCIPLINARY AREAS OF PHYSICS ', 'en');
INSERT INTO sector_name (sector_id, area, subject, locale) VALUES (75, 'PHYSICS', 'GEOPHYSICS AND ENVIRONMENTAL PHYSICS', 'en');
INSERT INTO sector_name (sector_id, area, subject, locale) VALUES (76, 'PHYSICS', 'OTHER PHYSICAL SCIENCE SPECIALTIES', 'en');
INSERT INTO sector_name (sector_id, area, subject, locale) VALUES (77, 'CHEMISTRY', 'ANALYTICAL CHEMISTRY', 'en');
INSERT INTO sector_name (sector_id, area, subject, locale) VALUES (78, 'CHEMISTRY', 'INORGANIC CHEMISTRY', 'en');
INSERT INTO sector_name (sector_id, area, subject, locale) VALUES (79, 'CHEMISTRY', 'BIOCHEMISTRY', 'en');
INSERT INTO sector_name (sector_id, area, subject, locale) VALUES (80, 'CHEMISTRY', ' MACROMOLECULAR CHEMISTRY', 'en');
INSERT INTO sector_name (sector_id, area, subject, locale) VALUES (81, 'CHEMISTRY', 'ORGANIC CHEMISTRY', 'en');
INSERT INTO sector_name (sector_id, area, subject, locale) VALUES (82, 'CHEMISTRY', 'NUCLEAR CHEMISTRY', 'en');
INSERT INTO sector_name (sector_id, area, subject, locale) VALUES (83, 'CHEMISTRY', 'CLINICAL CHEMISTRY', 'en');
INSERT INTO sector_name (sector_id, area, subject, locale) VALUES (84, 'CHEMISTRY', 'ENVIRONMENTAL CHEMISTRY', 'en');
INSERT INTO sector_name (sector_id, area, subject, locale) VALUES (85, 'CHEMISTRY', 'DIDACTICS OF CHEMISTRY', 'en');
INSERT INTO sector_name (sector_id, area, subject, locale) VALUES (86, 'CHEMISTRY', 'FOOD CHEMISTRY', 'en');
INSERT INTO sector_name (sector_id, area, subject, locale) VALUES (87, 'CHEMISTRY', 'PHYSICAL CHEMISTRY', 'en');
INSERT INTO sector_name (sector_id, area, subject, locale) VALUES (88, 'CHEMISTRY', 'ΟTHER CHEMICAL SCIENCE SPECIALTIES', 'en');
INSERT INTO sector_name (sector_id, area, subject, locale) VALUES (89, 'LIFE SCIENCES ', 'PHYSICAL ANTHROPOLOGY', 'en');
INSERT INTO sector_name (sector_id, area, subject, locale) VALUES (90, 'LIFE SCIENCES ', 'BIOMATHEMATICS', 'en');
INSERT INTO sector_name (sector_id, area, subject, locale) VALUES (91, 'LIFE SCIENCES ', 'BIOSCIENCES', 'en');
INSERT INTO sector_name (sector_id, area, subject, locale) VALUES (92, 'LIFE SCIENCES ', 'CELL BIOLOGY ', 'en');
INSERT INTO sector_name (sector_id, area, subject, locale) VALUES (93, 'LIFE SCIENCES ', 'GENETICS', 'en');
INSERT INTO sector_name (sector_id, area, subject, locale) VALUES (94, 'LIFE SCIENCES ', 'HUMAN PHYSIOLOGY', 'en');
INSERT INTO sector_name (sector_id, area, subject, locale) VALUES (95, 'LIFE SCIENCES ', 'IMMUNOLOGY', 'en');
INSERT INTO sector_name (sector_id, area, subject, locale) VALUES (96, 'LIFE SCIENCES ', 'MICROBIOLOGY', 'en');
INSERT INTO sector_name (sector_id, area, subject, locale) VALUES (97, 'LIFE SCIENCES ', 'MOLECULAR BIOLOGY', 'en');
INSERT INTO sector_name (sector_id, area, subject, locale) VALUES (98, 'LIFE SCIENCES ', 'RADIOBIOLOGY', 'en');
INSERT INTO sector_name (sector_id, area, subject, locale) VALUES (99, 'LIFE SCIENCES ', 'VIROLOGY', 'en');
INSERT INTO sector_name (sector_id, area, subject, locale) VALUES (100, 'LIFE SCIENCES ', 'AQUATIC/MARINE BIOLOGY', 'en');
INSERT INTO sector_name (sector_id, area, subject, locale) VALUES (101, 'LIFE SCIENCES ', 'BOTANY/PLANT BIOLOGY', 'en');
INSERT INTO sector_name (sector_id, area, subject, locale) VALUES (102, 'LIFE SCIENCES ', 'ZOOLOGY/ANIMAL BIOLOGY', 'en');
INSERT INTO sector_name (sector_id, area, subject, locale) VALUES (103, 'LIFE SCIENCES ', 'ENTOMOLOGY/INSECT BIOLOGY', 'en');
INSERT INTO sector_name (sector_id, area, subject, locale) VALUES (104, 'LIFE SCIENCES ', 'SPORT AND ATHLETIC SCIENCE/PHYSICAL EDUCATION AND SPORT SCIENCE', 'en');
INSERT INTO sector_name (sector_id, area, subject, locale) VALUES (105, 'LIFE SCIENCES ', 'ECOLOGY', 'en');
INSERT INTO sector_name (sector_id, area, subject, locale) VALUES (106, 'LIFE SCIENCES ', 'OTHER LIFE SCIENCE SPECIALTIES', 'en');
INSERT INTO sector_name (sector_id, area, subject, locale) VALUES (107, 'EARTH AND SPACE SCIENCES', 'GEOGRAPHY', 'en');
INSERT INTO sector_name (sector_id, area, subject, locale) VALUES (108, 'EARTH AND SPACE SCIENCES', 'GENERAL GEOLOGY', 'en');
INSERT INTO sector_name (sector_id, area, subject, locale) VALUES (109, 'EARTH AND SPACE SCIENCES', 'EARTH MATERIALS', 'en');
INSERT INTO sector_name (sector_id, area, subject, locale) VALUES (110, 'EARTH AND SPACE SCIENCES', 'ΤECTONIC GEOLOGY', 'en');
INSERT INTO sector_name (sector_id, area, subject, locale) VALUES (111, 'EARTH AND SPACE SCIENCES', 'PALAEONTOLOGY', 'en');
INSERT INTO sector_name (sector_id, area, subject, locale) VALUES (112, 'EARTH AND SPACE SCIENCES', 'GEOPHYSICS', 'en');
INSERT INTO sector_name (sector_id, area, subject, locale) VALUES (113, 'EARTH AND SPACE SCIENCES', 'GEOCHEMISTRY', 'en');
INSERT INTO sector_name (sector_id, area, subject, locale) VALUES (114, 'EARTH AND SPACE SCIENCES', 'HYDRO(GEO)LOGY', 'en');
INSERT INTO sector_name (sector_id, area, subject, locale) VALUES (115, 'EARTH AND SPACE SCIENCES', 'ENGINEERING GEOLOGY', 'en');
INSERT INTO sector_name (sector_id, area, subject, locale) VALUES (116, 'EARTH AND SPACE SCIENCES', 'OCEANOGRAPHY', 'en');
INSERT INTO sector_name (sector_id, area, subject, locale) VALUES (117, 'EARTH AND SPACE SCIENCES', 'CLIMATOLOGY', 'en');
INSERT INTO sector_name (sector_id, area, subject, locale) VALUES (118, 'EARTH AND SPACE SCIENCES', 'METEOROLOGY', 'en');
INSERT INTO sector_name (sector_id, area, subject, locale) VALUES (119, 'EARTH AND SPACE SCIENCES', 'OTHER EARTH AND SPACE SCIENCE SPECIALTIES', 'en');
INSERT INTO sector_name (sector_id, area, subject, locale) VALUES (120, 'AGRICULTURAL SCIENCES', 'SOIL SCIENCE', 'en');
INSERT INTO sector_name (sector_id, area, subject, locale) VALUES (121, 'AGRICULTURAL SCIENCES', 'AGRICULTURAL CHEMISTRY/CHEMURGY', 'en');
INSERT INTO sector_name (sector_id, area, subject, locale) VALUES (122, 'AGRICULTURAL SCIENCES', 'AGRICULTURAL ENGINEERING', 'en');
INSERT INTO sector_name (sector_id, area, subject, locale) VALUES (123, 'AGRICULTURAL SCIENCES', 'CROP (PRODUCTION) SCIENCE', 'en');
INSERT INTO sector_name (sector_id, area, subject, locale) VALUES (124, 'AGRICULTURAL SCIENCES', 'PLANT PATHOLOGY/PLANT DISEASES            ', 'en');
INSERT INTO sector_name (sector_id, area, subject, locale) VALUES (125, 'AGRICULTURAL SCIENCES', 'VETERINARY MEDICINE', 'en');
INSERT INTO sector_name (sector_id, area, subject, locale) VALUES (126, 'AGRICULTURAL SCIENCES', 'ANIMAL PRODUCTION (SCIENCE)', 'en');
INSERT INTO sector_name (sector_id, area, subject, locale) VALUES (127, 'AGRICULTURAL SCIENCES', 'ICHTHYOLOGY', 'en');
INSERT INTO sector_name (sector_id, area, subject, locale) VALUES (128, 'AGRICULTURAL SCIENCES', 'AGRICULTURAL ECONOMICS & RURAL DEVELOPMENT', 'en');
INSERT INTO sector_name (sector_id, area, subject, locale) VALUES (129, 'AGRICULTURAL SCIENCES', 'FORESTRY', 'en');
INSERT INTO sector_name (sector_id, area, subject, locale) VALUES (130, 'AGRICULTURAL SCIENCES', 'MOUNTAINOUS WATER MANAGEMENT', 'en');
INSERT INTO sector_name (sector_id, area, subject, locale) VALUES (131, 'AGRICULTURAL SCIENCES', 'PASTURE', 'en');
INSERT INTO sector_name (sector_id, area, subject, locale) VALUES (132, 'AGRICULTURAL SCIENCES', 'PESTICIDE SCIENCE', 'en');
INSERT INTO sector_name (sector_id, area, subject, locale) VALUES (133, 'AGRICULTURAL SCIENCES', 'ΟTHER AGRICULTURAL SPECIALTIES ', 'en');
INSERT INTO sector_name (sector_id, area, subject, locale) VALUES (134, 'MEDICAL SCIENCES', 'CLINICAL MEDICINE', 'en');
INSERT INTO sector_name (sector_id, area, subject, locale) VALUES (135, 'MEDICAL SCIENCES', 'EPIDEMIOLOGY', 'en');
INSERT INTO sector_name (sector_id, area, subject, locale) VALUES (136, 'MEDICAL SCIENCES', 'OCCUPATIONAL MEDICINE', 'en');
INSERT INTO sector_name (sector_id, area, subject, locale) VALUES (137, 'MEDICAL SCIENCES', 'NUCLEAR MEDICINE', 'en');
INSERT INTO sector_name (sector_id, area, subject, locale) VALUES (138, 'MEDICAL SCIENCES', 'INTERNAL MEDΙCINE', 'en');
INSERT INTO sector_name (sector_id, area, subject, locale) VALUES (139, 'MEDICAL SCIENCES', 'NUTRITION SCIENCES', 'en');
INSERT INTO sector_name (sector_id, area, subject, locale) VALUES (140, 'MEDICAL SCIENCES', 'PATHOLOGY', 'en');
INSERT INTO sector_name (sector_id, area, subject, locale) VALUES (141, 'MEDICAL SCIENCES', 'PHARMACY', 'en');
INSERT INTO sector_name (sector_id, area, subject, locale) VALUES (142, 'MEDICAL SCIENCES', 'PHARMACOLOGY', 'en');
INSERT INTO sector_name (sector_id, area, subject, locale) VALUES (143, 'MEDICAL SCIENCES', 'PREVENTIVE MEDICINE', 'en');
INSERT INTO sector_name (sector_id, area, subject, locale) VALUES (144, 'MEDICAL SCIENCES', 'PSYCHIATRY', 'en');
INSERT INTO sector_name (sector_id, area, subject, locale) VALUES (145, 'MEDICAL SCIENCES', 'PUBLIC HEALTH', 'en');
INSERT INTO sector_name (sector_id, area, subject, locale) VALUES (146, 'MEDICAL SCIENCES', 'SURGERY', 'en');
INSERT INTO sector_name (sector_id, area, subject, locale) VALUES (147, 'MEDICAL SCIENCES', 'TOXICOLOGY', 'en');
INSERT INTO sector_name (sector_id, area, subject, locale) VALUES (148, 'MEDICAL SCIENCES', 'DENTISTRY', 'en');
INSERT INTO sector_name (sector_id, area, subject, locale) VALUES (149, 'MEDICAL SCIENCES', 'OTHER MEDICAL SPECIALTIES', 'en');
INSERT INTO sector_name (sector_id, area, subject, locale) VALUES (150, 'TECHNOLOGICAL SCIENCES AND ENGINEERING', 'AIRCRAFT TECHNOLOGY AND ENGINEERING ', 'en');
INSERT INTO sector_name (sector_id, area, subject, locale) VALUES (151, 'TECHNOLOGICAL SCIENCES AND ENGINEERING', 'BIOCHEMICAL TECHNOLOGY AND ENGINEERING-BIOTECHNOLOGY', 'en');
INSERT INTO sector_name (sector_id, area, subject, locale) VALUES (152, 'TECHNOLOGICAL SCIENCES AND ENGINEERING', 'CHEMICAL TECHNOLOGY AND ENGINEERING', 'en');
INSERT INTO sector_name (sector_id, area, subject, locale) VALUES (153, 'TECHNOLOGICAL SCIENCES AND ENGINEERING', 'FUELS TECHNOLOGY AND ENGINEERING', 'en');
INSERT INTO sector_name (sector_id, area, subject, locale) VALUES (154, 'TECHNOLOGICAL SCIENCES AND ENGINEERING', 'CONSTRUCTION TECHNOLOGY AND ENGINEERING', 'en');
INSERT INTO sector_name (sector_id, area, subject, locale) VALUES (155, 'TECHNOLOGICAL SCIENCES AND ENGINEERING', 'ELECTRICAL, ENERGY TECHNOLOGY AND ENGINEERING', 'en');
INSERT INTO sector_name (sector_id, area, subject, locale) VALUES (156, 'TECHNOLOGICAL SCIENCES AND ENGINEERING', 'ELECTRONICS TECHNOLOGY AND ENGINEERING', 'en');
INSERT INTO sector_name (sector_id, area, subject, locale) VALUES (157, 'TECHNOLOGICAL SCIENCES AND ENGINEERING', 'TELECOMMUNICATIONS ENGINEERING AND TECHNOLOGY', 'en');
INSERT INTO sector_name (sector_id, area, subject, locale) VALUES (158, 'TECHNOLOGICAL SCIENCES AND ENGINEERING', 'ENVIRONMENTAL TECHNOLOGY AND ENGINEERING', 'en');
INSERT INTO sector_name (sector_id, area, subject, locale) VALUES (159, 'TECHNOLOGICAL SCIENCES AND ENGINEERING', 'FOOD TECHNOLOGY AND ENGINEERING', 'en');
INSERT INTO sector_name (sector_id, area, subject, locale) VALUES (160, 'TECHNOLOGICAL SCIENCES AND ENGINEERING', 'INDUSTRIAL TECHNOLOGY AND ENGINEERING', 'en');
INSERT INTO sector_name (sector_id, area, subject, locale) VALUES (161, 'TECHNOLOGICAL SCIENCES AND ENGINEERING', 'INSTRUMENTATION TECHNOLOGY AND ENGINEERING', 'en');
INSERT INTO sector_name (sector_id, area, subject, locale) VALUES (162, 'TECHNOLOGICAL SCIENCES AND ENGINEERING', ' MATERIALS TECHNOLOGY AND ENGINEERING', 'en');
INSERT INTO sector_name (sector_id, area, subject, locale) VALUES (163, 'TECHNOLOGICAL SCIENCES AND ENGINEERING', 'MECHANICAL ENGINEERING AND TECHNOLOGY', 'en');
INSERT INTO sector_name (sector_id, area, subject, locale) VALUES (164, 'TECHNOLOGICAL SCIENCES AND ENGINEERING', 'MEDICAL ENGINEERING AND TECHNOLOGY', 'en');
INSERT INTO sector_name (sector_id, area, subject, locale) VALUES (165, 'TECHNOLOGICAL SCIENCES AND ENGINEERING', 'MINING AND METALLURGICAL TECHNOLOGY AND ENGINEERING', 'en');
INSERT INTO sector_name (sector_id, area, subject, locale) VALUES (166, 'TECHNOLOGICAL SCIENCES AND ENGINEERING', 'METAL PRODUCTS TECHNOLOGY AND ENGINEERING', 'en');
INSERT INTO sector_name (sector_id, area, subject, locale) VALUES (167, 'TECHNOLOGICAL SCIENCES AND ENGINEERING', 'TRANSPORTATIONS AND TRANSPORTATION SYSTEMS TECHNOLOGY ', 'en');
INSERT INTO sector_name (sector_id, area, subject, locale) VALUES (168, 'TECHNOLOGICAL SCIENCES AND ENGINEERING', 'NAVAL TECHNOLOGY', 'en');
INSERT INTO sector_name (sector_id, area, subject, locale) VALUES (169, 'TECHNOLOGICAL SCIENCES AND ENGINEERING', 'TEXTILE TECHNOLOGY AND ENGINEERING                              ', 'en');
INSERT INTO sector_name (sector_id, area, subject, locale) VALUES (170, 'TECHNOLOGICAL SCIENCES AND ENGINEERING', 'SPACE TECHNOLOGY', 'en');
INSERT INTO sector_name (sector_id, area, subject, locale) VALUES (171, 'TECHNOLOGICAL SCIENCES AND ENGINEERING', 'REGIONAL AND URBAN PLANNING', 'en');
INSERT INTO sector_name (sector_id, area, subject, locale) VALUES (172, 'TECHNOLOGICAL SCIENCES AND ENGINEERING', 'ARCHITECTURE', 'en');
INSERT INTO sector_name (sector_id, area, subject, locale) VALUES (173, 'TECHNOLOGICAL SCIENCES AND ENGINEERING', 'RURAL AND SURVEYING ENGINEERING', 'en');
INSERT INTO sector_name (sector_id, area, subject, locale) VALUES (174, 'TECHNOLOGICAL SCIENCES AND ENGINEERING', 'OTHER TECHNOLOGICAL SPECIALTIES', 'en');
INSERT INTO sector_name (sector_id, area, subject, locale) VALUES (175, 'ANTHROPOLOGY (NON PHYSICAL)                                      ', 'CULTURAL ANTHROPOLOGY', 'en');
INSERT INTO sector_name (sector_id, area, subject, locale) VALUES (176, 'ANTHROPOLOGY (NON PHYSICAL)                                      ', 'SOCIAL ANTHROPOLOGY', 'en');
INSERT INTO sector_name (sector_id, area, subject, locale) VALUES (177, 'ANTHROPOLOGY (NON PHYSICAL)                                      ', 'ETHNOGRAPHY AND ETHNOLOGY', 'en');
INSERT INTO sector_name (sector_id, area, subject, locale) VALUES (178, 'ANTHROPOLOGY (NON PHYSICAL)                                      ', 'EDUCATIONAL ANTHROPOLOGY', 'en');
INSERT INTO sector_name (sector_id, area, subject, locale) VALUES (179, 'ANTHROPOLOGY (NON PHYSICAL)                                      ', 'POLITICAL ANTHROPOLOGY', 'en');
INSERT INTO sector_name (sector_id, area, subject, locale) VALUES (180, 'ANTHROPOLOGY (NON PHYSICAL)                                      ', 'ECONOMIC ANTHROPOLOGY', 'en');
INSERT INTO sector_name (sector_id, area, subject, locale) VALUES (181, 'ANTHROPOLOGY (NON PHYSICAL)                                      ', 'OTHER ANTHROPOLOGICAL SPECIALTIES ', 'en');
INSERT INTO sector_name (sector_id, area, subject, locale) VALUES (182, 'DEMOGRAPHY', 'THEORY AND METHODOLOGY OF RESEARCH AND ANALYSIS', 'en');
INSERT INTO sector_name (sector_id, area, subject, locale) VALUES (183, 'DEMOGRAPHY', 'MORTALITY AND FERTILITY', 'en');
INSERT INTO sector_name (sector_id, area, subject, locale) VALUES (184, 'DEMOGRAPHY', 'HISTORICAL DEMOGRAPHY', 'en');
INSERT INTO sector_name (sector_id, area, subject, locale) VALUES (185, 'DEMOGRAPHY', 'POPULATION SIZE AND DEMOGRAPHIC EVOLUTION', 'en');
INSERT INTO sector_name (sector_id, area, subject, locale) VALUES (186, 'DEMOGRAPHY', 'GEOGRAPHICAL DEMOGRAPHY', 'en');
INSERT INTO sector_name (sector_id, area, subject, locale) VALUES (187, 'DEMOGRAPHY', 'POPULATION CHARACTERISTICS', 'en');
INSERT INTO sector_name (sector_id, area, subject, locale) VALUES (188, 'DEMOGRAPHY', 'OTHER DEMOGRAPHIC SPECIALTIES', 'en');
INSERT INTO sector_name (sector_id, area, subject, locale) VALUES (189, 'ECONOMIC SCIENCES', 'GENERAL ECONOMICS AND TEACHING', 'en');
INSERT INTO sector_name (sector_id, area, subject, locale) VALUES (190, 'ECONOMIC SCIENCES', 'HISTORY OF ECONOMIC THOUGHT, METHODOLOGY, AND HETERODOX APPROACHES', 'en');
INSERT INTO sector_name (sector_id, area, subject, locale) VALUES (191, 'ECONOMIC SCIENCES', 'MATHEMATICAL AND QUANTITATIVE METHODS', 'en');
INSERT INTO sector_name (sector_id, area, subject, locale) VALUES (298, 'ΕTHICS', 'THEORΕTICAL ETHICS', 'en');
INSERT INTO sector_name (sector_id, area, subject, locale) VALUES (192, 'ECONOMIC SCIENCES', 'MICROECONOMICS', 'en');
INSERT INTO sector_name (sector_id, area, subject, locale) VALUES (193, 'ECONOMIC SCIENCES', 'MACROECONOMICS AND MONETARY ECONOMICS', 'en');
INSERT INTO sector_name (sector_id, area, subject, locale) VALUES (194, 'ECONOMIC SCIENCES', 'INTERNATIONAL ECONOMICS', 'en');
INSERT INTO sector_name (sector_id, area, subject, locale) VALUES (195, 'ECONOMIC SCIENCES', 'FINANCIAL ECONOMICS', 'en');
INSERT INTO sector_name (sector_id, area, subject, locale) VALUES (196, 'ECONOMIC SCIENCES', 'PUBLIC ECONOMICS', 'en');
INSERT INTO sector_name (sector_id, area, subject, locale) VALUES (197, 'ECONOMIC SCIENCES', 'HEALTH, EDUCATION, AND WELFARE', 'en');
INSERT INTO sector_name (sector_id, area, subject, locale) VALUES (198, 'ECONOMIC SCIENCES', 'LABOR AND DEMOGRAPHIC ECONOMICS', 'en');
INSERT INTO sector_name (sector_id, area, subject, locale) VALUES (199, 'ECONOMIC SCIENCES', 'LAW AND ECONOMICS', 'en');
INSERT INTO sector_name (sector_id, area, subject, locale) VALUES (200, 'ECONOMIC SCIENCES', 'INDUSTRIAL ORGANIZATION', 'en');
INSERT INTO sector_name (sector_id, area, subject, locale) VALUES (201, 'ECONOMIC SCIENCES', 'BUSINESS ADMINISTRATION AND BUSINESS ECONOMICS; MARKETING; ACCOUNTING', 'en');
INSERT INTO sector_name (sector_id, area, subject, locale) VALUES (202, 'ECONOMIC SCIENCES', 'ECONOMIC HISTORY', 'en');
INSERT INTO sector_name (sector_id, area, subject, locale) VALUES (203, 'ECONOMIC SCIENCES', 'ECONOMIC DEVELOPMENT, TECHNOLOGICAL CHANGE, AND GROWTH', 'en');
INSERT INTO sector_name (sector_id, area, subject, locale) VALUES (204, 'ECONOMIC SCIENCES', 'ECONOMIC SYSTEMS', 'en');
INSERT INTO sector_name (sector_id, area, subject, locale) VALUES (205, 'ECONOMIC SCIENCES', 'AGRICULTURAL AND NATURAL RESOURCE ECONOMICS; ENVIRONMENTAL AND ECOLOGICAL ECONOMICS', 'en');
INSERT INTO sector_name (sector_id, area, subject, locale) VALUES (206, 'ECONOMIC SCIENCES', 'URBAN, RURAL, REGIONAL, REAL ESTATE, AND TRANSPORTATION ECONOMICS', 'en');
INSERT INTO sector_name (sector_id, area, subject, locale) VALUES (207, 'ECONOMIC SCIENCES', 'MISCELLANEOUS CATEGORIES', 'en');
INSERT INTO sector_name (sector_id, area, subject, locale) VALUES (208, 'ECONOMIC SCIENCES', 'OTHER SPECIAL TOPICS', 'en');
INSERT INTO sector_name (sector_id, area, subject, locale) VALUES (209, 'ECONOMIC SCIENCES', 'OTHER ECONOMIC SCIENCE SPECIALTIES', 'en');
INSERT INTO sector_name (sector_id, area, subject, locale) VALUES (210, 'HISTORY', 'GENERAL HISTORY, THEORY', 'en');
INSERT INTO sector_name (sector_id, area, subject, locale) VALUES (211, 'HISTORY', 'HISTORY OF COUNTRIES', 'en');
INSERT INTO sector_name (sector_id, area, subject, locale) VALUES (212, 'HISTORY', 'HISTORY OF SCIENCES AND TECHNOLOGY', 'en');
INSERT INTO sector_name (sector_id, area, subject, locale) VALUES (213, 'HISTORY', 'ARCHAEOLOGY', 'en');
INSERT INTO sector_name (sector_id, area, subject, locale) VALUES (214, 'HISTORY', 'OTHER HISTORICAL SCIENCE SPECIALTIES', 'en');
INSERT INTO sector_name (sector_id, area, subject, locale) VALUES (215, 'LEGAL SCIENCES ', ' GENERAL THEORY AND METHODS', 'en');
INSERT INTO sector_name (sector_id, area, subject, locale) VALUES (216, 'LEGAL SCIENCES ', 'INTERNAL LAW', 'en');
INSERT INTO sector_name (sector_id, area, subject, locale) VALUES (217, 'LEGAL SCIENCES ', 'PROCEDURE', 'en');
INSERT INTO sector_name (sector_id, area, subject, locale) VALUES (218, 'LEGAL SCIENCES ', 'INTERNATIONAL LAW', 'en');
INSERT INTO sector_name (sector_id, area, subject, locale) VALUES (219, 'LEGAL SCIENCES ', 'EUROPEAN LAW', 'en');
INSERT INTO sector_name (sector_id, area, subject, locale) VALUES (220, 'LEGAL SCIENCES ', 'CASE LAW', 'en');
INSERT INTO sector_name (sector_id, area, subject, locale) VALUES (221, 'LEGAL SCIENCES ', 'OTHER JURIDICAL SCIENCE SPECIALTIES', 'en');
INSERT INTO sector_name (sector_id, area, subject, locale) VALUES (222, 'LINGUISTICS', 'APPLIED LINGUISTICS', 'en');
INSERT INTO sector_name (sector_id, area, subject, locale) VALUES (223, 'LINGUISTICS', 'DIACHRONIC LINGUISTICS', 'en');
INSERT INTO sector_name (sector_id, area, subject, locale) VALUES (224, 'LINGUISTICS', 'LINGUISTIC THEORY', 'en');
INSERT INTO sector_name (sector_id, area, subject, locale) VALUES (225, 'LINGUISTICS', 'LINGUISTIC GEOGRAPHY', 'en');
INSERT INTO sector_name (sector_id, area, subject, locale) VALUES (226, 'LINGUISTICS', 'SYNCHRONIC LINGUISTICS', 'en');
INSERT INTO sector_name (sector_id, area, subject, locale) VALUES (227, 'LINGUISTICS', 'LEXICOLOGY', 'en');
INSERT INTO sector_name (sector_id, area, subject, locale) VALUES (228, 'LINGUISTICS', 'SOCIOLINGUISTICS', 'en');
INSERT INTO sector_name (sector_id, area, subject, locale) VALUES (229, 'LINGUISTICS', 'ANCIENT LANGUAGES', 'en');
INSERT INTO sector_name (sector_id, area, subject, locale) VALUES (230, 'LINGUISTICS', 'CLASSICS', 'en');
INSERT INTO sector_name (sector_id, area, subject, locale) VALUES (231, 'LINGUISTICS', 'MODERN LANGUAGES', 'en');
INSERT INTO sector_name (sector_id, area, subject, locale) VALUES (232, 'LINGUISTICS', 'FOREIGN LANGUAGES', 'en');
INSERT INTO sector_name (sector_id, area, subject, locale) VALUES (233, 'LINGUISTICS', 'EXTINCT LANGUAGES', 'en');
INSERT INTO sector_name (sector_id, area, subject, locale) VALUES (234, 'LINGUISTICS', 'MULTILINGUALISM', 'en');
INSERT INTO sector_name (sector_id, area, subject, locale) VALUES (235, 'LINGUISTICS', 'BILINGUALISM', 'en');
INSERT INTO sector_name (sector_id, area, subject, locale) VALUES (236, 'LINGUISTICS', 'COMPARATIVE LINGUISTICS', 'en');
INSERT INTO sector_name (sector_id, area, subject, locale) VALUES (237, 'LINGUISTICS', 'COGNITIVE LINGUISTICS', 'en');
INSERT INTO sector_name (sector_id, area, subject, locale) VALUES (238, 'LINGUISTICS', 'HISTORICAL LINGUISTICS', 'en');
INSERT INTO sector_name (sector_id, area, subject, locale) VALUES (239, 'LINGUISTICS', 'GENERAL LINGUISTICS', 'en');
INSERT INTO sector_name (sector_id, area, subject, locale) VALUES (240, 'LINGUISTICS', 'BIOLINGUISTICS', 'en');
INSERT INTO sector_name (sector_id, area, subject, locale) VALUES (241, 'LINGUISTICS', 'NEUROLINGUISTICS', 'en');
INSERT INTO sector_name (sector_id, area, subject, locale) VALUES (242, 'LINGUISTICS', 'PSYCHOLINGUISTICS', 'en');
INSERT INTO sector_name (sector_id, area, subject, locale) VALUES (243, 'LINGUISTICS', 'PHILOSOPHICAL LINGUISTICS', 'en');
INSERT INTO sector_name (sector_id, area, subject, locale) VALUES (244, 'LINGUISTICS', 'TEXTLINGUISTICS', 'en');
INSERT INTO sector_name (sector_id, area, subject, locale) VALUES (245, 'LINGUISTICS', 'FUNCTIONAL LINGUISTICS', 'en');
INSERT INTO sector_name (sector_id, area, subject, locale) VALUES (246, 'LINGUISTICS', 'TYPOLOGICAL LINGUISTICS', 'en');
INSERT INTO sector_name (sector_id, area, subject, locale) VALUES (247, 'LINGUISTICS', 'COMPUTATIONAL LINGUISTICS', 'en');
INSERT INTO sector_name (sector_id, area, subject, locale) VALUES (248, 'LINGUISTICS', 'COMMUNICATION AND LINGUISTICS', 'en');
INSERT INTO sector_name (sector_id, area, subject, locale) VALUES (249, 'LINGUISTICS', 'LINGUISTIC RESEARCH', 'en');
INSERT INTO sector_name (sector_id, area, subject, locale) VALUES (250, 'LINGUISTICS', 'GRAMMAR, COMPARATIVE AND GENERAL', 'en');
INSERT INTO sector_name (sector_id, area, subject, locale) VALUES (251, 'LINGUISTICS', 'IDIOMS', 'en');
INSERT INTO sector_name (sector_id, area, subject, locale) VALUES (252, 'LINGUISTICS', 'PHONETICS', 'en');
INSERT INTO sector_name (sector_id, area, subject, locale) VALUES (253, 'LINGUISTICS', 'PHONOLOGY', 'en');
INSERT INTO sector_name (sector_id, area, subject, locale) VALUES (254, 'LINGUISTICS', 'SPELLING', 'en');
INSERT INTO sector_name (sector_id, area, subject, locale) VALUES (255, 'LINGUISTICS', 'SEMIOLOGY', 'en');
INSERT INTO sector_name (sector_id, area, subject, locale) VALUES (256, 'LINGUISTICS', 'SEMANTICS', 'en');
INSERT INTO sector_name (sector_id, area, subject, locale) VALUES (257, 'LINGUISTICS', 'INTERPRETING', 'en');
INSERT INTO sector_name (sector_id, area, subject, locale) VALUES (258, 'LINGUISTICS', 'TEXTUAL ANALYSIS', 'en');
INSERT INTO sector_name (sector_id, area, subject, locale) VALUES (259, 'LINGUISTICS', 'TRANSLATION', 'en');
INSERT INTO sector_name (sector_id, area, subject, locale) VALUES (260, 'LINGUISTICS', 'OTHER LINGUISTIC SCIENCE SPECIALTIES', 'en');
INSERT INTO sector_name (sector_id, area, subject, locale) VALUES (261, 'PEDAGOGY', 'EDUCATIONAL THEORY AND METHODS ', 'en');
INSERT INTO sector_name (sector_id, area, subject, locale) VALUES (262, 'PEDAGOGY', 'ORGANIZATION AND PLANNING OF ΕDUCATION', 'en');
INSERT INTO sector_name (sector_id, area, subject, locale) VALUES (263, 'PEDAGOGY', 'OTHER PEDAGOGICAL SCIENCE SPECIALTIES', 'en');
INSERT INTO sector_name (sector_id, area, subject, locale) VALUES (264, 'POLITICAL SCIENCES', 'GENERAL POLITICAL SCIENCE', 'en');
INSERT INTO sector_name (sector_id, area, subject, locale) VALUES (265, 'POLITICAL SCIENCES', 'POLICY SCIENCES', 'en');
INSERT INTO sector_name (sector_id, area, subject, locale) VALUES (266, 'POLITICAL SCIENCES', 'OTHER POLITICAL SCIENCE SPECIALTIES', 'en');
INSERT INTO sector_name (sector_id, area, subject, locale) VALUES (267, 'PSYCHOLOGY', 'GENERAL PSYCHOLOGY', 'en');
INSERT INTO sector_name (sector_id, area, subject, locale) VALUES (268, 'PSYCHOLOGY', 'ADOLESCENT AND CHILD PSYCHOLOGY                       ', 'en');
INSERT INTO sector_name (sector_id, area, subject, locale) VALUES (269, 'PSYCHOLOGY', 'CLINICAL PSYCHOLOGY', 'en');
INSERT INTO sector_name (sector_id, area, subject, locale) VALUES (270, 'PSYCHOLOGY', 'EXPERIMENTAL PSYCHOLOGY', 'en');
INSERT INTO sector_name (sector_id, area, subject, locale) VALUES (271, 'PSYCHOLOGY', 'OTHER PSYCHOLOGICAL SCIENCE SPECIALTIES', 'en');
INSERT INTO sector_name (sector_id, area, subject, locale) VALUES (272, 'SCIENCES OF ARTS AND LETTERS', 'LITERATURE: THEORY, ANALYSIS AND CRITISISM ', 'en');
INSERT INTO sector_name (sector_id, area, subject, locale) VALUES (273, 'SCIENCES OF ARTS AND LETTERS', 'LITERATURE', 'en');
INSERT INTO sector_name (sector_id, area, subject, locale) VALUES (274, 'SCIENCES OF ARTS AND LETTERS', 'PERFORMING ARTS', 'en');
INSERT INTO sector_name (sector_id, area, subject, locale) VALUES (275, 'SCIENCES OF ARTS AND LETTERS', 'VISUAL ARTS', 'en');
INSERT INTO sector_name (sector_id, area, subject, locale) VALUES (276, 'SCIENCES OF ARTS AND LETTERS', 'OTHER ART SPECIALTIES       ', 'en');
INSERT INTO sector_name (sector_id, area, subject, locale) VALUES (277, 'SOCIOLOGY', 'GENERAL SOCIOLOGY', 'en');
INSERT INTO sector_name (sector_id, area, subject, locale) VALUES (278, 'SOCIOLOGY', 'SOCIAL CHANGE AND DEVELOPMENT                          ', 'en');
INSERT INTO sector_name (sector_id, area, subject, locale) VALUES (279, 'SOCIOLOGY', 'SOCIAL MORPHOLOGY', 'en');
INSERT INTO sector_name (sector_id, area, subject, locale) VALUES (280, 'SOCIOLOGY', 'OTHER SOCIOLOGICAL SCIENCE SPECIALTIES', 'en');
INSERT INTO sector_name (sector_id, area, subject, locale) VALUES (281, 'ΕTHICS', 'CLASSICAL ETHICS', 'en');
INSERT INTO sector_name (sector_id, area, subject, locale) VALUES (282, 'ΕTHICS', 'ETHICS OF INDIVIDUALS', 'en');
INSERT INTO sector_name (sector_id, area, subject, locale) VALUES (283, 'ΕTHICS', 'ETHICS OF SOCIAL GROUPS', 'en');
INSERT INTO sector_name (sector_id, area, subject, locale) VALUES (284, 'ΕTHICS', 'ETHICS OF SCIENCE', 'en');
INSERT INTO sector_name (sector_id, area, subject, locale) VALUES (285, 'ΕTHICS', 'MEDICAL ETHICS', 'en');
INSERT INTO sector_name (sector_id, area, subject, locale) VALUES (286, 'ΕTHICS', 'BIOETHICS', 'en');
INSERT INTO sector_name (sector_id, area, subject, locale) VALUES (287, 'ΕTHICS', 'ENVIRONMENTAL ETHICS', 'en');
INSERT INTO sector_name (sector_id, area, subject, locale) VALUES (288, 'ΕTHICS', 'POLITICAL ETHICS', 'en');
INSERT INTO sector_name (sector_id, area, subject, locale) VALUES (289, 'ΕTHICS', 'SOCIAL ETHICS', 'en');
INSERT INTO sector_name (sector_id, area, subject, locale) VALUES (290, 'ΕTHICS', 'PROFESSIONAL ETHICS', 'en');
INSERT INTO sector_name (sector_id, area, subject, locale) VALUES (291, 'ΕTHICS', 'ETHICS EDUCATION', 'en');
INSERT INTO sector_name (sector_id, area, subject, locale) VALUES (292, 'ΕTHICS', 'META-ETHICS', 'en');
INSERT INTO sector_name (sector_id, area, subject, locale) VALUES (293, 'ΕTHICS', 'COMMUNICATION ETHICS', 'en');
INSERT INTO sector_name (sector_id, area, subject, locale) VALUES (294, 'ΕTHICS', 'ANTHROPOLOGICAL ETHICS', 'en');
INSERT INTO sector_name (sector_id, area, subject, locale) VALUES (299, 'ΕTHICS', 'RELIGIOUS ETHICS', 'en');
INSERT INTO sector_name (sector_id, area, subject, locale) VALUES (300, 'ΕTHICS', 'CHRISTIAN ETHICS', 'en');
INSERT INTO sector_name (sector_id, area, subject, locale) VALUES (301, 'ΕTHICS', 'NORMATIVE ETHICS', 'en');
INSERT INTO sector_name (sector_id, area, subject, locale) VALUES (302, 'ΕTHICS', 'LEGAL ETHICS', 'en');
INSERT INTO sector_name (sector_id, area, subject, locale) VALUES (303, 'ΕTHICS', 'TELEOLOGICAL ETHICS', 'en');
INSERT INTO sector_name (sector_id, area, subject, locale) VALUES (304, 'ΕTHICS', 'FEMINIST ETHICS', 'en');
INSERT INTO sector_name (sector_id, area, subject, locale) VALUES (305, 'ΕTHICS', 'ETHICS OF SPORTS', 'en');
INSERT INTO sector_name (sector_id, area, subject, locale) VALUES (306, 'ΕTHICS', 'MORAL CONCEPTS', 'en');
INSERT INTO sector_name (sector_id, area, subject, locale) VALUES (307, 'ΕTHICS', 'MORAL VALUE', 'en');
INSERT INTO sector_name (sector_id, area, subject, locale) VALUES (308, 'ΕTHICS', 'VALUE SYSTEM', 'en');
INSERT INTO sector_name (sector_id, area, subject, locale) VALUES (309, 'ΕTHICS', 'ETHICAL THEORIES', 'en');
INSERT INTO sector_name (sector_id, area, subject, locale) VALUES (310, 'ΕTHICS', 'ETHICS OF TECHNOLOGY', 'en');
INSERT INTO sector_name (sector_id, area, subject, locale) VALUES (311, 'ΕTHICS', 'CLINICAL ETHICS', 'en');
INSERT INTO sector_name (sector_id, area, subject, locale) VALUES (312, 'ΕTHICS', 'ACCOUNTABILITY', 'en');
INSERT INTO sector_name (sector_id, area, subject, locale) VALUES (313, 'ΕTHICS', 'DISCIPLINE', 'en');
INSERT INTO sector_name (sector_id, area, subject, locale) VALUES (314, 'ΕTHICS', 'CONSCIENCE', 'en');
INSERT INTO sector_name (sector_id, area, subject, locale) VALUES (315, 'ΕTHICS', 'OTHER SPECIALTIES TO ETHICS', 'en');
INSERT INTO sector_name (sector_id, area, subject, locale) VALUES (316, 'PHILOSOPHY', 'PHILOSOPHY OF KNOWLEDGE AND EPISTEMOLOGY', 'en');
INSERT INTO sector_name (sector_id, area, subject, locale) VALUES (317, 'PHILOSOPHY', 'PHILOSOPHICAL ANTHROPOLOGY', 'en');
INSERT INTO sector_name (sector_id, area, subject, locale) VALUES (318, 'PHILOSOPHY', 'GENERAL PHILOSOPHY', 'en');
INSERT INTO sector_name (sector_id, area, subject, locale) VALUES (319, 'PHILOSOPHY', 'PHILOSOPHICAL SYSTEMS', 'en');
INSERT INTO sector_name (sector_id, area, subject, locale) VALUES (320, 'PHILOSOPHY', 'PHILOSOPHY OF SCIENCE', 'en');
INSERT INTO sector_name (sector_id, area, subject, locale) VALUES (321, 'PHILOSOPHY', 'PHILOSOPHY OF NATURE', 'en');
INSERT INTO sector_name (sector_id, area, subject, locale) VALUES (322, 'PHILOSOPHY', 'SOCIAL PHILOSOPHY', 'en');
INSERT INTO sector_name (sector_id, area, subject, locale) VALUES (323, 'PHILOSOPHY', 'HISTORY OF PHILOSOPHY', 'en');
INSERT INTO sector_name (sector_id, area, subject, locale) VALUES (324, 'PHILOSOPHY', 'PHENOMENOLOGY', 'en');
INSERT INTO sector_name (sector_id, area, subject, locale) VALUES (325, 'PHILOSOPHY', 'PHILOSOPHICAL LOGIC', 'en');
INSERT INTO sector_name (sector_id, area, subject, locale) VALUES (326, 'PHILOSOPHY', 'AESTHETICS', 'en');
INSERT INTO sector_name (sector_id, area, subject, locale) VALUES (327, 'PHILOSOPHY', 'DIALECTICS', 'en');
INSERT INTO sector_name (sector_id, area, subject, locale) VALUES (328, 'PHILOSOPHY', 'HUMANISM', 'en');
INSERT INTO sector_name (sector_id, area, subject, locale) VALUES (329, 'PHILOSOPHY', 'EXISTENTIALISM', 'en');
INSERT INTO sector_name (sector_id, area, subject, locale) VALUES (330, 'PHILOSOPHY', 'MATERIALISM', 'en');
INSERT INTO sector_name (sector_id, area, subject, locale) VALUES (331, 'PHILOSOPHY', 'IDEALISM', 'en');
INSERT INTO sector_name (sector_id, area, subject, locale) VALUES (332, 'PHILOSOPHY', 'PRAGMATISM', 'en');
INSERT INTO sector_name (sector_id, area, subject, locale) VALUES (333, 'PHILOSOPHY', 'APPLIED PHILOSOPHY', 'en');
INSERT INTO sector_name (sector_id, area, subject, locale) VALUES (334, 'PHILOSOPHY', 'ANALYTIC PHILOSOPHY', 'en');
INSERT INTO sector_name (sector_id, area, subject, locale) VALUES (335, 'PHILOSOPHY', 'EDUCATIONAL PHILOSOPHY', 'en');
INSERT INTO sector_name (sector_id, area, subject, locale) VALUES (336, 'PHILOSOPHY', 'PHILOSOPHY OF LANGUAGE', 'en');
INSERT INTO sector_name (sector_id, area, subject, locale) VALUES (337, 'PHILOSOPHY', 'POLITICAL PHILOSOPHY', 'en');
INSERT INTO sector_name (sector_id, area, subject, locale) VALUES (338, 'PHILOSOPHY', 'PHILOSOPHY OF RELIGION', 'en');
INSERT INTO sector_name (sector_id, area, subject, locale) VALUES (339, 'PHILOSOPHY', 'MORAL PHILOSOPHY', 'en');
INSERT INTO sector_name (sector_id, area, subject, locale) VALUES (340, 'PHILOSOPHY', 'CULTURAL PHILOSOPHY', 'en');
INSERT INTO sector_name (sector_id, area, subject, locale) VALUES (341, 'PHILOSOPHY', 'ART AND PHILOSOPHY', 'en');
INSERT INTO sector_name (sector_id, area, subject, locale) VALUES (342, 'PHILOSOPHY', 'MUSIC AND PHILOSOPHY', 'en');
INSERT INTO sector_name (sector_id, area, subject, locale) VALUES (343, 'PHILOSOPHY', 'THEATER AND PHILOSOPHY', 'en');
INSERT INTO sector_name (sector_id, area, subject, locale) VALUES (344, 'PHILOSOPHY', 'ETHNOPHILOSOPHY', 'en');
INSERT INTO sector_name (sector_id, area, subject, locale) VALUES (345, 'PHILOSOPHY', 'ANCIENT PHILOSOPHY', 'en');
INSERT INTO sector_name (sector_id, area, subject, locale) VALUES (346, 'PHILOSOPHY', 'GREEK PHILOSOPHY', 'en');
INSERT INTO sector_name (sector_id, area, subject, locale) VALUES (347, 'PHILOSOPHY', 'PHILOSOPHERS', 'en');
INSERT INTO sector_name (sector_id, area, subject, locale) VALUES (348, 'PHILOSOPHY', 'CYNICISM', 'en');
INSERT INTO sector_name (sector_id, area, subject, locale) VALUES (349, 'PHILOSOPHY', 'NEOPLATONISM', 'en');
INSERT INTO sector_name (sector_id, area, subject, locale) VALUES (350, 'PHILOSOPHY', 'PYTHAGORAS AND PYTHAGOREAN SCHOOL', 'en');
INSERT INTO sector_name (sector_id, area, subject, locale) VALUES (351, 'PHILOSOPHY', 'SCEPTICS', 'en');
INSERT INTO sector_name (sector_id, area, subject, locale) VALUES (352, 'PHILOSOPHY', 'SOPHISTS', 'en');
INSERT INTO sector_name (sector_id, area, subject, locale) VALUES (353, 'PHILOSOPHY', 'STOICS', 'en');
INSERT INTO sector_name (sector_id, area, subject, locale) VALUES (354, 'PHILOSOPHY', 'ROMAN PHILOSOPHY', 'en');
INSERT INTO sector_name (sector_id, area, subject, locale) VALUES (355, 'PHILOSOPHY', 'MEDIEVAL PHILOSOPHY', 'en');
INSERT INTO sector_name (sector_id, area, subject, locale) VALUES (356, 'PHILOSOPHY', 'MODERN PHILOSOPHY', 'en');
INSERT INTO sector_name (sector_id, area, subject, locale) VALUES (357, 'PHILOSOPHY', 'INDIC PHILOSOPHY', 'en');
INSERT INTO sector_name (sector_id, area, subject, locale) VALUES (358, 'PHILOSOPHY', 'CHINESE PHILOSOPHY', 'en');
INSERT INTO sector_name (sector_id, area, subject, locale) VALUES (359, 'PHILOSOPHY', 'PHILOSOPHY OF PSYCHOLOGY', 'en');
INSERT INTO sector_name (sector_id, area, subject, locale) VALUES (360, 'PHILOSOPHY', 'PHILOSOPHY OF MIND', 'en');
INSERT INTO sector_name (sector_id, area, subject, locale) VALUES (361, 'PHILOSOPHY', 'PHILOSOPHY OF LAW', 'en');
INSERT INTO sector_name (sector_id, area, subject, locale) VALUES (362, 'PHILOSOPHY', 'PHILOSOPHY OF PHYSICS', 'en');
INSERT INTO sector_name (sector_id, area, subject, locale) VALUES (363, 'PHILOSOPHY', 'PHILOSOPHICAL MOVEMENTS', 'en');
INSERT INTO sector_name (sector_id, area, subject, locale) VALUES (364, 'PHILOSOPHY', 'PHILOSOPHICAL SCHOOLS', 'en');
INSERT INTO sector_name (sector_id, area, subject, locale) VALUES (365, 'PHILOSOPHY', 'COSMOLOGY', 'en');
INSERT INTO sector_name (sector_id, area, subject, locale) VALUES (366, 'PHILOSOPHY', 'METAPHYSICS', 'en');
INSERT INTO sector_name (sector_id, area, subject, locale) VALUES (367, 'PHILOSOPHY', 'ONTOLOGY', 'en');
INSERT INTO sector_name (sector_id, area, subject, locale) VALUES (368, 'PHILOSOPHY', 'OTHER PHILOSOPHICAL SPECIALTIES', 'en');
INSERT INTO sector_name (sector_id, area, subject, locale) VALUES (369, 'THEOLOGY', 'GENERAL THEOLOGY', 'en');
INSERT INTO sector_name (sector_id, area, subject, locale) VALUES (370, 'THEOLOGY', 'SYSTEMATIC THEOLOGY', 'en');
INSERT INTO sector_name (sector_id, area, subject, locale) VALUES (371, 'THEOLOGY', 'BIBLE', 'en');
INSERT INTO sector_name (sector_id, area, subject, locale) VALUES (372, 'THEOLOGY', 'NEW TESTAMENT', 'en');
INSERT INTO sector_name (sector_id, area, subject, locale) VALUES (373, 'THEOLOGY', 'OLD TESTAMENT', 'en');
INSERT INTO sector_name (sector_id, area, subject, locale) VALUES (374, 'THEOLOGY', 'NEGATIVE THEOLOGY', 'en');
INSERT INTO sector_name (sector_id, area, subject, locale) VALUES (375, 'THEOLOGY', 'LIBERATION THEOLOGY', 'en');
INSERT INTO sector_name (sector_id, area, subject, locale) VALUES (376, 'THEOLOGY', 'BIBLICAL THEOLOGY', 'en');
INSERT INTO sector_name (sector_id, area, subject, locale) VALUES (377, 'THEOLOGY', 'DOCTRINAL THEOLOGY', 'en');
INSERT INTO sector_name (sector_id, area, subject, locale) VALUES (378, 'THEOLOGY', 'HERMENEUTICS', 'en');
INSERT INTO sector_name (sector_id, area, subject, locale) VALUES (379, 'THEOLOGY', 'ETHICAL THEOLOGY', 'en');
INSERT INTO sector_name (sector_id, area, subject, locale) VALUES (380, 'THEOLOGY', 'DEVOTIONAL THEOLOGY', 'en');
INSERT INTO sector_name (sector_id, area, subject, locale) VALUES (381, 'THEOLOGY', 'THEOLOGY AND THE ARTS', 'en');
INSERT INTO sector_name (sector_id, area, subject, locale) VALUES (382, 'THEOLOGY', 'ECO THEOLOGY', 'en');
INSERT INTO sector_name (sector_id, area, subject, locale) VALUES (383, 'THEOLOGY', 'HISTORIC THEOLOGY', 'en');
INSERT INTO sector_name (sector_id, area, subject, locale) VALUES (384, 'THEOLOGY', 'PRACTICAL THEOLOGY', 'en');
INSERT INTO sector_name (sector_id, area, subject, locale) VALUES (385, 'THEOLOGY', 'PASTORAL THEOLOGY', 'en');
INSERT INTO sector_name (sector_id, area, subject, locale) VALUES (386, 'THEOLOGY', 'HEALTH CARE CHAPLAINCY', 'en');
INSERT INTO sector_name (sector_id, area, subject, locale) VALUES (387, 'THEOLOGY', 'NATURAL THEOLOGY', 'en');
INSERT INTO sector_name (sector_id, area, subject, locale) VALUES (388, 'THEOLOGY', 'FUNDAMENTALIST THEOLOGY', 'en');
INSERT INTO sector_name (sector_id, area, subject, locale) VALUES (389, 'THEOLOGY', 'ORTHODOX THEOLOGY', 'en');
INSERT INTO sector_name (sector_id, area, subject, locale) VALUES (390, 'THEOLOGY', 'CHRISTIAN THEOLOGY', 'en');
INSERT INTO sector_name (sector_id, area, subject, locale) VALUES (391, 'THEOLOGY', 'ISLAMIC THEOLOGY', 'en');
INSERT INTO sector_name (sector_id, area, subject, locale) VALUES (392, 'THEOLOGY', 'PROTESTANΤ THEOLOGY', 'en');
INSERT INTO sector_name (sector_id, area, subject, locale) VALUES (393, 'THEOLOGY', 'ROMAN CATHOLIC THEOLOGY', 'en');
INSERT INTO sector_name (sector_id, area, subject, locale) VALUES (394, 'THEOLOGY', 'THEOLOGY OF RELIGIONS', 'en');
INSERT INTO sector_name (sector_id, area, subject, locale) VALUES (395, 'THEOLOGY', 'ATHEISM', 'en');
INSERT INTO sector_name (sector_id, area, subject, locale) VALUES (396, 'THEOLOGY', 'CHRISTIANITY', 'en');
INSERT INTO sector_name (sector_id, area, subject, locale) VALUES (397, 'THEOLOGY', 'CATHOLIC CHURCH', 'en');
INSERT INTO sector_name (sector_id, area, subject, locale) VALUES (398, 'THEOLOGY', 'AGIOLOGY', 'en');
INSERT INTO sector_name (sector_id, area, subject, locale) VALUES (399, 'THEOLOGY', 'CHURCH FATHERS', 'en');
INSERT INTO sector_name (sector_id, area, subject, locale) VALUES (400, 'THEOLOGY', 'THEOTOCOS', 'en');
INSERT INTO sector_name (sector_id, area, subject, locale) VALUES (401, 'THEOLOGY', 'CHURCH', 'en');
INSERT INTO sector_name (sector_id, area, subject, locale) VALUES (402, 'THEOLOGY', 'CHURCH LITTERATURE', 'en');
INSERT INTO sector_name (sector_id, area, subject, locale) VALUES (403, 'THEOLOGY', 'ECCLESIOLOGY', 'en');
INSERT INTO sector_name (sector_id, area, subject, locale) VALUES (404, 'THEOLOGY', 'CHURCH HISTORY', 'en');
INSERT INTO sector_name (sector_id, area, subject, locale) VALUES (405, 'THEOLOGY', 'HISTORY OF DOCTRINES', 'en');
INSERT INTO sector_name (sector_id, area, subject, locale) VALUES (406, 'THEOLOGY', 'SCIENCE OF RELIGION', 'en');
INSERT INTO sector_name (sector_id, area, subject, locale) VALUES (407, 'THEOLOGY', 'RELIGIOUS CEREMONIES', 'en');
INSERT INTO sector_name (sector_id, area, subject, locale) VALUES (408, 'THEOLOGY', 'RELΙGIOUS EDUCATION', 'en');
INSERT INTO sector_name (sector_id, area, subject, locale) VALUES (409, 'THEOLOGY', 'RELIGIOUS INSTITUTIONS', 'en');
INSERT INTO sector_name (sector_id, area, subject, locale) VALUES (410, 'THEOLOGY', 'HERESIES', 'en');
INSERT INTO sector_name (sector_id, area, subject, locale) VALUES (411, 'THEOLOGY', 'MISSIONARY', 'en');
INSERT INTO sector_name (sector_id, area, subject, locale) VALUES (412, 'THEOLOGY', 'CONFESSIONAL', 'en');
INSERT INTO sector_name (sector_id, area, subject, locale) VALUES (413, 'THEOLOGY', 'LITURGICS', 'en');
INSERT INTO sector_name (sector_id, area, subject, locale) VALUES (414, 'THEOLOGY', 'CATECHETICS', 'en');
INSERT INTO sector_name (sector_id, area, subject, locale) VALUES (415, 'THEOLOGY', 'APOLOGETICS', 'en');
INSERT INTO sector_name (sector_id, area, subject, locale) VALUES (416, 'THEOLOGY', 'OTHER THEOLOGICAL SPECIALTIES', 'en');


INSERT INTO country (code, name, alpha3, alpha2, region, subregion) VALUES (4, 'Afghanistan', 'AF', 'AFG', 'Asia', 'Southern Asia');
INSERT INTO country (code, name, alpha3, alpha2, region, subregion) VALUES (248, 'Åland Islands', 'AX', 'ALA', 'Europe', 'Northern Europe');
INSERT INTO country (code, name, alpha3, alpha2, region, subregion) VALUES (8, 'Albania', 'AL', 'ALB', 'Europe', 'Southern Europe');
INSERT INTO country (code, name, alpha3, alpha2, region, subregion) VALUES (12, 'Algeria', 'DZ', 'DZA', 'Africa', 'Northern Africa');
INSERT INTO country (code, name, alpha3, alpha2, region, subregion) VALUES (16, 'American Samoa', 'AS', 'ASM', 'Oceania', 'Polynesia');
INSERT INTO country (code, name, alpha3, alpha2, region, subregion) VALUES (20, 'Andorra', 'AD', 'AND', 'Europe', 'Southern Europe');
INSERT INTO country (code, name, alpha3, alpha2, region, subregion) VALUES (24, 'Angola', 'AO', 'AGO', 'Africa', 'Middle Africa');
INSERT INTO country (code, name, alpha3, alpha2, region, subregion) VALUES (660, 'Anguilla', 'AI', 'AIA', 'Americas', 'Caribbean');
INSERT INTO country (code, name, alpha3, alpha2, region, subregion) VALUES (10, 'Antarctica', 'AQ', 'ATA', NULL, NULL);
INSERT INTO country (code, name, alpha3, alpha2, region, subregion) VALUES (28, 'Antigua and Barbuda', 'AG', 'ATG', 'Americas', 'Caribbean');
INSERT INTO country (code, name, alpha3, alpha2, region, subregion) VALUES (32, 'Argentina', 'AR', 'ARG', 'Americas', 'South America');
INSERT INTO country (code, name, alpha3, alpha2, region, subregion) VALUES (51, 'Armenia', 'AM', 'ARM', 'Asia', 'Western Asia');
INSERT INTO country (code, name, alpha3, alpha2, region, subregion) VALUES (533, 'Aruba', 'AW', 'ABW', 'Americas', 'Caribbean');
INSERT INTO country (code, name, alpha3, alpha2, region, subregion) VALUES (36, 'Australia', 'AU', 'AUS', 'Oceania', 'Australia,New Zealand');
INSERT INTO country (code, name, alpha3, alpha2, region, subregion) VALUES (40, 'Austria', 'AT', 'AUT', 'Europe', 'Western Europe');
INSERT INTO country (code, name, alpha3, alpha2, region, subregion) VALUES (31, 'Azerbaijan', 'AZ', 'AZE', 'Asia', 'Western Asia');
INSERT INTO country (code, name, alpha3, alpha2, region, subregion) VALUES (44, 'Bahamas', 'BS', 'BHS', 'Americas', 'Caribbean');
INSERT INTO country (code, name, alpha3, alpha2, region, subregion) VALUES (48, 'Bahrain', 'BH', 'BHR', 'Asia', 'Western Asia');
INSERT INTO country (code, name, alpha3, alpha2, region, subregion) VALUES (50, 'Bangladesh', 'BD', 'BGD', 'Asia', 'Southern Asia');
INSERT INTO country (code, name, alpha3, alpha2, region, subregion) VALUES (52, 'Barbados', 'BB', 'BRB', 'Americas', 'Caribbean');
INSERT INTO country (code, name, alpha3, alpha2, region, subregion) VALUES (112, 'Belarus', 'BY', 'BLR', 'Europe', 'Eastern Europe');
INSERT INTO country (code, name, alpha3, alpha2, region, subregion) VALUES (56, 'Belgium', 'BE', 'BEL', 'Europe', 'Western Europe');
INSERT INTO country (code, name, alpha3, alpha2, region, subregion) VALUES (84, 'Belize', 'BZ', 'BLZ', 'Americas', 'Central America');
INSERT INTO country (code, name, alpha3, alpha2, region, subregion) VALUES (204, 'Benin', 'BJ', 'BEN', 'Africa', 'Western Africa');
INSERT INTO country (code, name, alpha3, alpha2, region, subregion) VALUES (60, 'Bermuda', 'BM', 'BMU', 'Americas', 'Northern America');
INSERT INTO country (code, name, alpha3, alpha2, region, subregion) VALUES (64, 'Bhutan', 'BT', 'BTN', 'Asia', 'Southern Asia');
INSERT INTO country (code, name, alpha3, alpha2, region, subregion) VALUES (68, 'Bolivia', 'BO', 'BOL', 'Americas', 'South America');
INSERT INTO country (code, name, alpha3, alpha2, region, subregion) VALUES (535, 'Bonaire', 'BQ', 'BES', NULL, NULL);
INSERT INTO country (code, name, alpha3, alpha2, region, subregion) VALUES (70, 'Bosnia and Herzegovina', 'BA', 'BIH', 'Europe', 'Southern Europe');
INSERT INTO country (code, name, alpha3, alpha2, region, subregion) VALUES (72, 'Botswana', 'BW', 'BWA', 'Africa', 'Southern Africa');
INSERT INTO country (code, name, alpha3, alpha2, region, subregion) VALUES (74, 'Bouvet Island', 'BV', 'BVT', NULL, NULL);
INSERT INTO country (code, name, alpha3, alpha2, region, subregion) VALUES (76, 'Brazil', 'BR', 'BRA', 'Americas', 'South America');
INSERT INTO country (code, name, alpha3, alpha2, region, subregion) VALUES (86, 'British Indian Ocean Territory', 'IO', 'IOT', 'Africa', 'Eastern Africa');
INSERT INTO country (code, name, alpha3, alpha2, region, subregion) VALUES (96, 'Brunei Darussalam', 'BN', 'BRN', 'Asia', 'South-Eastern,Asia');
INSERT INTO country (code, name, alpha3, alpha2, region, subregion) VALUES (100, 'Bulgaria', 'BG', 'BGR', 'Europe', 'Eastern Europe');
INSERT INTO country (code, name, alpha3, alpha2, region, subregion) VALUES (854, 'Burkina Faso', 'BF', 'BFA', 'Africa', 'Western Africa');
INSERT INTO country (code, name, alpha3, alpha2, region, subregion) VALUES (108, 'Burundi', 'BI', 'BDI', 'Africa', 'Eastern Africa');
INSERT INTO country (code, name, alpha3, alpha2, region, subregion) VALUES (116, 'Cambodia', 'KH', 'KHM', 'Asia', 'South-Eastern,Asia');
INSERT INTO country (code, name, alpha3, alpha2, region, subregion) VALUES (120, 'Cameroon', 'CM', 'CMR', 'Africa', 'Middle Africa');
INSERT INTO country (code, name, alpha3, alpha2, region, subregion) VALUES (124, 'Canada', 'CA', 'CAN', 'Americas', 'Northern America');
INSERT INTO country (code, name, alpha3, alpha2, region, subregion) VALUES (132, 'Cape Verde', 'CV', 'CPV', 'Africa', 'Western Africa');
INSERT INTO country (code, name, alpha3, alpha2, region, subregion) VALUES (136, 'Cayman Islands', 'KY', 'CYM', 'Americas', 'Caribbean');
INSERT INTO country (code, name, alpha3, alpha2, region, subregion) VALUES (140, 'Central African Republic', 'CF', 'CAF', 'Africa', 'Middle Africa');
INSERT INTO country (code, name, alpha3, alpha2, region, subregion) VALUES (148, 'Chad', 'TD', 'TCD', 'Africa', 'Middle Africa');
INSERT INTO country (code, name, alpha3, alpha2, region, subregion) VALUES (152, 'Chile', 'CL', 'CHL', 'Americas', 'South America');
INSERT INTO country (code, name, alpha3, alpha2, region, subregion) VALUES (156, 'China', 'CN', 'CHN', 'Asia', 'Eastern Asia');
INSERT INTO country (code, name, alpha3, alpha2, region, subregion) VALUES (162, 'Christmas Island', 'CX', 'CXR', 'Oceania', 'Australia,New Zealand');
INSERT INTO country (code, name, alpha3, alpha2, region, subregion) VALUES (166, 'Cocos (Keeling) Islands', 'CC', 'CCK', 'Oceania', 'Australia,New Zealand');
INSERT INTO country (code, name, alpha3, alpha2, region, subregion) VALUES (170, 'Colombia', 'CO', 'COL', 'Americas', 'South America');
INSERT INTO country (code, name, alpha3, alpha2, region, subregion) VALUES (174, 'Comoros', 'KM', 'COM', 'Africa', 'Eastern Africa');
INSERT INTO country (code, name, alpha3, alpha2, region, subregion) VALUES (178, 'Republic of the Congo', 'CG', 'COG', 'Africa', 'Middle Africa');
INSERT INTO country (code, name, alpha3, alpha2, region, subregion) VALUES (180, 'Democratic Republic of the Congo', 'CD', 'COD', 'Africa', 'Middle Africa');
INSERT INTO country (code, name, alpha3, alpha2, region, subregion) VALUES (184, 'Cook Islands', 'CK', 'COK', 'Oceania', 'Polynesia');
INSERT INTO country (code, name, alpha3, alpha2, region, subregion) VALUES (188, 'Costa Rica', 'CR', 'CRI', 'Americas', 'Central America');
INSERT INTO country (code, name, alpha3, alpha2, region, subregion) VALUES (384, 'Côte d''Ivoire', 'CI', 'CIV', 'Africa', 'Western Africa');
INSERT INTO country (code, name, alpha3, alpha2, region, subregion) VALUES (191, 'Croatia', 'HR', 'HRV', 'Europe', 'Southern Europe');
INSERT INTO country (code, name, alpha3, alpha2, region, subregion) VALUES (192, 'Cuba', 'CU', 'CUB', 'Americas', 'Caribbean');
INSERT INTO country (code, name, alpha3, alpha2, region, subregion) VALUES (531, 'Curaçao', 'CW', 'CUW', NULL, NULL);
INSERT INTO country (code, name, alpha3, alpha2, region, subregion) VALUES (196, 'Cyprus', 'CY', 'CYP', 'Asia', 'Western Asia');
INSERT INTO country (code, name, alpha3, alpha2, region, subregion) VALUES (203, 'Czech Republic', 'CZ', 'CZE', 'Europe', 'Eastern Europe');
INSERT INTO country (code, name, alpha3, alpha2, region, subregion) VALUES (208, 'Denmark', 'DK', 'DNK', 'Europe', 'Northern Europe');
INSERT INTO country (code, name, alpha3, alpha2, region, subregion) VALUES (262, 'Djibouti', 'DJ', 'DJI', 'Africa', 'Eastern Africa');
INSERT INTO country (code, name, alpha3, alpha2, region, subregion) VALUES (212, 'Dominica', 'DM', 'DMA', 'Americas', 'Caribbean');
INSERT INTO country (code, name, alpha3, alpha2, region, subregion) VALUES (214, 'Dominican Republic', 'DO', 'DOM', 'Americas', 'Caribbean');
INSERT INTO country (code, name, alpha3, alpha2, region, subregion) VALUES (218, 'Ecuador', 'EC', 'ECU', 'Americas', 'South America');
INSERT INTO country (code, name, alpha3, alpha2, region, subregion) VALUES (818, 'Egypt', 'EG', 'EGY', 'Africa', 'Northern Africa');
INSERT INTO country (code, name, alpha3, alpha2, region, subregion) VALUES (222, 'El Salvador', 'SV', 'SLV', 'Americas', 'Central America');
INSERT INTO country (code, name, alpha3, alpha2, region, subregion) VALUES (226, 'Equatorial Guinea', 'GQ', 'GNQ', 'Africa', 'Middle Africa');
INSERT INTO country (code, name, alpha3, alpha2, region, subregion) VALUES (232, 'Eritrea', 'ER', 'ERI', 'Africa', 'Eastern Africa');
INSERT INTO country (code, name, alpha3, alpha2, region, subregion) VALUES (233, 'Estonia', 'EE', 'EST', 'Europe', 'Northern Europe');
INSERT INTO country (code, name, alpha3, alpha2, region, subregion) VALUES (231, 'Ethiopia', 'ET', 'ETH', 'Africa', 'Eastern Africa');
INSERT INTO country (code, name, alpha3, alpha2, region, subregion) VALUES (238, 'Falkland Islands (Malvinas)', 'FK', 'FLK', 'Americas', 'South America');
INSERT INTO country (code, name, alpha3, alpha2, region, subregion) VALUES (234, 'Faroe Islands', 'FO', 'FRO', 'Europe', 'Northern Europe');
INSERT INTO country (code, name, alpha3, alpha2, region, subregion) VALUES (242, 'Fiji', 'FJ', 'FJI', 'Oceania', 'Melanesia');
INSERT INTO country (code, name, alpha3, alpha2, region, subregion) VALUES (246, 'Finland', 'FI', 'FIN', 'Europe', 'Northern Europe');
INSERT INTO country (code, name, alpha3, alpha2, region, subregion) VALUES (250, 'France', 'FR', 'FRA', 'Europe', 'Western Europe');
INSERT INTO country (code, name, alpha3, alpha2, region, subregion) VALUES (254, 'French Guiana', 'GF', 'GUF', 'Americas', 'South America');
INSERT INTO country (code, name, alpha3, alpha2, region, subregion) VALUES (258, 'French Polynesia', 'PF', 'PYF', 'Oceania', 'Polynesia');
INSERT INTO country (code, name, alpha3, alpha2, region, subregion) VALUES (260, 'French Southern Territories', 'TF', 'ATF', NULL, NULL);
INSERT INTO country (code, name, alpha3, alpha2, region, subregion) VALUES (266, 'Gabon', 'GA', 'GAB', 'Africa', 'Middle Africa');
INSERT INTO country (code, name, alpha3, alpha2, region, subregion) VALUES (270, 'Gambia', 'GM', 'GMB', 'Africa', 'Western Africa');
INSERT INTO country (code, name, alpha3, alpha2, region, subregion) VALUES (268, 'Georgia', 'GE', 'GEO', 'Asia', 'Western Asia');
INSERT INTO country (code, name, alpha3, alpha2, region, subregion) VALUES (276, 'Germany', 'DE', 'DEU', 'Europe', 'Western Europe');
INSERT INTO country (code, name, alpha3, alpha2, region, subregion) VALUES (288, 'Ghana', 'GH', 'GHA', 'Africa', 'Western Africa');
INSERT INTO country (code, name, alpha3, alpha2, region, subregion) VALUES (292, 'Gibraltar', 'GI', 'GIB', 'Europe', 'Southern Europe');
INSERT INTO country (code, name, alpha3, alpha2, region, subregion) VALUES (300, 'Greece', 'GR', 'GRC', 'Europe', 'Southern Europe');
INSERT INTO country (code, name, alpha3, alpha2, region, subregion) VALUES (304, 'Greenland', 'GL', 'GRL', 'Americas', 'Northern America');
INSERT INTO country (code, name, alpha3, alpha2, region, subregion) VALUES (308, 'Grenada', 'GD', 'GRD', 'Americas', 'Caribbean');
INSERT INTO country (code, name, alpha3, alpha2, region, subregion) VALUES (312, 'Guadeloupe', 'GP', 'GLP', 'Americas', 'Caribbean');
INSERT INTO country (code, name, alpha3, alpha2, region, subregion) VALUES (316, 'Guam', 'GU', 'GUM', 'Oceania', 'Micronesia');
INSERT INTO country (code, name, alpha3, alpha2, region, subregion) VALUES (320, 'Guatemala', 'GT', 'GTM', 'Americas', 'Central America');
INSERT INTO country (code, name, alpha3, alpha2, region, subregion) VALUES (831, 'Guernsey', 'GG', 'GGY', 'Europe', 'Northern Europe');
INSERT INTO country (code, name, alpha3, alpha2, region, subregion) VALUES (324, 'Guinea', 'GN', 'GIN', 'Africa', 'Western Africa');
INSERT INTO country (code, name, alpha3, alpha2, region, subregion) VALUES (624, 'Guinea-Bissau', 'GW', 'GNB', 'Africa', 'Western Africa');
INSERT INTO country (code, name, alpha3, alpha2, region, subregion) VALUES (328, 'Guyana', 'GY', 'GUY', 'Americas', 'South America');
INSERT INTO country (code, name, alpha3, alpha2, region, subregion) VALUES (332, 'Haiti', 'HT', 'HTI', 'Americas', 'Caribbean');
INSERT INTO country (code, name, alpha3, alpha2, region, subregion) VALUES (334, 'Heard Island and McDonald Islands', 'HM', 'HMD', NULL, NULL);
INSERT INTO country (code, name, alpha3, alpha2, region, subregion) VALUES (336, 'Vatican City', 'VA', 'VAT', 'Europe', 'Southern Europe');
INSERT INTO country (code, name, alpha3, alpha2, region, subregion) VALUES (340, 'Honduras', 'HN', 'HND', 'Americas', 'Central America');
INSERT INTO country (code, name, alpha3, alpha2, region, subregion) VALUES (344, 'Hong Kong', 'HK', 'HKG', 'Asia', 'Eastern Asia');
INSERT INTO country (code, name, alpha3, alpha2, region, subregion) VALUES (348, 'Hungary', 'HU', 'HUN', 'Europe', 'Eastern Europe');
INSERT INTO country (code, name, alpha3, alpha2, region, subregion) VALUES (352, 'Iceland', 'IS', 'ISL', 'Europe', 'Northern Europe');
INSERT INTO country (code, name, alpha3, alpha2, region, subregion) VALUES (356, 'India', 'IN', 'IND', 'Asia', 'Southern Asia');
INSERT INTO country (code, name, alpha3, alpha2, region, subregion) VALUES (360, 'Indonesia', 'ID', 'IDN', 'Asia', 'South-Eastern,Asia');
INSERT INTO country (code, name, alpha3, alpha2, region, subregion) VALUES (364, 'Iran', 'IR', 'IRN', 'Asia', 'Southern Asia');
INSERT INTO country (code, name, alpha3, alpha2, region, subregion) VALUES (368, 'Iraq', 'IQ', 'IRQ', 'Asia', 'Western Asia');
INSERT INTO country (code, name, alpha3, alpha2, region, subregion) VALUES (372, 'Ireland', 'IE', 'IRL', 'Europe', 'Northern Europe');
INSERT INTO country (code, name, alpha3, alpha2, region, subregion) VALUES (833, 'Isle of Man', 'IM', 'IMN', 'Europe', 'Northern Europe');
INSERT INTO country (code, name, alpha3, alpha2, region, subregion) VALUES (376, 'Israel', 'IL', 'ISR', 'Asia', 'Western Asia');
INSERT INTO country (code, name, alpha3, alpha2, region, subregion) VALUES (380, 'Italy', 'IT', 'ITA', 'Europe', 'Southern Europe');
INSERT INTO country (code, name, alpha3, alpha2, region, subregion) VALUES (388, 'Jamaica', 'JM', 'JAM', 'Americas', 'Caribbean');
INSERT INTO country (code, name, alpha3, alpha2, region, subregion) VALUES (392, 'Japan', 'JP', 'JPN', 'Asia', 'Eastern Asia');
INSERT INTO country (code, name, alpha3, alpha2, region, subregion) VALUES (832, 'Jersey', 'JE', 'JEY', 'Europe', 'Northern Europe');
INSERT INTO country (code, name, alpha3, alpha2, region, subregion) VALUES (400, 'Jordan', 'JO', 'JOR', 'Asia', 'Western Asia');
INSERT INTO country (code, name, alpha3, alpha2, region, subregion) VALUES (398, 'Kazakhstan', 'KZ', 'KAZ', 'Asia', 'Central Asia');
INSERT INTO country (code, name, alpha3, alpha2, region, subregion) VALUES (404, 'Kenya', 'KE', 'KEN', 'Africa', 'Eastern Africa');
INSERT INTO country (code, name, alpha3, alpha2, region, subregion) VALUES (296, 'Kiribati', 'KI', 'KIR', 'Oceania', 'Micronesia');
INSERT INTO country (code, name, alpha3, alpha2, region, subregion) VALUES (414, 'Kuwait', 'KW', 'KWT', 'Asia', 'Western Asia');
INSERT INTO country (code, name, alpha3, alpha2, region, subregion) VALUES (417, 'Kyrgyzstan', 'KG', 'KGZ', 'Asia', 'Central Asia');
INSERT INTO country (code, name, alpha3, alpha2, region, subregion) VALUES (418, 'Laos', 'LA', 'LAO', 'Asia', 'South-Eastern,Asia');
INSERT INTO country (code, name, alpha3, alpha2, region, subregion) VALUES (428, 'Latvia', 'LV', 'LVA', 'Europe', 'Northern Europe');
INSERT INTO country (code, name, alpha3, alpha2, region, subregion) VALUES (422, 'Lebanon', 'LB', 'LBN', 'Asia', 'Western Asia');
INSERT INTO country (code, name, alpha3, alpha2, region, subregion) VALUES (426, 'Lesotho', 'LS', 'LSO', 'Africa', 'Southern Africa');
INSERT INTO country (code, name, alpha3, alpha2, region, subregion) VALUES (430, 'Liberia', 'LR', 'LBR', 'Africa', 'Western Africa');
INSERT INTO country (code, name, alpha3, alpha2, region, subregion) VALUES (434, 'Libya', 'LY', 'LBY', 'Africa', 'Northern Africa');
INSERT INTO country (code, name, alpha3, alpha2, region, subregion) VALUES (438, 'Liechtenstein', 'LI', 'LIE', 'Europe', 'Western Europe');
INSERT INTO country (code, name, alpha3, alpha2, region, subregion) VALUES (440, 'Lithuania', 'LT', 'LTU', 'Europe', 'Northern Europe');
INSERT INTO country (code, name, alpha3, alpha2, region, subregion) VALUES (442, 'Luxembourg', 'LU', 'LUX', 'Europe', 'Western Europe');
INSERT INTO country (code, name, alpha3, alpha2, region, subregion) VALUES (446, 'Macao', 'MO', 'MAC', 'Asia', 'Eastern Asia');
INSERT INTO country (code, name, alpha3, alpha2, region, subregion) VALUES (807, 'Macedonia', 'MK', 'MKD', 'Europe', 'Southern Europe');
INSERT INTO country (code, name, alpha3, alpha2, region, subregion) VALUES (450, 'Madagascar', 'MG', 'MDG', 'Africa', 'Eastern Africa');
INSERT INTO country (code, name, alpha3, alpha2, region, subregion) VALUES (454, 'Malawi', 'MW', 'MWI', 'Africa', 'Eastern Africa');
INSERT INTO country (code, name, alpha3, alpha2, region, subregion) VALUES (458, 'Malaysia', 'MY', 'MYS', 'Asia', 'South-Eastern,Asia');
INSERT INTO country (code, name, alpha3, alpha2, region, subregion) VALUES (462, 'Maldives', 'MV', 'MDV', 'Asia', 'Southern Asia');
INSERT INTO country (code, name, alpha3, alpha2, region, subregion) VALUES (466, 'Mali', 'ML', 'MLI', 'Africa', 'Western Africa');
INSERT INTO country (code, name, alpha3, alpha2, region, subregion) VALUES (470, 'Malta', 'MT', 'MLT', 'Europe', 'Southern Europe');
INSERT INTO country (code, name, alpha3, alpha2, region, subregion) VALUES (584, 'Marshall Islands', 'MH', 'MHL', 'Oceania', 'Micronesia');
INSERT INTO country (code, name, alpha3, alpha2, region, subregion) VALUES (474, 'Martinique', 'MQ', 'MTQ', 'Americas', 'Caribbean');
INSERT INTO country (code, name, alpha3, alpha2, region, subregion) VALUES (478, 'Mauritania', 'MR', 'MRT', 'Africa', 'Western Africa');
INSERT INTO country (code, name, alpha3, alpha2, region, subregion) VALUES (480, 'Mauritius', 'MU', 'MUS', 'Africa', 'Eastern Africa');
INSERT INTO country (code, name, alpha3, alpha2, region, subregion) VALUES (175, 'Mayotte', 'YT', 'MYT', 'Africa', 'Eastern Africa');
INSERT INTO country (code, name, alpha3, alpha2, region, subregion) VALUES (484, 'Mexico', 'MX', 'MEX', 'Americas', 'Central America');
INSERT INTO country (code, name, alpha3, alpha2, region, subregion) VALUES (583, 'Micronesia', 'FM', 'FSM', 'Oceania', 'Micronesia');
INSERT INTO country (code, name, alpha3, alpha2, region, subregion) VALUES (498, 'Moldova', 'MD', 'MDA', 'Europe', 'Eastern Europe');
INSERT INTO country (code, name, alpha3, alpha2, region, subregion) VALUES (492, 'Monaco', 'MC', 'MCO', 'Europe', 'Western Europe');
INSERT INTO country (code, name, alpha3, alpha2, region, subregion) VALUES (496, 'Mongolia', 'MN', 'MNG', 'Asia', 'Eastern Asia');
INSERT INTO country (code, name, alpha3, alpha2, region, subregion) VALUES (499, 'Montenegro', 'ME', 'MNE', 'Europe', 'Southern Europe');
INSERT INTO country (code, name, alpha3, alpha2, region, subregion) VALUES (500, 'Montserrat', 'MS', 'MSR', 'Americas', 'Caribbean');
INSERT INTO country (code, name, alpha3, alpha2, region, subregion) VALUES (504, 'Morocco', 'MA', 'MAR', 'Africa', 'Northern Africa');
INSERT INTO country (code, name, alpha3, alpha2, region, subregion) VALUES (508, 'Mozambique', 'MZ', 'MOZ', 'Africa', 'Eastern Africa');
INSERT INTO country (code, name, alpha3, alpha2, region, subregion) VALUES (104, 'Myanmar (Burma)', 'MM', 'MMR', 'Asia', 'South-Eastern,Asia');
INSERT INTO country (code, name, alpha3, alpha2, region, subregion) VALUES (516, 'Namibia', 'NA', 'NAM', 'Africa', 'Southern Africa');
INSERT INTO country (code, name, alpha3, alpha2, region, subregion) VALUES (520, 'Nauru', 'NR', 'NRU', 'Oceania', 'Micronesia');
INSERT INTO country (code, name, alpha3, alpha2, region, subregion) VALUES (524, 'Nepal', 'NP', 'NPL', 'Asia', 'Southern Asia');
INSERT INTO country (code, name, alpha3, alpha2, region, subregion) VALUES (528, 'Netherlands', 'NL', 'NLD', 'Europe', 'Western Europe');
INSERT INTO country (code, name, alpha3, alpha2, region, subregion) VALUES (540, 'New Caledonia', 'NC', 'NCL', 'Oceania', 'Melanesia');
INSERT INTO country (code, name, alpha3, alpha2, region, subregion) VALUES (554, 'New Zealand', 'NZ', 'NZL', 'Oceania', 'Australia,New Zealand');
INSERT INTO country (code, name, alpha3, alpha2, region, subregion) VALUES (558, 'Nicaragua', 'NI', 'NIC', 'Americas', 'Central America');
INSERT INTO country (code, name, alpha3, alpha2, region, subregion) VALUES (562, 'Niger', 'NE', 'NER', 'Africa', 'Western Africa');
INSERT INTO country (code, name, alpha3, alpha2, region, subregion) VALUES (566, 'Nigeria', 'NG', 'NGA', 'Africa', 'Western Africa');
INSERT INTO country (code, name, alpha3, alpha2, region, subregion) VALUES (570, 'Niue', 'NU', 'NIU', 'Oceania', 'Polynesia');
INSERT INTO country (code, name, alpha3, alpha2, region, subregion) VALUES (574, 'Norfolk Island', 'NF', 'NFK', 'Oceania', 'Australia,New Zealand');
INSERT INTO country (code, name, alpha3, alpha2, region, subregion) VALUES (408, 'North Korea', 'KP', 'PRK', 'Asia', 'Eastern Asia');
INSERT INTO country (code, name, alpha3, alpha2, region, subregion) VALUES (580, 'Northern Mariana Islands', 'MP', 'MNP', 'Oceania', 'Micronesia');
INSERT INTO country (code, name, alpha3, alpha2, region, subregion) VALUES (578, 'Norway', 'NO', 'NOR', 'Europe', 'Northern Europe');
INSERT INTO country (code, name, alpha3, alpha2, region, subregion) VALUES (512, 'Oman', 'OM', 'OMN', 'Asia', 'Western Asia');
INSERT INTO country (code, name, alpha3, alpha2, region, subregion) VALUES (586, 'Pakistan', 'PK', 'PAK', 'Asia', 'Southern Asia');
INSERT INTO country (code, name, alpha3, alpha2, region, subregion) VALUES (585, 'Palau', 'PW', 'PLW', 'Oceania', 'Micronesia');
INSERT INTO country (code, name, alpha3, alpha2, region, subregion) VALUES (275, 'Palestinian Territory', 'PS', 'PSE', 'Asia', 'Western Asia');
INSERT INTO country (code, name, alpha3, alpha2, region, subregion) VALUES (591, 'Panama', 'PA', 'PAN', 'Americas', 'Central America');
INSERT INTO country (code, name, alpha3, alpha2, region, subregion) VALUES (598, 'Papua New Guinea', 'PG', 'PNG', 'Oceania', 'Melanesia');
INSERT INTO country (code, name, alpha3, alpha2, region, subregion) VALUES (600, 'Paraguay', 'PY', 'PRY', 'Americas', 'South America');
INSERT INTO country (code, name, alpha3, alpha2, region, subregion) VALUES (604, 'Peru', 'PE', 'PER', 'Americas', 'South America');
INSERT INTO country (code, name, alpha3, alpha2, region, subregion) VALUES (608, 'Philippines', 'PH', 'PHL', 'Asia', 'South-Eastern,Asia');
INSERT INTO country (code, name, alpha3, alpha2, region, subregion) VALUES (612, 'Pitcairn', 'PN', 'PCN', 'Oceania', 'Polynesia');
INSERT INTO country (code, name, alpha3, alpha2, region, subregion) VALUES (616, 'Poland', 'PL', 'POL', 'Europe', 'Eastern Europe');
INSERT INTO country (code, name, alpha3, alpha2, region, subregion) VALUES (620, 'Portugal', 'PT', 'PRT', 'Europe', 'Southern Europe');
INSERT INTO country (code, name, alpha3, alpha2, region, subregion) VALUES (630, 'Puerto Rico', 'PR', 'PRI', 'Americas', 'Caribbean');
INSERT INTO country (code, name, alpha3, alpha2, region, subregion) VALUES (634, 'Qatar', 'QA', 'QAT', 'Asia', 'Western Asia');
INSERT INTO country (code, name, alpha3, alpha2, region, subregion) VALUES (638, 'Réunion', 'RE', 'REU', 'Africa', 'Eastern Africa');
INSERT INTO country (code, name, alpha3, alpha2, region, subregion) VALUES (642, 'Romania', 'RO', 'ROU', 'Europe', 'Eastern Europe');
INSERT INTO country (code, name, alpha3, alpha2, region, subregion) VALUES (643, 'Russian Federation', 'RU', 'RUS', 'Europe', 'Eastern Europe');
INSERT INTO country (code, name, alpha3, alpha2, region, subregion) VALUES (646, 'Rwanda', 'RW', 'RWA', 'Africa', 'Eastern Africa');
INSERT INTO country (code, name, alpha3, alpha2, region, subregion) VALUES (652, 'Saint Barthélemy', 'BL', 'BLM', 'Americas', 'Caribbean');
INSERT INTO country (code, name, alpha3, alpha2, region, subregion) VALUES (654, 'Saint Helena', 'SH', 'SHN', 'Africa', 'Western Africa');
INSERT INTO country (code, name, alpha3, alpha2, region, subregion) VALUES (659, 'Saint Kitts and Nevis', 'KN', 'KNA', 'Americas', 'Caribbean');
INSERT INTO country (code, name, alpha3, alpha2, region, subregion) VALUES (662, 'Saint Lucia', 'LC', 'LCA', 'Americas', 'Caribbean');
INSERT INTO country (code, name, alpha3, alpha2, region, subregion) VALUES (663, 'Saint Martin', 'MF', 'MAF', 'Americas', 'Caribbean');
INSERT INTO country (code, name, alpha3, alpha2, region, subregion) VALUES (666, 'Saint Pierre and Miquelon', 'PM', 'SPM', 'Americas', 'Northern America');
INSERT INTO country (code, name, alpha3, alpha2, region, subregion) VALUES (670, 'Saint Vincent and the Grenadines', 'VC', 'VCT', 'Americas', 'Caribbean');
INSERT INTO country (code, name, alpha3, alpha2, region, subregion) VALUES (882, 'Samoa', 'WS', 'WSM', 'Oceania', 'Polynesia');
INSERT INTO country (code, name, alpha3, alpha2, region, subregion) VALUES (674, 'San Marino', 'SM', 'SMR', 'Europe', 'Southern Europe');
INSERT INTO country (code, name, alpha3, alpha2, region, subregion) VALUES (678, 'São Tomé and Príncipe', 'ST', 'STP', 'Africa', 'Middle Africa');
INSERT INTO country (code, name, alpha3, alpha2, region, subregion) VALUES (682, 'Saudi Arabia', 'SA', 'SAU', 'Asia', 'Western Asia');
INSERT INTO country (code, name, alpha3, alpha2, region, subregion) VALUES (686, 'Senegal', 'SN', 'SEN', 'Africa', 'Western Africa');
INSERT INTO country (code, name, alpha3, alpha2, region, subregion) VALUES (688, 'Serbia', 'RS', 'SRB', 'Europe', 'Southern Europe');
INSERT INTO country (code, name, alpha3, alpha2, region, subregion) VALUES (690, 'Seychelles', 'SC', 'SYC', 'Africa', 'Eastern Africa');
INSERT INTO country (code, name, alpha3, alpha2, region, subregion) VALUES (694, 'Sierra Leone', 'SL', 'SLE', 'Africa', 'Western Africa');
INSERT INTO country (code, name, alpha3, alpha2, region, subregion) VALUES (702, 'Singapore', 'SG', 'SGP', 'Asia', 'South-Eastern,Asia');
INSERT INTO country (code, name, alpha3, alpha2, region, subregion) VALUES (534, 'Sint Maarten', 'SX', 'SXM', NULL, NULL);
INSERT INTO country (code, name, alpha3, alpha2, region, subregion) VALUES (703, 'Slovakia', 'SK', 'SVK', 'Europe', 'Eastern Europe');
INSERT INTO country (code, name, alpha3, alpha2, region, subregion) VALUES (705, 'Slovenia', 'SI', 'SVN', 'Europe', 'Southern Europe');
INSERT INTO country (code, name, alpha3, alpha2, region, subregion) VALUES (90, 'Solomon Islands', 'SB', 'SLB', 'Oceania', 'Melanesia');
INSERT INTO country (code, name, alpha3, alpha2, region, subregion) VALUES (706, 'Somalia', 'SO', 'SOM', 'Africa', 'Eastern Africa');
INSERT INTO country (code, name, alpha3, alpha2, region, subregion) VALUES (710, 'South Africa', 'ZA', 'ZAF', 'Africa', 'Southern Africa');
INSERT INTO country (code, name, alpha3, alpha2, region, subregion) VALUES (239, 'South Georgia', 'GS', 'SGS', 'Americas', 'South America');
INSERT INTO country (code, name, alpha3, alpha2, region, subregion) VALUES (410, 'South Korea', 'KR', 'KOR', 'Asia', 'Eastern Asia');
INSERT INTO country (code, name, alpha3, alpha2, region, subregion) VALUES (728, 'South Sudan', 'SS', 'SSD', NULL, NULL);
INSERT INTO country (code, name, alpha3, alpha2, region, subregion) VALUES (724, 'Spain', 'ES', 'ESP', 'Europe', 'Southern Europe');
INSERT INTO country (code, name, alpha3, alpha2, region, subregion) VALUES (144, 'Sri Lanka', 'LK', 'LKA', 'Asia', 'Southern Asia');
INSERT INTO country (code, name, alpha3, alpha2, region, subregion) VALUES (729, 'Sudan', 'SD', 'SDN', 'Africa', 'Northern Africa');
INSERT INTO country (code, name, alpha3, alpha2, region, subregion) VALUES (740, 'Suriname', 'SR', 'SUR', 'Americas', 'South America');
INSERT INTO country (code, name, alpha3, alpha2, region, subregion) VALUES (744, 'Svalbard and Jan Mayen', 'SJ', 'SJM', 'Europe', 'Northern Europe');
INSERT INTO country (code, name, alpha3, alpha2, region, subregion) VALUES (748, 'Swaziland', 'SZ', 'SWZ', 'Africa', 'Southern Africa');
INSERT INTO country (code, name, alpha3, alpha2, region, subregion) VALUES (752, 'Sweden', 'SE', 'SWE', 'Europe', 'Northern Europe');
INSERT INTO country (code, name, alpha3, alpha2, region, subregion) VALUES (756, 'Switzerland', 'CH', 'CHE', 'Europe', 'Western Europe');
INSERT INTO country (code, name, alpha3, alpha2, region, subregion) VALUES (760, 'Syrian Arab Republic', 'SY', 'SYR', 'Asia', 'Western Asia');
INSERT INTO country (code, name, alpha3, alpha2, region, subregion) VALUES (158, 'Taiwan, Province of China', 'TW', 'TWN', 'Asia', 'Eastern Asia');
INSERT INTO country (code, name, alpha3, alpha2, region, subregion) VALUES (762, 'Tajikistan', 'TJ', 'TJK', 'Asia', 'Central Asia');
INSERT INTO country (code, name, alpha3, alpha2, region, subregion) VALUES (834, 'Tanzania', 'TZ', 'TZA', 'Africa', 'Eastern Africa');
INSERT INTO country (code, name, alpha3, alpha2, region, subregion) VALUES (764, 'Thailand', 'TH', 'THA', 'Asia', 'South-Eastern,Asia');
INSERT INTO country (code, name, alpha3, alpha2, region, subregion) VALUES (626, 'Timor-Leste', 'TL', 'TLS', 'Asia', 'South-Eastern,Asia');
INSERT INTO country (code, name, alpha3, alpha2, region, subregion) VALUES (768, 'Togo', 'TG', 'TGO', 'Africa', 'Western Africa');
INSERT INTO country (code, name, alpha3, alpha2, region, subregion) VALUES (772, 'Tokelau', 'TK', 'TKL', 'Oceania', 'Polynesia');
INSERT INTO country (code, name, alpha3, alpha2, region, subregion) VALUES (776, 'Tonga', 'TO', 'TON', 'Oceania', 'Polynesia');
INSERT INTO country (code, name, alpha3, alpha2, region, subregion) VALUES (780, 'Trinidad and Tobago', 'TT', 'TTO', 'Americas', 'Caribbean');
INSERT INTO country (code, name, alpha3, alpha2, region, subregion) VALUES (788, 'Tunisia', 'TN', 'TUN', 'Africa', 'Northern Africa');
INSERT INTO country (code, name, alpha3, alpha2, region, subregion) VALUES (792, 'Turkey', 'TR', 'TUR', 'Asia', 'Western Asia');
INSERT INTO country (code, name, alpha3, alpha2, region, subregion) VALUES (795, 'Turkmenistan', 'TM', 'TKM', 'Asia', 'Central Asia');
INSERT INTO country (code, name, alpha3, alpha2, region, subregion) VALUES (796, 'Turks and Caicos Islands', 'TC', 'TCA', 'Americas', 'Caribbean');
INSERT INTO country (code, name, alpha3, alpha2, region, subregion) VALUES (798, 'Tuvalu', 'TV', 'TUV', 'Oceania', 'Polynesia');
INSERT INTO country (code, name, alpha3, alpha2, region, subregion) VALUES (800, 'Uganda', 'UG', 'UGA', 'Africa', 'Eastern Africa');
INSERT INTO country (code, name, alpha3, alpha2, region, subregion) VALUES (804, 'Ukraine', 'UA', 'UKR', 'Europe', 'Eastern Europe');
INSERT INTO country (code, name, alpha3, alpha2, region, subregion) VALUES (784, 'United Arab Emirates', 'AE', 'ARE', 'Asia', 'Western Asia');
INSERT INTO country (code, name, alpha3, alpha2, region, subregion) VALUES (826, 'United Kingdom', 'GB', 'GBR', 'Europe', 'Northern Europe');
INSERT INTO country (code, name, alpha3, alpha2, region, subregion) VALUES (840, 'United States', 'US', 'USA', 'Americas', 'Northern America');
INSERT INTO country (code, name, alpha3, alpha2, region, subregion) VALUES (581, 'United States Minor Outlying Islands', 'UM', 'UMI', 'Americas', 'Northern America');
INSERT INTO country (code, name, alpha3, alpha2, region, subregion) VALUES (858, 'Uruguay', 'UY', 'URY', 'Americas', 'South America');
INSERT INTO country (code, name, alpha3, alpha2, region, subregion) VALUES (860, 'Uzbekistan', 'UZ', 'UZB', 'Asia', 'Central Asia');
INSERT INTO country (code, name, alpha3, alpha2, region, subregion) VALUES (548, 'Vanuatu', 'VU', 'VUT', 'Oceania', 'Melanesia');
INSERT INTO country (code, name, alpha3, alpha2, region, subregion) VALUES (862, 'Venezuela', 'VE', 'VEN', 'Americas', 'South America');
INSERT INTO country (code, name, alpha3, alpha2, region, subregion) VALUES (704, 'Viet Nam', 'VN', 'VNM', 'Asia', 'South-Eastern,Asia');
INSERT INTO country (code, name, alpha3, alpha2, region, subregion) VALUES (92, 'Virgin Islands (British)', 'VG', 'VGB', 'Americas', 'Caribbean');
INSERT INTO country (code, name, alpha3, alpha2, region, subregion) VALUES (850, 'Virgin Islands (U.S.)', 'VI', 'VIR', 'Americas', 'Caribbean');
INSERT INTO country (code, name, alpha3, alpha2, region, subregion) VALUES (876, 'Wallis and Futuna', 'WF', 'WLF', 'Oceania', 'Polynesia');
INSERT INTO country (code, name, alpha3, alpha2, region, subregion) VALUES (732, 'Western Sahara', 'EH', 'ESH', 'Africa', 'Northern Africa');
INSERT INTO country (code, name, alpha3, alpha2, region, subregion) VALUES (887, 'Yemen', 'YE', 'YEM', 'Asia', 'Western Asia');
INSERT INTO country (code, name, alpha3, alpha2, region, subregion) VALUES (894, 'Zambia', 'ZM', 'ZMB', 'Africa', 'Eastern Africa');
INSERT INTO country (code, name, alpha3, alpha2, region, subregion) VALUES (716, 'Zimbabwe', 'ZW', 'ZWE', 'Africa', 'Eastern Africa');
